[
  {
    "name": "Application Start",
    "start": 1547025722941,
    "end": 1547025724777,
    "duration": 1836,
    "pid": 8552,
    "index": 0
  },
  {
    "name": "Load Plugin",
    "start": 1547025722944,
    "end": 1547025722957,
    "duration": 13,
    "pid": 8552,
    "index": 1
  },
  {
    "name": "Load Config",
    "start": 1547025722957,
    "end": 1547025722969,
    "duration": 12,
    "pid": 8552,
    "index": 2
  },
  {
    "name": "Require(0) config/config.default.ts",
    "start": 1547025722958,
    "end": 1547025722958,
    "duration": 0,
    "pid": 8552,
    "index": 3
  },
  {
    "name": "Require(1) config/config.local.ts",
    "start": 1547025722959,
    "end": 1547025722959,
    "duration": 0,
    "pid": 8552,
    "index": 4
  },
  {
    "name": "Require(2) node_modules/.3.1.0@egg-session/config/config.default.js",
    "start": 1547025722960,
    "end": 1547025722960,
    "duration": 0,
    "pid": 8552,
    "index": 5
  },
  {
    "name": "Require(3) node_modules/.2.4.2@egg-security/config/config.default.js",
    "start": 1547025722960,
    "end": 1547025722960,
    "duration": 0,
    "pid": 8552,
    "index": 6
  },
  {
    "name": "Require(4) node_modules/.2.0.0@egg-jsonp/config/config.default.js",
    "start": 1547025722961,
    "end": 1547025722961,
    "duration": 0,
    "pid": 8552,
    "index": 7
  },
  {
    "name": "Require(5) node_modules/.2.1.0@egg-onerror/config/config.default.js",
    "start": 1547025722961,
    "end": 1547025722961,
    "duration": 0,
    "pid": 8552,
    "index": 8
  },
  {
    "name": "Require(6) node_modules/.2.0.0@egg-i18n/config/config.default.js",
    "start": 1547025722962,
    "end": 1547025722962,
    "duration": 0,
    "pid": 8552,
    "index": 9
  },
  {
    "name": "Require(7) node_modules/.3.1.0@egg-watcher/config/config.default.js",
    "start": 1547025722962,
    "end": 1547025722962,
    "duration": 0,
    "pid": 8552,
    "index": 10
  },
  {
    "name": "Require(8) node_modules/.3.6.0@egg-schedule/config/config.default.js",
    "start": 1547025722963,
    "end": 1547025722963,
    "duration": 0,
    "pid": 8552,
    "index": 11
  },
  {
    "name": "Require(9) node_modules/.2.4.0@egg-multipart/config/config.default.js",
    "start": 1547025722963,
    "end": 1547025722963,
    "duration": 0,
    "pid": 8552,
    "index": 12
  },
  {
    "name": "Require(10) node_modules/.2.4.1@egg-development/config/config.default.js",
    "start": 1547025722964,
    "end": 1547025722964,
    "duration": 0,
    "pid": 8552,
    "index": 13
  },
  {
    "name": "Require(11) node_modules/.3.0.5@egg-logrotator/config/config.default.js",
    "start": 1547025722964,
    "end": 1547025722965,
    "duration": 1,
    "pid": 8552,
    "index": 14
  },
  {
    "name": "Require(12) node_modules/.2.1.1@egg-static/config/config.default.js",
    "start": 1547025722965,
    "end": 1547025722965,
    "duration": 0,
    "pid": 8552,
    "index": 15
  },
  {
    "name": "Require(13) node_modules/.2.1.1@egg-view/config/config.default.js",
    "start": 1547025722965,
    "end": 1547025722965,
    "duration": 0,
    "pid": 8552,
    "index": 16
  },
  {
    "name": "Require(14) node_modules/.2.14.2@egg/config/config.default.js",
    "start": 1547025722966,
    "end": 1547025722966,
    "duration": 0,
    "pid": 8552,
    "index": 17
  },
  {
    "name": "Require(15) config/config.default.ts",
    "start": 1547025722967,
    "end": 1547025722967,
    "duration": 0,
    "pid": 8552,
    "index": 18
  },
  {
    "name": "Require(16) node_modules/.2.4.2@egg-security/config/config.local.js",
    "start": 1547025722967,
    "end": 1547025722968,
    "duration": 1,
    "pid": 8552,
    "index": 19
  },
  {
    "name": "Require(17) node_modules/.3.1.0@egg-watcher/config/config.local.js",
    "start": 1547025722968,
    "end": 1547025722968,
    "duration": 0,
    "pid": 8552,
    "index": 20
  },
  {
    "name": "Require(18) node_modules/.2.1.1@egg-view/config/config.local.js",
    "start": 1547025722969,
    "end": 1547025722969,
    "duration": 0,
    "pid": 8552,
    "index": 21
  },
  {
    "name": "Require(19) node_modules/.2.14.2@egg/config/config.local.js",
    "start": 1547025722969,
    "end": 1547025722969,
    "duration": 0,
    "pid": 8552,
    "index": 22
  },
  {
    "name": "Require(20) config/config.local.ts",
    "start": 1547025722969,
    "end": 1547025722969,
    "duration": 0,
    "pid": 8552,
    "index": 23
  },
  {
    "name": "Load extend/application.js",
    "start": 1547025722970,
    "end": 1547025722979,
    "duration": 9,
    "pid": 8552,
    "index": 24
  },
  {
    "name": "Require(21) node_modules/.3.1.0@egg-session/app/extend/application.js",
    "start": 1547025722971,
    "end": 1547025722971,
    "duration": 0,
    "pid": 8552,
    "index": 25
  },
  {
    "name": "Require(22) node_modules/.2.4.2@egg-security/app/extend/application.js",
    "start": 1547025722971,
    "end": 1547025722972,
    "duration": 1,
    "pid": 8552,
    "index": 26
  },
  {
    "name": "Require(23) node_modules/.2.0.0@egg-jsonp/app/extend/application.js",
    "start": 1547025722972,
    "end": 1547025722973,
    "duration": 1,
    "pid": 8552,
    "index": 27
  },
  {
    "name": "Require(24) node_modules/.3.0.5@egg-logrotator/app/extend/application.js",
    "start": 1547025722974,
    "end": 1547025722976,
    "duration": 2,
    "pid": 8552,
    "index": 28
  },
  {
    "name": "Require(25) node_modules/.2.1.1@egg-view/app/extend/application.js",
    "start": 1547025722976,
    "end": 1547025722977,
    "duration": 1,
    "pid": 8552,
    "index": 29
  },
  {
    "name": "Load extend/request.js",
    "start": 1547025722979,
    "end": 1547025722984,
    "duration": 5,
    "pid": 8552,
    "index": 30
  },
  {
    "name": "Require(26) node_modules/.2.14.2@egg/app/extend/request.js",
    "start": 1547025722981,
    "end": 1547025722982,
    "duration": 1,
    "pid": 8552,
    "index": 31
  },
  {
    "name": "Load extend/response.js",
    "start": 1547025722984,
    "end": 1547025722988,
    "duration": 4,
    "pid": 8552,
    "index": 32
  },
  {
    "name": "Require(27) node_modules/.2.14.2@egg/app/extend/response.js",
    "start": 1547025722985,
    "end": 1547025722987,
    "duration": 2,
    "pid": 8552,
    "index": 33
  },
  {
    "name": "Load extend/context.js",
    "start": 1547025722988,
    "end": 1547025723045,
    "duration": 57,
    "pid": 8552,
    "index": 34
  },
  {
    "name": "Require(28) node_modules/.2.4.2@egg-security/app/extend/context.js",
    "start": 1547025722989,
    "end": 1547025722998,
    "duration": 9,
    "pid": 8552,
    "index": 35
  },
  {
    "name": "Require(29) node_modules/.2.0.0@egg-jsonp/app/extend/context.js",
    "start": 1547025722998,
    "end": 1547025722999,
    "duration": 1,
    "pid": 8552,
    "index": 36
  },
  {
    "name": "Require(30) node_modules/.2.0.0@egg-i18n/app/extend/context.js",
    "start": 1547025723000,
    "end": 1547025723000,
    "duration": 0,
    "pid": 8552,
    "index": 37
  },
  {
    "name": "Require(31) node_modules/.2.4.0@egg-multipart/app/extend/context.js",
    "start": 1547025723000,
    "end": 1547025723041,
    "duration": 41,
    "pid": 8552,
    "index": 38
  },
  {
    "name": "Require(32) node_modules/.2.1.1@egg-view/app/extend/context.js",
    "start": 1547025723041,
    "end": 1547025723042,
    "duration": 1,
    "pid": 8552,
    "index": 39
  },
  {
    "name": "Require(33) node_modules/.2.14.2@egg/app/extend/context.js",
    "start": 1547025723042,
    "end": 1547025723043,
    "duration": 1,
    "pid": 8552,
    "index": 40
  },
  {
    "name": "Load extend/helper.js",
    "start": 1547025723045,
    "end": 1547025723060,
    "duration": 15,
    "pid": 8552,
    "index": 41
  },
  {
    "name": "Require(34) node_modules/.2.4.2@egg-security/app/extend/helper.js",
    "start": 1547025723045,
    "end": 1547025723057,
    "duration": 12,
    "pid": 8552,
    "index": 42
  },
  {
    "name": "Require(35) node_modules/.2.14.2@egg/app/extend/helper.js",
    "start": 1547025723058,
    "end": 1547025723058,
    "duration": 0,
    "pid": 8552,
    "index": 43
  },
  {
    "name": "Load app.js",
    "start": 1547025723060,
    "end": 1547025723084,
    "duration": 24,
    "pid": 8552,
    "index": 44
  },
  {
    "name": "Require(36) node_modules/.3.1.0@egg-session/app.js",
    "start": 1547025723060,
    "end": 1547025723060,
    "duration": 0,
    "pid": 8552,
    "index": 45
  },
  {
    "name": "Require(37) node_modules/.2.4.2@egg-security/app.js",
    "start": 1547025723060,
    "end": 1547025723062,
    "duration": 2,
    "pid": 8552,
    "index": 46
  },
  {
    "name": "Require(38) node_modules/.2.1.0@egg-onerror/app.js",
    "start": 1547025723062,
    "end": 1547025723070,
    "duration": 8,
    "pid": 8552,
    "index": 47
  },
  {
    "name": "Require(39) node_modules/.2.0.0@egg-i18n/app.js",
    "start": 1547025723070,
    "end": 1547025723075,
    "duration": 5,
    "pid": 8552,
    "index": 48
  },
  {
    "name": "Require(40) node_modules/.3.1.0@egg-watcher/app.js",
    "start": 1547025723075,
    "end": 1547025723078,
    "duration": 3,
    "pid": 8552,
    "index": 49
  },
  {
    "name": "Require(41) node_modules/.3.6.0@egg-schedule/app.js",
    "start": 1547025723078,
    "end": 1547025723080,
    "duration": 2,
    "pid": 8552,
    "index": 50
  },
  {
    "name": "Require(42) node_modules/.2.4.0@egg-multipart/app.js",
    "start": 1547025723080,
    "end": 1547025723082,
    "duration": 2,
    "pid": 8552,
    "index": 51
  },
  {
    "name": "Require(43) node_modules/.2.4.1@egg-development/app.js",
    "start": 1547025723082,
    "end": 1547025723083,
    "duration": 1,
    "pid": 8552,
    "index": 52
  },
  {
    "name": "Require(44) node_modules/.3.0.5@egg-logrotator/app.js",
    "start": 1547025723083,
    "end": 1547025723083,
    "duration": 0,
    "pid": 8552,
    "index": 53
  },
  {
    "name": "Require(45) node_modules/.2.1.1@egg-static/app.js",
    "start": 1547025723083,
    "end": 1547025723083,
    "duration": 0,
    "pid": 8552,
    "index": 54
  },
  {
    "name": "Before Start in node_modules/.3.1.0@egg-watcher/lib/init.js:15:14",
    "start": 1547025723093,
    "end": 1547025724776,
    "duration": 1683,
    "pid": 8552,
    "index": 55
  },
  {
    "name": "Load Service",
    "start": 1547025723125,
    "end": 1547025723129,
    "duration": 4,
    "pid": 8552,
    "index": 56
  },
  {
    "name": "Load \"service\" to Context",
    "start": 1547025723125,
    "end": 1547025723129,
    "duration": 4,
    "pid": 8552,
    "index": 57
  },
  {
    "name": "Load Middleware",
    "start": 1547025723129,
    "end": 1547025723205,
    "duration": 76,
    "pid": 8552,
    "index": 58
  },
  {
    "name": "Load \"middlewares\" to Application",
    "start": 1547025723129,
    "end": 1547025723196,
    "duration": 67,
    "pid": 8552,
    "index": 59
  },
  {
    "name": "Load Controller",
    "start": 1547025723205,
    "end": 1547025724688,
    "duration": 1483,
    "pid": 8552,
    "index": 60
  },
  {
    "name": "Load \"controller\" to Application",
    "start": 1547025723205,
    "end": 1547025724688,
    "duration": 1483,
    "pid": 8552,
    "index": 61
  },
  {
    "name": "Load Router",
    "start": 1547025724688,
    "end": 1547025724691,
    "duration": 3,
    "pid": 8552,
    "index": 62
  },
  {
    "name": "Require(46) app/router.ts",
    "start": 1547025724688,
    "end": 1547025724688,
    "duration": 0,
    "pid": 8552,
    "index": 63
  },
  {
    "name": "Before Start in node_modules/.4.13.0@egg-core/lib/egg.js:287:10",
    "start": 1547025724688,
    "end": 1547025724699,
    "duration": 11,
    "pid": 8552,
    "index": 64
  }
]