[
  {
    "name": "Application Start",
    "start": 1547029595638,
    "end": 1547029597632,
    "duration": 1994,
    "pid": 15052,
    "index": 0
  },
  {
    "name": "Load Plugin",
    "start": 1547029595641,
    "end": 1547029595654,
    "duration": 13,
    "pid": 15052,
    "index": 1
  },
  {
    "name": "Load Config",
    "start": 1547029595654,
    "end": 1547029595667,
    "duration": 13,
    "pid": 15052,
    "index": 2
  },
  {
    "name": "Require(0) config/config.default.ts",
    "start": 1547029595654,
    "end": 1547029595655,
    "duration": 1,
    "pid": 15052,
    "index": 3
  },
  {
    "name": "Require(1) config/config.local.ts",
    "start": 1547029595655,
    "end": 1547029595656,
    "duration": 1,
    "pid": 15052,
    "index": 4
  },
  {
    "name": "Require(2) node_modules/.3.1.0@egg-session/config/config.default.js",
    "start": 1547029595656,
    "end": 1547029595657,
    "duration": 1,
    "pid": 15052,
    "index": 5
  },
  {
    "name": "Require(3) node_modules/.2.4.2@egg-security/config/config.default.js",
    "start": 1547029595657,
    "end": 1547029595657,
    "duration": 0,
    "pid": 15052,
    "index": 6
  },
  {
    "name": "Require(4) node_modules/.2.0.0@egg-jsonp/config/config.default.js",
    "start": 1547029595658,
    "end": 1547029595658,
    "duration": 0,
    "pid": 15052,
    "index": 7
  },
  {
    "name": "Require(5) node_modules/.2.1.0@egg-onerror/config/config.default.js",
    "start": 1547029595659,
    "end": 1547029595659,
    "duration": 0,
    "pid": 15052,
    "index": 8
  },
  {
    "name": "Require(6) node_modules/.2.0.0@egg-i18n/config/config.default.js",
    "start": 1547029595659,
    "end": 1547029595659,
    "duration": 0,
    "pid": 15052,
    "index": 9
  },
  {
    "name": "Require(7) node_modules/.3.1.0@egg-watcher/config/config.default.js",
    "start": 1547029595660,
    "end": 1547029595660,
    "duration": 0,
    "pid": 15052,
    "index": 10
  },
  {
    "name": "Require(8) node_modules/.3.6.0@egg-schedule/config/config.default.js",
    "start": 1547029595660,
    "end": 1547029595660,
    "duration": 0,
    "pid": 15052,
    "index": 11
  },
  {
    "name": "Require(9) node_modules/.2.4.0@egg-multipart/config/config.default.js",
    "start": 1547029595661,
    "end": 1547029595661,
    "duration": 0,
    "pid": 15052,
    "index": 12
  },
  {
    "name": "Require(10) node_modules/.2.4.1@egg-development/config/config.default.js",
    "start": 1547029595661,
    "end": 1547029595661,
    "duration": 0,
    "pid": 15052,
    "index": 13
  },
  {
    "name": "Require(11) node_modules/.3.0.5@egg-logrotator/config/config.default.js",
    "start": 1547029595662,
    "end": 1547029595662,
    "duration": 0,
    "pid": 15052,
    "index": 14
  },
  {
    "name": "Require(12) node_modules/.2.1.1@egg-static/config/config.default.js",
    "start": 1547029595662,
    "end": 1547029595662,
    "duration": 0,
    "pid": 15052,
    "index": 15
  },
  {
    "name": "Require(13) node_modules/.2.1.1@egg-view/config/config.default.js",
    "start": 1547029595663,
    "end": 1547029595663,
    "duration": 0,
    "pid": 15052,
    "index": 16
  },
  {
    "name": "Require(14) node_modules/.2.14.2@egg/config/config.default.js",
    "start": 1547029595663,
    "end": 1547029595663,
    "duration": 0,
    "pid": 15052,
    "index": 17
  },
  {
    "name": "Require(15) config/config.default.ts",
    "start": 1547029595664,
    "end": 1547029595664,
    "duration": 0,
    "pid": 15052,
    "index": 18
  },
  {
    "name": "Require(16) node_modules/.2.4.2@egg-security/config/config.local.js",
    "start": 1547029595665,
    "end": 1547029595665,
    "duration": 0,
    "pid": 15052,
    "index": 19
  },
  {
    "name": "Require(17) node_modules/.3.1.0@egg-watcher/config/config.local.js",
    "start": 1547029595665,
    "end": 1547029595666,
    "duration": 1,
    "pid": 15052,
    "index": 20
  },
  {
    "name": "Require(18) node_modules/.2.1.1@egg-view/config/config.local.js",
    "start": 1547029595667,
    "end": 1547029595667,
    "duration": 0,
    "pid": 15052,
    "index": 21
  },
  {
    "name": "Require(19) node_modules/.2.14.2@egg/config/config.local.js",
    "start": 1547029595667,
    "end": 1547029595667,
    "duration": 0,
    "pid": 15052,
    "index": 22
  },
  {
    "name": "Require(20) config/config.local.ts",
    "start": 1547029595667,
    "end": 1547029595667,
    "duration": 0,
    "pid": 15052,
    "index": 23
  },
  {
    "name": "Load extend/application.js",
    "start": 1547029595668,
    "end": 1547029595678,
    "duration": 10,
    "pid": 15052,
    "index": 24
  },
  {
    "name": "Require(21) node_modules/.3.1.0@egg-session/app/extend/application.js",
    "start": 1547029595669,
    "end": 1547029595669,
    "duration": 0,
    "pid": 15052,
    "index": 25
  },
  {
    "name": "Require(22) node_modules/.2.4.2@egg-security/app/extend/application.js",
    "start": 1547029595669,
    "end": 1547029595670,
    "duration": 1,
    "pid": 15052,
    "index": 26
  },
  {
    "name": "Require(23) node_modules/.2.0.0@egg-jsonp/app/extend/application.js",
    "start": 1547029595670,
    "end": 1547029595672,
    "duration": 2,
    "pid": 15052,
    "index": 27
  },
  {
    "name": "Require(24) node_modules/.3.0.5@egg-logrotator/app/extend/application.js",
    "start": 1547029595673,
    "end": 1547029595675,
    "duration": 2,
    "pid": 15052,
    "index": 28
  },
  {
    "name": "Require(25) node_modules/.2.1.1@egg-view/app/extend/application.js",
    "start": 1547029595675,
    "end": 1547029595676,
    "duration": 1,
    "pid": 15052,
    "index": 29
  },
  {
    "name": "Load extend/request.js",
    "start": 1547029595678,
    "end": 1547029595682,
    "duration": 4,
    "pid": 15052,
    "index": 30
  },
  {
    "name": "Require(26) node_modules/.2.14.2@egg/app/extend/request.js",
    "start": 1547029595679,
    "end": 1547029595680,
    "duration": 1,
    "pid": 15052,
    "index": 31
  },
  {
    "name": "Load extend/response.js",
    "start": 1547029595682,
    "end": 1547029595687,
    "duration": 5,
    "pid": 15052,
    "index": 32
  },
  {
    "name": "Require(27) node_modules/.2.14.2@egg/app/extend/response.js",
    "start": 1547029595684,
    "end": 1547029595685,
    "duration": 1,
    "pid": 15052,
    "index": 33
  },
  {
    "name": "Load extend/context.js",
    "start": 1547029595687,
    "end": 1547029595742,
    "duration": 55,
    "pid": 15052,
    "index": 34
  },
  {
    "name": "Require(28) node_modules/.2.4.2@egg-security/app/extend/context.js",
    "start": 1547029595687,
    "end": 1547029595697,
    "duration": 10,
    "pid": 15052,
    "index": 35
  },
  {
    "name": "Require(29) node_modules/.2.0.0@egg-jsonp/app/extend/context.js",
    "start": 1547029595697,
    "end": 1547029595699,
    "duration": 2,
    "pid": 15052,
    "index": 36
  },
  {
    "name": "Require(30) node_modules/.2.0.0@egg-i18n/app/extend/context.js",
    "start": 1547029595699,
    "end": 1547029595699,
    "duration": 0,
    "pid": 15052,
    "index": 37
  },
  {
    "name": "Require(31) node_modules/.2.4.0@egg-multipart/app/extend/context.js",
    "start": 1547029595700,
    "end": 1547029595738,
    "duration": 38,
    "pid": 15052,
    "index": 38
  },
  {
    "name": "Require(32) node_modules/.2.1.1@egg-view/app/extend/context.js",
    "start": 1547029595738,
    "end": 1547029595739,
    "duration": 1,
    "pid": 15052,
    "index": 39
  },
  {
    "name": "Require(33) node_modules/.2.14.2@egg/app/extend/context.js",
    "start": 1547029595739,
    "end": 1547029595740,
    "duration": 1,
    "pid": 15052,
    "index": 40
  },
  {
    "name": "Load extend/helper.js",
    "start": 1547029595742,
    "end": 1547029595757,
    "duration": 15,
    "pid": 15052,
    "index": 41
  },
  {
    "name": "Require(34) node_modules/.2.4.2@egg-security/app/extend/helper.js",
    "start": 1547029595742,
    "end": 1547029595754,
    "duration": 12,
    "pid": 15052,
    "index": 42
  },
  {
    "name": "Require(35) node_modules/.2.14.2@egg/app/extend/helper.js",
    "start": 1547029595755,
    "end": 1547029595755,
    "duration": 0,
    "pid": 15052,
    "index": 43
  },
  {
    "name": "Load app.js",
    "start": 1547029595757,
    "end": 1547029595784,
    "duration": 27,
    "pid": 15052,
    "index": 44
  },
  {
    "name": "Require(36) node_modules/.3.1.0@egg-session/app.js",
    "start": 1547029595757,
    "end": 1547029595757,
    "duration": 0,
    "pid": 15052,
    "index": 45
  },
  {
    "name": "Require(37) node_modules/.2.4.2@egg-security/app.js",
    "start": 1547029595758,
    "end": 1547029595759,
    "duration": 1,
    "pid": 15052,
    "index": 46
  },
  {
    "name": "Require(38) node_modules/.2.1.0@egg-onerror/app.js",
    "start": 1547029595759,
    "end": 1547029595768,
    "duration": 9,
    "pid": 15052,
    "index": 47
  },
  {
    "name": "Require(39) node_modules/.2.0.0@egg-i18n/app.js",
    "start": 1547029595768,
    "end": 1547029595774,
    "duration": 6,
    "pid": 15052,
    "index": 48
  },
  {
    "name": "Require(40) node_modules/.3.1.0@egg-watcher/app.js",
    "start": 1547029595774,
    "end": 1547029595777,
    "duration": 3,
    "pid": 15052,
    "index": 49
  },
  {
    "name": "Require(41) node_modules/.3.6.0@egg-schedule/app.js",
    "start": 1547029595777,
    "end": 1547029595779,
    "duration": 2,
    "pid": 15052,
    "index": 50
  },
  {
    "name": "Require(42) node_modules/.2.4.0@egg-multipart/app.js",
    "start": 1547029595779,
    "end": 1547029595781,
    "duration": 2,
    "pid": 15052,
    "index": 51
  },
  {
    "name": "Require(43) node_modules/.2.4.1@egg-development/app.js",
    "start": 1547029595782,
    "end": 1547029595782,
    "duration": 0,
    "pid": 15052,
    "index": 52
  },
  {
    "name": "Require(44) node_modules/.3.0.5@egg-logrotator/app.js",
    "start": 1547029595782,
    "end": 1547029595782,
    "duration": 0,
    "pid": 15052,
    "index": 53
  },
  {
    "name": "Require(45) node_modules/.2.1.1@egg-static/app.js",
    "start": 1547029595783,
    "end": 1547029595783,
    "duration": 0,
    "pid": 15052,
    "index": 54
  },
  {
    "name": "Before Start in node_modules/.3.1.0@egg-watcher/lib/init.js:15:14",
    "start": 1547029595793,
    "end": 1547029597631,
    "duration": 1838,
    "pid": 15052,
    "index": 55
  },
  {
    "name": "Load Service",
    "start": 1547029595825,
    "end": 1547029595829,
    "duration": 4,
    "pid": 15052,
    "index": 56
  },
  {
    "name": "Load \"service\" to Context",
    "start": 1547029595825,
    "end": 1547029595829,
    "duration": 4,
    "pid": 15052,
    "index": 57
  },
  {
    "name": "Load Middleware",
    "start": 1547029595829,
    "end": 1547029595909,
    "duration": 80,
    "pid": 15052,
    "index": 58
  },
  {
    "name": "Load \"middlewares\" to Application",
    "start": 1547029595829,
    "end": 1547029595900,
    "duration": 71,
    "pid": 15052,
    "index": 59
  },
  {
    "name": "Load Controller",
    "start": 1547029595909,
    "end": 1547029597537,
    "duration": 1628,
    "pid": 15052,
    "index": 60
  },
  {
    "name": "Load \"controller\" to Application",
    "start": 1547029595909,
    "end": 1547029597537,
    "duration": 1628,
    "pid": 15052,
    "index": 61
  },
  {
    "name": "Load Router",
    "start": 1547029597537,
    "end": 1547029597538,
    "duration": 1,
    "pid": 15052,
    "index": 62
  },
  {
    "name": "Require(46) app/router.ts",
    "start": 1547029597537,
    "end": 1547029597537,
    "duration": 0,
    "pid": 15052,
    "index": 63
  },
  {
    "name": "Before Start in node_modules/.4.13.0@egg-core/lib/egg.js:287:10",
    "start": 1547029597537,
    "end": 1547029597549,
    "duration": 12,
    "pid": 15052,
    "index": 64
  }
]