[
  {
    "name": "Application Start",
    "start": 1547025635851,
    "end": 1547025637673,
    "duration": 1822,
    "pid": 20904,
    "index": 0
  },
  {
    "name": "Load Plugin",
    "start": 1547025635854,
    "end": 1547025635868,
    "duration": 14,
    "pid": 20904,
    "index": 1
  },
  {
    "name": "Load Config",
    "start": 1547025635868,
    "end": 1547025635880,
    "duration": 12,
    "pid": 20904,
    "index": 2
  },
  {
    "name": "Require(0) config/config.default.ts",
    "start": 1547025635868,
    "end": 1547025635869,
    "duration": 1,
    "pid": 20904,
    "index": 3
  },
  {
    "name": "Require(1) config/config.local.ts",
    "start": 1547025635870,
    "end": 1547025635870,
    "duration": 0,
    "pid": 20904,
    "index": 4
  },
  {
    "name": "Require(2) node_modules/.3.1.0@egg-session/config/config.default.js",
    "start": 1547025635870,
    "end": 1547025635871,
    "duration": 1,
    "pid": 20904,
    "index": 5
  },
  {
    "name": "Require(3) node_modules/.2.4.2@egg-security/config/config.default.js",
    "start": 1547025635871,
    "end": 1547025635871,
    "duration": 0,
    "pid": 20904,
    "index": 6
  },
  {
    "name": "Require(4) node_modules/.2.0.0@egg-jsonp/config/config.default.js",
    "start": 1547025635872,
    "end": 1547025635872,
    "duration": 0,
    "pid": 20904,
    "index": 7
  },
  {
    "name": "Require(5) node_modules/.2.1.0@egg-onerror/config/config.default.js",
    "start": 1547025635872,
    "end": 1547025635872,
    "duration": 0,
    "pid": 20904,
    "index": 8
  },
  {
    "name": "Require(6) node_modules/.2.0.0@egg-i18n/config/config.default.js",
    "start": 1547025635872,
    "end": 1547025635872,
    "duration": 0,
    "pid": 20904,
    "index": 9
  },
  {
    "name": "Require(7) node_modules/.3.1.0@egg-watcher/config/config.default.js",
    "start": 1547025635873,
    "end": 1547025635873,
    "duration": 0,
    "pid": 20904,
    "index": 10
  },
  {
    "name": "Require(8) node_modules/.3.6.0@egg-schedule/config/config.default.js",
    "start": 1547025635873,
    "end": 1547025635873,
    "duration": 0,
    "pid": 20904,
    "index": 11
  },
  {
    "name": "Require(9) node_modules/.2.4.0@egg-multipart/config/config.default.js",
    "start": 1547025635874,
    "end": 1547025635874,
    "duration": 0,
    "pid": 20904,
    "index": 12
  },
  {
    "name": "Require(10) node_modules/.2.4.1@egg-development/config/config.default.js",
    "start": 1547025635874,
    "end": 1547025635875,
    "duration": 1,
    "pid": 20904,
    "index": 13
  },
  {
    "name": "Require(11) node_modules/.3.0.5@egg-logrotator/config/config.default.js",
    "start": 1547025635875,
    "end": 1547025635875,
    "duration": 0,
    "pid": 20904,
    "index": 14
  },
  {
    "name": "Require(12) node_modules/.2.1.1@egg-static/config/config.default.js",
    "start": 1547025635875,
    "end": 1547025635875,
    "duration": 0,
    "pid": 20904,
    "index": 15
  },
  {
    "name": "Require(13) node_modules/.2.1.1@egg-view/config/config.default.js",
    "start": 1547025635876,
    "end": 1547025635876,
    "duration": 0,
    "pid": 20904,
    "index": 16
  },
  {
    "name": "Require(14) node_modules/.2.14.2@egg/config/config.default.js",
    "start": 1547025635876,
    "end": 1547025635876,
    "duration": 0,
    "pid": 20904,
    "index": 17
  },
  {
    "name": "Require(15) config/config.default.ts",
    "start": 1547025635878,
    "end": 1547025635878,
    "duration": 0,
    "pid": 20904,
    "index": 18
  },
  {
    "name": "Require(16) node_modules/.2.4.2@egg-security/config/config.local.js",
    "start": 1547025635878,
    "end": 1547025635878,
    "duration": 0,
    "pid": 20904,
    "index": 19
  },
  {
    "name": "Require(17) node_modules/.3.1.0@egg-watcher/config/config.local.js",
    "start": 1547025635879,
    "end": 1547025635879,
    "duration": 0,
    "pid": 20904,
    "index": 20
  },
  {
    "name": "Require(18) node_modules/.2.1.1@egg-view/config/config.local.js",
    "start": 1547025635879,
    "end": 1547025635880,
    "duration": 1,
    "pid": 20904,
    "index": 21
  },
  {
    "name": "Require(19) node_modules/.2.14.2@egg/config/config.local.js",
    "start": 1547025635880,
    "end": 1547025635880,
    "duration": 0,
    "pid": 20904,
    "index": 22
  },
  {
    "name": "Require(20) config/config.local.ts",
    "start": 1547025635880,
    "end": 1547025635880,
    "duration": 0,
    "pid": 20904,
    "index": 23
  },
  {
    "name": "Load extend/application.js",
    "start": 1547025635881,
    "end": 1547025635891,
    "duration": 10,
    "pid": 20904,
    "index": 24
  },
  {
    "name": "Require(21) node_modules/.3.1.0@egg-session/app/extend/application.js",
    "start": 1547025635881,
    "end": 1547025635882,
    "duration": 1,
    "pid": 20904,
    "index": 25
  },
  {
    "name": "Require(22) node_modules/.2.4.2@egg-security/app/extend/application.js",
    "start": 1547025635882,
    "end": 1547025635882,
    "duration": 0,
    "pid": 20904,
    "index": 26
  },
  {
    "name": "Require(23) node_modules/.2.0.0@egg-jsonp/app/extend/application.js",
    "start": 1547025635883,
    "end": 1547025635884,
    "duration": 1,
    "pid": 20904,
    "index": 27
  },
  {
    "name": "Require(24) node_modules/.3.0.5@egg-logrotator/app/extend/application.js",
    "start": 1547025635885,
    "end": 1547025635888,
    "duration": 3,
    "pid": 20904,
    "index": 28
  },
  {
    "name": "Require(25) node_modules/.2.1.1@egg-view/app/extend/application.js",
    "start": 1547025635888,
    "end": 1547025635889,
    "duration": 1,
    "pid": 20904,
    "index": 29
  },
  {
    "name": "Load extend/request.js",
    "start": 1547025635891,
    "end": 1547025635896,
    "duration": 5,
    "pid": 20904,
    "index": 30
  },
  {
    "name": "Require(26) node_modules/.2.14.2@egg/app/extend/request.js",
    "start": 1547025635893,
    "end": 1547025635894,
    "duration": 1,
    "pid": 20904,
    "index": 31
  },
  {
    "name": "Load extend/response.js",
    "start": 1547025635896,
    "end": 1547025635901,
    "duration": 5,
    "pid": 20904,
    "index": 32
  },
  {
    "name": "Require(27) node_modules/.2.14.2@egg/app/extend/response.js",
    "start": 1547025635898,
    "end": 1547025635899,
    "duration": 1,
    "pid": 20904,
    "index": 33
  },
  {
    "name": "Load extend/context.js",
    "start": 1547025635901,
    "end": 1547025635955,
    "duration": 54,
    "pid": 20904,
    "index": 34
  },
  {
    "name": "Require(28) node_modules/.2.4.2@egg-security/app/extend/context.js",
    "start": 1547025635901,
    "end": 1547025635910,
    "duration": 9,
    "pid": 20904,
    "index": 35
  },
  {
    "name": "Require(29) node_modules/.2.0.0@egg-jsonp/app/extend/context.js",
    "start": 1547025635911,
    "end": 1547025635912,
    "duration": 1,
    "pid": 20904,
    "index": 36
  },
  {
    "name": "Require(30) node_modules/.2.0.0@egg-i18n/app/extend/context.js",
    "start": 1547025635913,
    "end": 1547025635913,
    "duration": 0,
    "pid": 20904,
    "index": 37
  },
  {
    "name": "Require(31) node_modules/.2.4.0@egg-multipart/app/extend/context.js",
    "start": 1547025635913,
    "end": 1547025635951,
    "duration": 38,
    "pid": 20904,
    "index": 38
  },
  {
    "name": "Require(32) node_modules/.2.1.1@egg-view/app/extend/context.js",
    "start": 1547025635952,
    "end": 1547025635953,
    "duration": 1,
    "pid": 20904,
    "index": 39
  },
  {
    "name": "Require(33) node_modules/.2.14.2@egg/app/extend/context.js",
    "start": 1547025635953,
    "end": 1547025635954,
    "duration": 1,
    "pid": 20904,
    "index": 40
  },
  {
    "name": "Load extend/helper.js",
    "start": 1547025635955,
    "end": 1547025635969,
    "duration": 14,
    "pid": 20904,
    "index": 41
  },
  {
    "name": "Require(34) node_modules/.2.4.2@egg-security/app/extend/helper.js",
    "start": 1547025635956,
    "end": 1547025635966,
    "duration": 10,
    "pid": 20904,
    "index": 42
  },
  {
    "name": "Require(35) node_modules/.2.14.2@egg/app/extend/helper.js",
    "start": 1547025635967,
    "end": 1547025635968,
    "duration": 1,
    "pid": 20904,
    "index": 43
  },
  {
    "name": "Load app.js",
    "start": 1547025635969,
    "end": 1547025635993,
    "duration": 24,
    "pid": 20904,
    "index": 44
  },
  {
    "name": "Require(36) node_modules/.3.1.0@egg-session/app.js",
    "start": 1547025635969,
    "end": 1547025635970,
    "duration": 1,
    "pid": 20904,
    "index": 45
  },
  {
    "name": "Require(37) node_modules/.2.4.2@egg-security/app.js",
    "start": 1547025635970,
    "end": 1547025635971,
    "duration": 1,
    "pid": 20904,
    "index": 46
  },
  {
    "name": "Require(38) node_modules/.2.1.0@egg-onerror/app.js",
    "start": 1547025635972,
    "end": 1547025635979,
    "duration": 7,
    "pid": 20904,
    "index": 47
  },
  {
    "name": "Require(39) node_modules/.2.0.0@egg-i18n/app.js",
    "start": 1547025635980,
    "end": 1547025635984,
    "duration": 4,
    "pid": 20904,
    "index": 48
  },
  {
    "name": "Require(40) node_modules/.3.1.0@egg-watcher/app.js",
    "start": 1547025635985,
    "end": 1547025635988,
    "duration": 3,
    "pid": 20904,
    "index": 49
  },
  {
    "name": "Require(41) node_modules/.3.6.0@egg-schedule/app.js",
    "start": 1547025635988,
    "end": 1547025635989,
    "duration": 1,
    "pid": 20904,
    "index": 50
  },
  {
    "name": "Require(42) node_modules/.2.4.0@egg-multipart/app.js",
    "start": 1547025635989,
    "end": 1547025635991,
    "duration": 2,
    "pid": 20904,
    "index": 51
  },
  {
    "name": "Require(43) node_modules/.2.4.1@egg-development/app.js",
    "start": 1547025635992,
    "end": 1547025635992,
    "duration": 0,
    "pid": 20904,
    "index": 52
  },
  {
    "name": "Require(44) node_modules/.3.0.5@egg-logrotator/app.js",
    "start": 1547025635992,
    "end": 1547025635992,
    "duration": 0,
    "pid": 20904,
    "index": 53
  },
  {
    "name": "Require(45) node_modules/.2.1.1@egg-static/app.js",
    "start": 1547025635992,
    "end": 1547025635992,
    "duration": 0,
    "pid": 20904,
    "index": 54
  },
  {
    "name": "Before Start in node_modules/.3.1.0@egg-watcher/lib/init.js:15:14",
    "start": 1547025636002,
    "end": 1547025637672,
    "duration": 1670,
    "pid": 20904,
    "index": 55
  },
  {
    "name": "Load Service",
    "start": 1547025636032,
    "end": 1547025636036,
    "duration": 4,
    "pid": 20904,
    "index": 56
  },
  {
    "name": "Load \"service\" to Context",
    "start": 1547025636032,
    "end": 1547025636036,
    "duration": 4,
    "pid": 20904,
    "index": 57
  },
  {
    "name": "Load Middleware",
    "start": 1547025636036,
    "end": 1547025636117,
    "duration": 81,
    "pid": 20904,
    "index": 58
  },
  {
    "name": "Load \"middlewares\" to Application",
    "start": 1547025636037,
    "end": 1547025636108,
    "duration": 71,
    "pid": 20904,
    "index": 59
  },
  {
    "name": "Load Controller",
    "start": 1547025636117,
    "end": 1547025637585,
    "duration": 1468,
    "pid": 20904,
    "index": 60
  },
  {
    "name": "Load \"controller\" to Application",
    "start": 1547025636117,
    "end": 1547025637585,
    "duration": 1468,
    "pid": 20904,
    "index": 61
  },
  {
    "name": "Load Router",
    "start": 1547025637585,
    "end": 1547025637586,
    "duration": 1,
    "pid": 20904,
    "index": 62
  },
  {
    "name": "Require(46) app/router.ts",
    "start": 1547025637585,
    "end": 1547025637585,
    "duration": 0,
    "pid": 20904,
    "index": 63
  },
  {
    "name": "Before Start in node_modules/.4.13.0@egg-core/lib/egg.js:287:10",
    "start": 1547025637585,
    "end": 1547025637594,
    "duration": 9,
    "pid": 20904,
    "index": 64
  }
]