[
  {
    "name": "Application Start",
    "start": 1547029605285,
    "end": 1547029607186,
    "duration": 1901,
    "pid": 18800,
    "index": 0
  },
  {
    "name": "Load Plugin",
    "start": 1547029605290,
    "end": 1547029605305,
    "duration": 15,
    "pid": 18800,
    "index": 1
  },
  {
    "name": "Load Config",
    "start": 1547029605305,
    "end": 1547029605323,
    "duration": 18,
    "pid": 18800,
    "index": 2
  },
  {
    "name": "Require(0) config/config.default.ts",
    "start": 1547029605306,
    "end": 1547029605307,
    "duration": 1,
    "pid": 18800,
    "index": 3
  },
  {
    "name": "Require(1) config/config.local.ts",
    "start": 1547029605308,
    "end": 1547029605308,
    "duration": 0,
    "pid": 18800,
    "index": 4
  },
  {
    "name": "Require(2) node_modules/.3.1.0@egg-session/config/config.default.js",
    "start": 1547029605309,
    "end": 1547029605309,
    "duration": 0,
    "pid": 18800,
    "index": 5
  },
  {
    "name": "Require(3) node_modules/.2.4.2@egg-security/config/config.default.js",
    "start": 1547029605310,
    "end": 1547029605310,
    "duration": 0,
    "pid": 18800,
    "index": 6
  },
  {
    "name": "Require(4) node_modules/.2.0.0@egg-jsonp/config/config.default.js",
    "start": 1547029605310,
    "end": 1547029605311,
    "duration": 1,
    "pid": 18800,
    "index": 7
  },
  {
    "name": "Require(5) node_modules/.2.1.0@egg-onerror/config/config.default.js",
    "start": 1547029605311,
    "end": 1547029605311,
    "duration": 0,
    "pid": 18800,
    "index": 8
  },
  {
    "name": "Require(6) node_modules/.2.0.0@egg-i18n/config/config.default.js",
    "start": 1547029605311,
    "end": 1547029605311,
    "duration": 0,
    "pid": 18800,
    "index": 9
  },
  {
    "name": "Require(7) node_modules/.3.1.0@egg-watcher/config/config.default.js",
    "start": 1547029605312,
    "end": 1547029605312,
    "duration": 0,
    "pid": 18800,
    "index": 10
  },
  {
    "name": "Require(8) node_modules/.3.6.0@egg-schedule/config/config.default.js",
    "start": 1547029605312,
    "end": 1547029605313,
    "duration": 1,
    "pid": 18800,
    "index": 11
  },
  {
    "name": "Require(9) node_modules/.2.4.0@egg-multipart/config/config.default.js",
    "start": 1547029605313,
    "end": 1547029605313,
    "duration": 0,
    "pid": 18800,
    "index": 12
  },
  {
    "name": "Require(10) node_modules/.2.4.1@egg-development/config/config.default.js",
    "start": 1547029605313,
    "end": 1547029605314,
    "duration": 1,
    "pid": 18800,
    "index": 13
  },
  {
    "name": "Require(11) node_modules/.3.0.5@egg-logrotator/config/config.default.js",
    "start": 1547029605314,
    "end": 1547029605314,
    "duration": 0,
    "pid": 18800,
    "index": 14
  },
  {
    "name": "Require(12) node_modules/.2.1.1@egg-static/config/config.default.js",
    "start": 1547029605315,
    "end": 1547029605315,
    "duration": 0,
    "pid": 18800,
    "index": 15
  },
  {
    "name": "Require(13) node_modules/.2.1.1@egg-view/config/config.default.js",
    "start": 1547029605315,
    "end": 1547029605315,
    "duration": 0,
    "pid": 18800,
    "index": 16
  },
  {
    "name": "Require(14) node_modules/.2.14.2@egg/config/config.default.js",
    "start": 1547029605316,
    "end": 1547029605316,
    "duration": 0,
    "pid": 18800,
    "index": 17
  },
  {
    "name": "Require(15) config/config.default.ts",
    "start": 1547029605319,
    "end": 1547029605319,
    "duration": 0,
    "pid": 18800,
    "index": 18
  },
  {
    "name": "Require(16) node_modules/.2.4.2@egg-security/config/config.local.js",
    "start": 1547029605320,
    "end": 1547029605320,
    "duration": 0,
    "pid": 18800,
    "index": 19
  },
  {
    "name": "Require(17) node_modules/.3.1.0@egg-watcher/config/config.local.js",
    "start": 1547029605321,
    "end": 1547029605321,
    "duration": 0,
    "pid": 18800,
    "index": 20
  },
  {
    "name": "Require(18) node_modules/.2.1.1@egg-view/config/config.local.js",
    "start": 1547029605322,
    "end": 1547029605323,
    "duration": 1,
    "pid": 18800,
    "index": 21
  },
  {
    "name": "Require(19) node_modules/.2.14.2@egg/config/config.local.js",
    "start": 1547029605323,
    "end": 1547029605323,
    "duration": 0,
    "pid": 18800,
    "index": 22
  },
  {
    "name": "Require(20) config/config.local.ts",
    "start": 1547029605323,
    "end": 1547029605323,
    "duration": 0,
    "pid": 18800,
    "index": 23
  },
  {
    "name": "Load extend/application.js",
    "start": 1547029605326,
    "end": 1547029605344,
    "duration": 18,
    "pid": 18800,
    "index": 24
  },
  {
    "name": "Require(21) node_modules/.3.1.0@egg-session/app/extend/application.js",
    "start": 1547029605327,
    "end": 1547029605327,
    "duration": 0,
    "pid": 18800,
    "index": 25
  },
  {
    "name": "Require(22) node_modules/.2.4.2@egg-security/app/extend/application.js",
    "start": 1547029605328,
    "end": 1547029605331,
    "duration": 3,
    "pid": 18800,
    "index": 26
  },
  {
    "name": "Require(23) node_modules/.2.0.0@egg-jsonp/app/extend/application.js",
    "start": 1547029605331,
    "end": 1547029605333,
    "duration": 2,
    "pid": 18800,
    "index": 27
  },
  {
    "name": "Require(24) node_modules/.3.0.5@egg-logrotator/app/extend/application.js",
    "start": 1547029605334,
    "end": 1547029605337,
    "duration": 3,
    "pid": 18800,
    "index": 28
  },
  {
    "name": "Require(25) node_modules/.2.1.1@egg-view/app/extend/application.js",
    "start": 1547029605338,
    "end": 1547029605340,
    "duration": 2,
    "pid": 18800,
    "index": 29
  },
  {
    "name": "Load extend/request.js",
    "start": 1547029605344,
    "end": 1547029605350,
    "duration": 6,
    "pid": 18800,
    "index": 30
  },
  {
    "name": "Require(26) node_modules/.2.14.2@egg/app/extend/request.js",
    "start": 1547029605347,
    "end": 1547029605348,
    "duration": 1,
    "pid": 18800,
    "index": 31
  },
  {
    "name": "Load extend/response.js",
    "start": 1547029605350,
    "end": 1547029605356,
    "duration": 6,
    "pid": 18800,
    "index": 32
  },
  {
    "name": "Require(27) node_modules/.2.14.2@egg/app/extend/response.js",
    "start": 1547029605352,
    "end": 1547029605354,
    "duration": 2,
    "pid": 18800,
    "index": 33
  },
  {
    "name": "Load extend/context.js",
    "start": 1547029605356,
    "end": 1547029605411,
    "duration": 55,
    "pid": 18800,
    "index": 34
  },
  {
    "name": "Require(28) node_modules/.2.4.2@egg-security/app/extend/context.js",
    "start": 1547029605356,
    "end": 1547029605368,
    "duration": 12,
    "pid": 18800,
    "index": 35
  },
  {
    "name": "Require(29) node_modules/.2.0.0@egg-jsonp/app/extend/context.js",
    "start": 1547029605368,
    "end": 1547029605369,
    "duration": 1,
    "pid": 18800,
    "index": 36
  },
  {
    "name": "Require(30) node_modules/.2.0.0@egg-i18n/app/extend/context.js",
    "start": 1547029605370,
    "end": 1547029605370,
    "duration": 0,
    "pid": 18800,
    "index": 37
  },
  {
    "name": "Require(31) node_modules/.2.4.0@egg-multipart/app/extend/context.js",
    "start": 1547029605371,
    "end": 1547029605407,
    "duration": 36,
    "pid": 18800,
    "index": 38
  },
  {
    "name": "Require(32) node_modules/.2.1.1@egg-view/app/extend/context.js",
    "start": 1547029605408,
    "end": 1547029605409,
    "duration": 1,
    "pid": 18800,
    "index": 39
  },
  {
    "name": "Require(33) node_modules/.2.14.2@egg/app/extend/context.js",
    "start": 1547029605409,
    "end": 1547029605410,
    "duration": 1,
    "pid": 18800,
    "index": 40
  },
  {
    "name": "Load extend/helper.js",
    "start": 1547029605412,
    "end": 1547029605427,
    "duration": 15,
    "pid": 18800,
    "index": 41
  },
  {
    "name": "Require(34) node_modules/.2.4.2@egg-security/app/extend/helper.js",
    "start": 1547029605412,
    "end": 1547029605424,
    "duration": 12,
    "pid": 18800,
    "index": 42
  },
  {
    "name": "Require(35) node_modules/.2.14.2@egg/app/extend/helper.js",
    "start": 1547029605425,
    "end": 1547029605425,
    "duration": 0,
    "pid": 18800,
    "index": 43
  },
  {
    "name": "Load app.js",
    "start": 1547029605427,
    "end": 1547029605451,
    "duration": 24,
    "pid": 18800,
    "index": 44
  },
  {
    "name": "Require(36) node_modules/.3.1.0@egg-session/app.js",
    "start": 1547029605427,
    "end": 1547029605427,
    "duration": 0,
    "pid": 18800,
    "index": 45
  },
  {
    "name": "Require(37) node_modules/.2.4.2@egg-security/app.js",
    "start": 1547029605428,
    "end": 1547029605429,
    "duration": 1,
    "pid": 18800,
    "index": 46
  },
  {
    "name": "Require(38) node_modules/.2.1.0@egg-onerror/app.js",
    "start": 1547029605429,
    "end": 1547029605437,
    "duration": 8,
    "pid": 18800,
    "index": 47
  },
  {
    "name": "Require(39) node_modules/.2.0.0@egg-i18n/app.js",
    "start": 1547029605437,
    "end": 1547029605442,
    "duration": 5,
    "pid": 18800,
    "index": 48
  },
  {
    "name": "Require(40) node_modules/.3.1.0@egg-watcher/app.js",
    "start": 1547029605442,
    "end": 1547029605445,
    "duration": 3,
    "pid": 18800,
    "index": 49
  },
  {
    "name": "Require(41) node_modules/.3.6.0@egg-schedule/app.js",
    "start": 1547029605445,
    "end": 1547029605447,
    "duration": 2,
    "pid": 18800,
    "index": 50
  },
  {
    "name": "Require(42) node_modules/.2.4.0@egg-multipart/app.js",
    "start": 1547029605447,
    "end": 1547029605449,
    "duration": 2,
    "pid": 18800,
    "index": 51
  },
  {
    "name": "Require(43) node_modules/.2.4.1@egg-development/app.js",
    "start": 1547029605449,
    "end": 1547029605450,
    "duration": 1,
    "pid": 18800,
    "index": 52
  },
  {
    "name": "Require(44) node_modules/.3.0.5@egg-logrotator/app.js",
    "start": 1547029605450,
    "end": 1547029605450,
    "duration": 0,
    "pid": 18800,
    "index": 53
  },
  {
    "name": "Require(45) node_modules/.2.1.1@egg-static/app.js",
    "start": 1547029605450,
    "end": 1547029605450,
    "duration": 0,
    "pid": 18800,
    "index": 54
  },
  {
    "name": "Before Start in node_modules/.3.1.0@egg-watcher/lib/init.js:15:14",
    "start": 1547029605462,
    "end": 1547029607185,
    "duration": 1723,
    "pid": 18800,
    "index": 55
  },
  {
    "name": "Load Service",
    "start": 1547029605495,
    "end": 1547029605499,
    "duration": 4,
    "pid": 18800,
    "index": 56
  },
  {
    "name": "Load \"service\" to Context",
    "start": 1547029605495,
    "end": 1547029605499,
    "duration": 4,
    "pid": 18800,
    "index": 57
  },
  {
    "name": "Load Middleware",
    "start": 1547029605499,
    "end": 1547029605568,
    "duration": 69,
    "pid": 18800,
    "index": 58
  },
  {
    "name": "Load \"middlewares\" to Application",
    "start": 1547029605499,
    "end": 1547029605560,
    "duration": 61,
    "pid": 18800,
    "index": 59
  },
  {
    "name": "Load Controller",
    "start": 1547029605568,
    "end": 1547029607091,
    "duration": 1523,
    "pid": 18800,
    "index": 60
  },
  {
    "name": "Load \"controller\" to Application",
    "start": 1547029605568,
    "end": 1547029607091,
    "duration": 1523,
    "pid": 18800,
    "index": 61
  },
  {
    "name": "Load Router",
    "start": 1547029607091,
    "end": 1547029607093,
    "duration": 2,
    "pid": 18800,
    "index": 62
  },
  {
    "name": "Require(46) app/router.ts",
    "start": 1547029607091,
    "end": 1547029607091,
    "duration": 0,
    "pid": 18800,
    "index": 63
  },
  {
    "name": "Before Start in node_modules/.4.13.0@egg-core/lib/egg.js:287:10",
    "start": 1547029607092,
    "end": 1547029607104,
    "duration": 12,
    "pid": 18800,
    "index": 64
  }
]