[
  {
    "name": "Application Start",
    "start": 1547025950693,
    "end": 1547025952533,
    "duration": 1840,
    "pid": 10792,
    "index": 0
  },
  {
    "name": "Load Plugin",
    "start": 1547025950696,
    "end": 1547025950709,
    "duration": 13,
    "pid": 10792,
    "index": 1
  },
  {
    "name": "Load Config",
    "start": 1547025950709,
    "end": 1547025950721,
    "duration": 12,
    "pid": 10792,
    "index": 2
  },
  {
    "name": "Require(0) config/config.default.ts",
    "start": 1547025950710,
    "end": 1547025950710,
    "duration": 0,
    "pid": 10792,
    "index": 3
  },
  {
    "name": "Require(1) config/config.local.ts",
    "start": 1547025950711,
    "end": 1547025950711,
    "duration": 0,
    "pid": 10792,
    "index": 4
  },
  {
    "name": "Require(2) node_modules/.3.1.0@egg-session/config/config.default.js",
    "start": 1547025950711,
    "end": 1547025950711,
    "duration": 0,
    "pid": 10792,
    "index": 5
  },
  {
    "name": "Require(3) node_modules/.2.4.2@egg-security/config/config.default.js",
    "start": 1547025950712,
    "end": 1547025950712,
    "duration": 0,
    "pid": 10792,
    "index": 6
  },
  {
    "name": "Require(4) node_modules/.2.0.0@egg-jsonp/config/config.default.js",
    "start": 1547025950713,
    "end": 1547025950713,
    "duration": 0,
    "pid": 10792,
    "index": 7
  },
  {
    "name": "Require(5) node_modules/.2.1.0@egg-onerror/config/config.default.js",
    "start": 1547025950713,
    "end": 1547025950713,
    "duration": 0,
    "pid": 10792,
    "index": 8
  },
  {
    "name": "Require(6) node_modules/.2.0.0@egg-i18n/config/config.default.js",
    "start": 1547025950713,
    "end": 1547025950713,
    "duration": 0,
    "pid": 10792,
    "index": 9
  },
  {
    "name": "Require(7) node_modules/.3.1.0@egg-watcher/config/config.default.js",
    "start": 1547025950714,
    "end": 1547025950714,
    "duration": 0,
    "pid": 10792,
    "index": 10
  },
  {
    "name": "Require(8) node_modules/.3.6.0@egg-schedule/config/config.default.js",
    "start": 1547025950714,
    "end": 1547025950714,
    "duration": 0,
    "pid": 10792,
    "index": 11
  },
  {
    "name": "Require(9) node_modules/.2.4.0@egg-multipart/config/config.default.js",
    "start": 1547025950715,
    "end": 1547025950715,
    "duration": 0,
    "pid": 10792,
    "index": 12
  },
  {
    "name": "Require(10) node_modules/.2.4.1@egg-development/config/config.default.js",
    "start": 1547025950715,
    "end": 1547025950716,
    "duration": 1,
    "pid": 10792,
    "index": 13
  },
  {
    "name": "Require(11) node_modules/.3.0.5@egg-logrotator/config/config.default.js",
    "start": 1547025950716,
    "end": 1547025950716,
    "duration": 0,
    "pid": 10792,
    "index": 14
  },
  {
    "name": "Require(12) node_modules/.2.1.1@egg-static/config/config.default.js",
    "start": 1547025950716,
    "end": 1547025950716,
    "duration": 0,
    "pid": 10792,
    "index": 15
  },
  {
    "name": "Require(13) node_modules/.2.1.1@egg-view/config/config.default.js",
    "start": 1547025950717,
    "end": 1547025950717,
    "duration": 0,
    "pid": 10792,
    "index": 16
  },
  {
    "name": "Require(14) node_modules/.2.14.2@egg/config/config.default.js",
    "start": 1547025950717,
    "end": 1547025950717,
    "duration": 0,
    "pid": 10792,
    "index": 17
  },
  {
    "name": "Require(15) config/config.default.ts",
    "start": 1547025950719,
    "end": 1547025950719,
    "duration": 0,
    "pid": 10792,
    "index": 18
  },
  {
    "name": "Require(16) node_modules/.2.4.2@egg-security/config/config.local.js",
    "start": 1547025950719,
    "end": 1547025950719,
    "duration": 0,
    "pid": 10792,
    "index": 19
  },
  {
    "name": "Require(17) node_modules/.3.1.0@egg-watcher/config/config.local.js",
    "start": 1547025950720,
    "end": 1547025950720,
    "duration": 0,
    "pid": 10792,
    "index": 20
  },
  {
    "name": "Require(18) node_modules/.2.1.1@egg-view/config/config.local.js",
    "start": 1547025950721,
    "end": 1547025950721,
    "duration": 0,
    "pid": 10792,
    "index": 21
  },
  {
    "name": "Require(19) node_modules/.2.14.2@egg/config/config.local.js",
    "start": 1547025950721,
    "end": 1547025950721,
    "duration": 0,
    "pid": 10792,
    "index": 22
  },
  {
    "name": "Require(20) config/config.local.ts",
    "start": 1547025950721,
    "end": 1547025950721,
    "duration": 0,
    "pid": 10792,
    "index": 23
  },
  {
    "name": "Load extend/application.js",
    "start": 1547025950722,
    "end": 1547025950732,
    "duration": 10,
    "pid": 10792,
    "index": 24
  },
  {
    "name": "Require(21) node_modules/.3.1.0@egg-session/app/extend/application.js",
    "start": 1547025950723,
    "end": 1547025950723,
    "duration": 0,
    "pid": 10792,
    "index": 25
  },
  {
    "name": "Require(22) node_modules/.2.4.2@egg-security/app/extend/application.js",
    "start": 1547025950723,
    "end": 1547025950724,
    "duration": 1,
    "pid": 10792,
    "index": 26
  },
  {
    "name": "Require(23) node_modules/.2.0.0@egg-jsonp/app/extend/application.js",
    "start": 1547025950724,
    "end": 1547025950725,
    "duration": 1,
    "pid": 10792,
    "index": 27
  },
  {
    "name": "Require(24) node_modules/.3.0.5@egg-logrotator/app/extend/application.js",
    "start": 1547025950726,
    "end": 1547025950728,
    "duration": 2,
    "pid": 10792,
    "index": 28
  },
  {
    "name": "Require(25) node_modules/.2.1.1@egg-view/app/extend/application.js",
    "start": 1547025950729,
    "end": 1547025950730,
    "duration": 1,
    "pid": 10792,
    "index": 29
  },
  {
    "name": "Load extend/request.js",
    "start": 1547025950732,
    "end": 1547025950736,
    "duration": 4,
    "pid": 10792,
    "index": 30
  },
  {
    "name": "Require(26) node_modules/.2.14.2@egg/app/extend/request.js",
    "start": 1547025950733,
    "end": 1547025950734,
    "duration": 1,
    "pid": 10792,
    "index": 31
  },
  {
    "name": "Load extend/response.js",
    "start": 1547025950736,
    "end": 1547025950741,
    "duration": 5,
    "pid": 10792,
    "index": 32
  },
  {
    "name": "Require(27) node_modules/.2.14.2@egg/app/extend/response.js",
    "start": 1547025950737,
    "end": 1547025950739,
    "duration": 2,
    "pid": 10792,
    "index": 33
  },
  {
    "name": "Load extend/context.js",
    "start": 1547025950741,
    "end": 1547025950793,
    "duration": 52,
    "pid": 10792,
    "index": 34
  },
  {
    "name": "Require(28) node_modules/.2.4.2@egg-security/app/extend/context.js",
    "start": 1547025950741,
    "end": 1547025950751,
    "duration": 10,
    "pid": 10792,
    "index": 35
  },
  {
    "name": "Require(29) node_modules/.2.0.0@egg-jsonp/app/extend/context.js",
    "start": 1547025950751,
    "end": 1547025950752,
    "duration": 1,
    "pid": 10792,
    "index": 36
  },
  {
    "name": "Require(30) node_modules/.2.0.0@egg-i18n/app/extend/context.js",
    "start": 1547025950752,
    "end": 1547025950752,
    "duration": 0,
    "pid": 10792,
    "index": 37
  },
  {
    "name": "Require(31) node_modules/.2.4.0@egg-multipart/app/extend/context.js",
    "start": 1547025950753,
    "end": 1547025950789,
    "duration": 36,
    "pid": 10792,
    "index": 38
  },
  {
    "name": "Require(32) node_modules/.2.1.1@egg-view/app/extend/context.js",
    "start": 1547025950790,
    "end": 1547025950791,
    "duration": 1,
    "pid": 10792,
    "index": 39
  },
  {
    "name": "Require(33) node_modules/.2.14.2@egg/app/extend/context.js",
    "start": 1547025950791,
    "end": 1547025950792,
    "duration": 1,
    "pid": 10792,
    "index": 40
  },
  {
    "name": "Load extend/helper.js",
    "start": 1547025950794,
    "end": 1547025950808,
    "duration": 14,
    "pid": 10792,
    "index": 41
  },
  {
    "name": "Require(34) node_modules/.2.4.2@egg-security/app/extend/helper.js",
    "start": 1547025950794,
    "end": 1547025950805,
    "duration": 11,
    "pid": 10792,
    "index": 42
  },
  {
    "name": "Require(35) node_modules/.2.14.2@egg/app/extend/helper.js",
    "start": 1547025950806,
    "end": 1547025950806,
    "duration": 0,
    "pid": 10792,
    "index": 43
  },
  {
    "name": "Load app.js",
    "start": 1547025950808,
    "end": 1547025950832,
    "duration": 24,
    "pid": 10792,
    "index": 44
  },
  {
    "name": "Require(36) node_modules/.3.1.0@egg-session/app.js",
    "start": 1547025950808,
    "end": 1547025950808,
    "duration": 0,
    "pid": 10792,
    "index": 45
  },
  {
    "name": "Require(37) node_modules/.2.4.2@egg-security/app.js",
    "start": 1547025950809,
    "end": 1547025950810,
    "duration": 1,
    "pid": 10792,
    "index": 46
  },
  {
    "name": "Require(38) node_modules/.2.1.0@egg-onerror/app.js",
    "start": 1547025950810,
    "end": 1547025950818,
    "duration": 8,
    "pid": 10792,
    "index": 47
  },
  {
    "name": "Require(39) node_modules/.2.0.0@egg-i18n/app.js",
    "start": 1547025950818,
    "end": 1547025950823,
    "duration": 5,
    "pid": 10792,
    "index": 48
  },
  {
    "name": "Require(40) node_modules/.3.1.0@egg-watcher/app.js",
    "start": 1547025950823,
    "end": 1547025950826,
    "duration": 3,
    "pid": 10792,
    "index": 49
  },
  {
    "name": "Require(41) node_modules/.3.6.0@egg-schedule/app.js",
    "start": 1547025950826,
    "end": 1547025950827,
    "duration": 1,
    "pid": 10792,
    "index": 50
  },
  {
    "name": "Require(42) node_modules/.2.4.0@egg-multipart/app.js",
    "start": 1547025950827,
    "end": 1547025950830,
    "duration": 3,
    "pid": 10792,
    "index": 51
  },
  {
    "name": "Require(43) node_modules/.2.4.1@egg-development/app.js",
    "start": 1547025950830,
    "end": 1547025950831,
    "duration": 1,
    "pid": 10792,
    "index": 52
  },
  {
    "name": "Require(44) node_modules/.3.0.5@egg-logrotator/app.js",
    "start": 1547025950831,
    "end": 1547025950831,
    "duration": 0,
    "pid": 10792,
    "index": 53
  },
  {
    "name": "Require(45) node_modules/.2.1.1@egg-static/app.js",
    "start": 1547025950831,
    "end": 1547025950831,
    "duration": 0,
    "pid": 10792,
    "index": 54
  },
  {
    "name": "Before Start in node_modules/.3.1.0@egg-watcher/lib/init.js:15:14",
    "start": 1547025950841,
    "end": 1547025952533,
    "duration": 1692,
    "pid": 10792,
    "index": 55
  },
  {
    "name": "Load Service",
    "start": 1547025950871,
    "end": 1547025950875,
    "duration": 4,
    "pid": 10792,
    "index": 56
  },
  {
    "name": "Load \"service\" to Context",
    "start": 1547025950872,
    "end": 1547025950875,
    "duration": 3,
    "pid": 10792,
    "index": 57
  },
  {
    "name": "Load Middleware",
    "start": 1547025950875,
    "end": 1547025950950,
    "duration": 75,
    "pid": 10792,
    "index": 58
  },
  {
    "name": "Load \"middlewares\" to Application",
    "start": 1547025950875,
    "end": 1547025950939,
    "duration": 64,
    "pid": 10792,
    "index": 59
  },
  {
    "name": "Load Controller",
    "start": 1547025950950,
    "end": 1547025952438,
    "duration": 1488,
    "pid": 10792,
    "index": 60
  },
  {
    "name": "Load \"controller\" to Application",
    "start": 1547025950950,
    "end": 1547025952438,
    "duration": 1488,
    "pid": 10792,
    "index": 61
  },
  {
    "name": "Load Router",
    "start": 1547025952438,
    "end": 1547025952440,
    "duration": 2,
    "pid": 10792,
    "index": 62
  },
  {
    "name": "Require(46) app/router.ts",
    "start": 1547025952438,
    "end": 1547025952438,
    "duration": 0,
    "pid": 10792,
    "index": 63
  },
  {
    "name": "Before Start in node_modules/.4.13.0@egg-core/lib/egg.js:287:10",
    "start": 1547025952438,
    "end": 1547025952450,
    "duration": 12,
    "pid": 10792,
    "index": 64
  }
]