[
  {
    "name": "Application Start",
    "start": 1547025226830,
    "end": 1547025228829,
    "duration": 1999,
    "pid": 6436,
    "index": 0
  },
  {
    "name": "Load Plugin",
    "start": 1547025226835,
    "end": 1547025226848,
    "duration": 13,
    "pid": 6436,
    "index": 1
  },
  {
    "name": "Load Config",
    "start": 1547025226848,
    "end": 1547025226861,
    "duration": 13,
    "pid": 6436,
    "index": 2
  },
  {
    "name": "Require(0) config/config.default.ts",
    "start": 1547025226849,
    "end": 1547025226849,
    "duration": 0,
    "pid": 6436,
    "index": 3
  },
  {
    "name": "Require(1) config/config.local.ts",
    "start": 1547025226850,
    "end": 1547025226850,
    "duration": 0,
    "pid": 6436,
    "index": 4
  },
  {
    "name": "Require(2) node_modules/.3.1.0@egg-session/config/config.default.js",
    "start": 1547025226851,
    "end": 1547025226851,
    "duration": 0,
    "pid": 6436,
    "index": 5
  },
  {
    "name": "Require(3) node_modules/.2.4.2@egg-security/config/config.default.js",
    "start": 1547025226851,
    "end": 1547025226851,
    "duration": 0,
    "pid": 6436,
    "index": 6
  },
  {
    "name": "Require(4) node_modules/.2.0.0@egg-jsonp/config/config.default.js",
    "start": 1547025226852,
    "end": 1547025226852,
    "duration": 0,
    "pid": 6436,
    "index": 7
  },
  {
    "name": "Require(5) node_modules/.2.1.0@egg-onerror/config/config.default.js",
    "start": 1547025226852,
    "end": 1547025226852,
    "duration": 0,
    "pid": 6436,
    "index": 8
  },
  {
    "name": "Require(6) node_modules/.2.0.0@egg-i18n/config/config.default.js",
    "start": 1547025226853,
    "end": 1547025226853,
    "duration": 0,
    "pid": 6436,
    "index": 9
  },
  {
    "name": "Require(7) node_modules/.3.1.0@egg-watcher/config/config.default.js",
    "start": 1547025226853,
    "end": 1547025226853,
    "duration": 0,
    "pid": 6436,
    "index": 10
  },
  {
    "name": "Require(8) node_modules/.3.6.0@egg-schedule/config/config.default.js",
    "start": 1547025226853,
    "end": 1547025226854,
    "duration": 1,
    "pid": 6436,
    "index": 11
  },
  {
    "name": "Require(9) node_modules/.2.4.0@egg-multipart/config/config.default.js",
    "start": 1547025226854,
    "end": 1547025226854,
    "duration": 0,
    "pid": 6436,
    "index": 12
  },
  {
    "name": "Require(10) node_modules/.2.4.1@egg-development/config/config.default.js",
    "start": 1547025226855,
    "end": 1547025226855,
    "duration": 0,
    "pid": 6436,
    "index": 13
  },
  {
    "name": "Require(11) node_modules/.3.0.5@egg-logrotator/config/config.default.js",
    "start": 1547025226855,
    "end": 1547025226855,
    "duration": 0,
    "pid": 6436,
    "index": 14
  },
  {
    "name": "Require(12) node_modules/.2.1.1@egg-static/config/config.default.js",
    "start": 1547025226855,
    "end": 1547025226856,
    "duration": 1,
    "pid": 6436,
    "index": 15
  },
  {
    "name": "Require(13) node_modules/.2.1.1@egg-view/config/config.default.js",
    "start": 1547025226856,
    "end": 1547025226856,
    "duration": 0,
    "pid": 6436,
    "index": 16
  },
  {
    "name": "Require(14) node_modules/.2.14.2@egg/config/config.default.js",
    "start": 1547025226856,
    "end": 1547025226857,
    "duration": 1,
    "pid": 6436,
    "index": 17
  },
  {
    "name": "Require(15) config/config.default.ts",
    "start": 1547025226858,
    "end": 1547025226858,
    "duration": 0,
    "pid": 6436,
    "index": 18
  },
  {
    "name": "Require(16) node_modules/.2.4.2@egg-security/config/config.local.js",
    "start": 1547025226858,
    "end": 1547025226858,
    "duration": 0,
    "pid": 6436,
    "index": 19
  },
  {
    "name": "Require(17) node_modules/.3.1.0@egg-watcher/config/config.local.js",
    "start": 1547025226859,
    "end": 1547025226859,
    "duration": 0,
    "pid": 6436,
    "index": 20
  },
  {
    "name": "Require(18) node_modules/.2.1.1@egg-view/config/config.local.js",
    "start": 1547025226860,
    "end": 1547025226860,
    "duration": 0,
    "pid": 6436,
    "index": 21
  },
  {
    "name": "Require(19) node_modules/.2.14.2@egg/config/config.local.js",
    "start": 1547025226860,
    "end": 1547025226861,
    "duration": 1,
    "pid": 6436,
    "index": 22
  },
  {
    "name": "Require(20) config/config.local.ts",
    "start": 1547025226861,
    "end": 1547025226861,
    "duration": 0,
    "pid": 6436,
    "index": 23
  },
  {
    "name": "Load extend/application.js",
    "start": 1547025226862,
    "end": 1547025226871,
    "duration": 9,
    "pid": 6436,
    "index": 24
  },
  {
    "name": "Require(21) node_modules/.3.1.0@egg-session/app/extend/application.js",
    "start": 1547025226863,
    "end": 1547025226863,
    "duration": 0,
    "pid": 6436,
    "index": 25
  },
  {
    "name": "Require(22) node_modules/.2.4.2@egg-security/app/extend/application.js",
    "start": 1547025226863,
    "end": 1547025226864,
    "duration": 1,
    "pid": 6436,
    "index": 26
  },
  {
    "name": "Require(23) node_modules/.2.0.0@egg-jsonp/app/extend/application.js",
    "start": 1547025226864,
    "end": 1547025226865,
    "duration": 1,
    "pid": 6436,
    "index": 27
  },
  {
    "name": "Require(24) node_modules/.3.0.5@egg-logrotator/app/extend/application.js",
    "start": 1547025226867,
    "end": 1547025226868,
    "duration": 1,
    "pid": 6436,
    "index": 28
  },
  {
    "name": "Require(25) node_modules/.2.1.1@egg-view/app/extend/application.js",
    "start": 1547025226869,
    "end": 1547025226870,
    "duration": 1,
    "pid": 6436,
    "index": 29
  },
  {
    "name": "Load extend/request.js",
    "start": 1547025226871,
    "end": 1547025226876,
    "duration": 5,
    "pid": 6436,
    "index": 30
  },
  {
    "name": "Require(26) node_modules/.2.14.2@egg/app/extend/request.js",
    "start": 1547025226873,
    "end": 1547025226874,
    "duration": 1,
    "pid": 6436,
    "index": 31
  },
  {
    "name": "Load extend/response.js",
    "start": 1547025226876,
    "end": 1547025226880,
    "duration": 4,
    "pid": 6436,
    "index": 32
  },
  {
    "name": "Require(27) node_modules/.2.14.2@egg/app/extend/response.js",
    "start": 1547025226877,
    "end": 1547025226878,
    "duration": 1,
    "pid": 6436,
    "index": 33
  },
  {
    "name": "Load extend/context.js",
    "start": 1547025226880,
    "end": 1547025226932,
    "duration": 52,
    "pid": 6436,
    "index": 34
  },
  {
    "name": "Require(28) node_modules/.2.4.2@egg-security/app/extend/context.js",
    "start": 1547025226880,
    "end": 1547025226889,
    "duration": 9,
    "pid": 6436,
    "index": 35
  },
  {
    "name": "Require(29) node_modules/.2.0.0@egg-jsonp/app/extend/context.js",
    "start": 1547025226889,
    "end": 1547025226891,
    "duration": 2,
    "pid": 6436,
    "index": 36
  },
  {
    "name": "Require(30) node_modules/.2.0.0@egg-i18n/app/extend/context.js",
    "start": 1547025226891,
    "end": 1547025226891,
    "duration": 0,
    "pid": 6436,
    "index": 37
  },
  {
    "name": "Require(31) node_modules/.2.4.0@egg-multipart/app/extend/context.js",
    "start": 1547025226892,
    "end": 1547025226928,
    "duration": 36,
    "pid": 6436,
    "index": 38
  },
  {
    "name": "Require(32) node_modules/.2.1.1@egg-view/app/extend/context.js",
    "start": 1547025226929,
    "end": 1547025226929,
    "duration": 0,
    "pid": 6436,
    "index": 39
  },
  {
    "name": "Require(33) node_modules/.2.14.2@egg/app/extend/context.js",
    "start": 1547025226930,
    "end": 1547025226931,
    "duration": 1,
    "pid": 6436,
    "index": 40
  },
  {
    "name": "Load extend/helper.js",
    "start": 1547025226932,
    "end": 1547025226946,
    "duration": 14,
    "pid": 6436,
    "index": 41
  },
  {
    "name": "Require(34) node_modules/.2.4.2@egg-security/app/extend/helper.js",
    "start": 1547025226933,
    "end": 1547025226943,
    "duration": 10,
    "pid": 6436,
    "index": 42
  },
  {
    "name": "Require(35) node_modules/.2.14.2@egg/app/extend/helper.js",
    "start": 1547025226944,
    "end": 1547025226944,
    "duration": 0,
    "pid": 6436,
    "index": 43
  },
  {
    "name": "Load app.js",
    "start": 1547025226946,
    "end": 1547025226970,
    "duration": 24,
    "pid": 6436,
    "index": 44
  },
  {
    "name": "Require(36) node_modules/.3.1.0@egg-session/app.js",
    "start": 1547025226946,
    "end": 1547025226946,
    "duration": 0,
    "pid": 6436,
    "index": 45
  },
  {
    "name": "Require(37) node_modules/.2.4.2@egg-security/app.js",
    "start": 1547025226946,
    "end": 1547025226948,
    "duration": 2,
    "pid": 6436,
    "index": 46
  },
  {
    "name": "Require(38) node_modules/.2.1.0@egg-onerror/app.js",
    "start": 1547025226948,
    "end": 1547025226956,
    "duration": 8,
    "pid": 6436,
    "index": 47
  },
  {
    "name": "Require(39) node_modules/.2.0.0@egg-i18n/app.js",
    "start": 1547025226956,
    "end": 1547025226961,
    "duration": 5,
    "pid": 6436,
    "index": 48
  },
  {
    "name": "Require(40) node_modules/.3.1.0@egg-watcher/app.js",
    "start": 1547025226962,
    "end": 1547025226964,
    "duration": 2,
    "pid": 6436,
    "index": 49
  },
  {
    "name": "Require(41) node_modules/.3.6.0@egg-schedule/app.js",
    "start": 1547025226964,
    "end": 1547025226966,
    "duration": 2,
    "pid": 6436,
    "index": 50
  },
  {
    "name": "Require(42) node_modules/.2.4.0@egg-multipart/app.js",
    "start": 1547025226966,
    "end": 1547025226968,
    "duration": 2,
    "pid": 6436,
    "index": 51
  },
  {
    "name": "Require(43) node_modules/.2.4.1@egg-development/app.js",
    "start": 1547025226968,
    "end": 1547025226968,
    "duration": 0,
    "pid": 6436,
    "index": 52
  },
  {
    "name": "Require(44) node_modules/.3.0.5@egg-logrotator/app.js",
    "start": 1547025226968,
    "end": 1547025226969,
    "duration": 1,
    "pid": 6436,
    "index": 53
  },
  {
    "name": "Require(45) node_modules/.2.1.1@egg-static/app.js",
    "start": 1547025226969,
    "end": 1547025226969,
    "duration": 0,
    "pid": 6436,
    "index": 54
  },
  {
    "name": "Before Start in node_modules/.3.1.0@egg-watcher/lib/init.js:15:14",
    "start": 1547025226978,
    "end": 1547025228828,
    "duration": 1850,
    "pid": 6436,
    "index": 55
  },
  {
    "name": "Load Service",
    "start": 1547025227009,
    "end": 1547025227012,
    "duration": 3,
    "pid": 6436,
    "index": 56
  },
  {
    "name": "Load \"service\" to Context",
    "start": 1547025227009,
    "end": 1547025227012,
    "duration": 3,
    "pid": 6436,
    "index": 57
  },
  {
    "name": "Load Middleware",
    "start": 1547025227013,
    "end": 1547025227082,
    "duration": 69,
    "pid": 6436,
    "index": 58
  },
  {
    "name": "Load \"middlewares\" to Application",
    "start": 1547025227013,
    "end": 1547025227074,
    "duration": 61,
    "pid": 6436,
    "index": 59
  },
  {
    "name": "Load Controller",
    "start": 1547025227083,
    "end": 1547025227084,
    "duration": 1,
    "pid": 6436,
    "index": 60
  },
  {
    "name": "Load \"controller\" to Application",
    "start": 1547025227083,
    "end": 1547025227084,
    "duration": 1,
    "pid": 6436,
    "index": 61
  },
  {
    "name": "Load Router",
    "start": 1547025227084,
    "end": 1547025228758,
    "duration": 1674,
    "pid": 6436,
    "index": 62
  },
  {
    "name": "Require(46) app/router.ts",
    "start": 1547025227085,
    "end": 1547025228754,
    "duration": 1669,
    "pid": 6436,
    "index": 63
  },
  {
    "name": "Before Start in node_modules/.4.13.0@egg-core/lib/egg.js:287:10",
    "start": 1547025228755,
    "end": 1547025228769,
    "duration": 14,
    "pid": 6436,
    "index": 64
  }
]