[
  {
    "name": "Application Start",
    "start": 1547029118656,
    "end": 1547029120474,
    "duration": 1818,
    "pid": 20952,
    "index": 0
  },
  {
    "name": "Load Plugin",
    "start": 1547029118660,
    "end": 1547029118673,
    "duration": 13,
    "pid": 20952,
    "index": 1
  },
  {
    "name": "Load Config",
    "start": 1547029118673,
    "end": 1547029118686,
    "duration": 13,
    "pid": 20952,
    "index": 2
  },
  {
    "name": "Require(0) config/config.default.ts",
    "start": 1547029118674,
    "end": 1547029118674,
    "duration": 0,
    "pid": 20952,
    "index": 3
  },
  {
    "name": "Require(1) config/config.local.ts",
    "start": 1547029118675,
    "end": 1547029118675,
    "duration": 0,
    "pid": 20952,
    "index": 4
  },
  {
    "name": "Require(2) node_modules/.3.1.0@egg-session/config/config.default.js",
    "start": 1547029118675,
    "end": 1547029118675,
    "duration": 0,
    "pid": 20952,
    "index": 5
  },
  {
    "name": "Require(3) node_modules/.2.4.2@egg-security/config/config.default.js",
    "start": 1547029118676,
    "end": 1547029118676,
    "duration": 0,
    "pid": 20952,
    "index": 6
  },
  {
    "name": "Require(4) node_modules/.2.0.0@egg-jsonp/config/config.default.js",
    "start": 1547029118676,
    "end": 1547029118677,
    "duration": 1,
    "pid": 20952,
    "index": 7
  },
  {
    "name": "Require(5) node_modules/.2.1.0@egg-onerror/config/config.default.js",
    "start": 1547029118677,
    "end": 1547029118677,
    "duration": 0,
    "pid": 20952,
    "index": 8
  },
  {
    "name": "Require(6) node_modules/.2.0.0@egg-i18n/config/config.default.js",
    "start": 1547029118677,
    "end": 1547029118677,
    "duration": 0,
    "pid": 20952,
    "index": 9
  },
  {
    "name": "Require(7) node_modules/.3.1.0@egg-watcher/config/config.default.js",
    "start": 1547029118678,
    "end": 1547029118678,
    "duration": 0,
    "pid": 20952,
    "index": 10
  },
  {
    "name": "Require(8) node_modules/.3.6.0@egg-schedule/config/config.default.js",
    "start": 1547029118678,
    "end": 1547029118678,
    "duration": 0,
    "pid": 20952,
    "index": 11
  },
  {
    "name": "Require(9) node_modules/.2.4.0@egg-multipart/config/config.default.js",
    "start": 1547029118679,
    "end": 1547029118679,
    "duration": 0,
    "pid": 20952,
    "index": 12
  },
  {
    "name": "Require(10) node_modules/.2.4.1@egg-development/config/config.default.js",
    "start": 1547029118680,
    "end": 1547029118680,
    "duration": 0,
    "pid": 20952,
    "index": 13
  },
  {
    "name": "Require(11) node_modules/.3.0.5@egg-logrotator/config/config.default.js",
    "start": 1547029118680,
    "end": 1547029118680,
    "duration": 0,
    "pid": 20952,
    "index": 14
  },
  {
    "name": "Require(12) node_modules/.2.1.1@egg-static/config/config.default.js",
    "start": 1547029118681,
    "end": 1547029118681,
    "duration": 0,
    "pid": 20952,
    "index": 15
  },
  {
    "name": "Require(13) node_modules/.2.1.1@egg-view/config/config.default.js",
    "start": 1547029118681,
    "end": 1547029118681,
    "duration": 0,
    "pid": 20952,
    "index": 16
  },
  {
    "name": "Require(14) node_modules/.2.14.2@egg/config/config.default.js",
    "start": 1547029118682,
    "end": 1547029118682,
    "duration": 0,
    "pid": 20952,
    "index": 17
  },
  {
    "name": "Require(15) config/config.default.ts",
    "start": 1547029118683,
    "end": 1547029118683,
    "duration": 0,
    "pid": 20952,
    "index": 18
  },
  {
    "name": "Require(16) node_modules/.2.4.2@egg-security/config/config.local.js",
    "start": 1547029118684,
    "end": 1547029118684,
    "duration": 0,
    "pid": 20952,
    "index": 19
  },
  {
    "name": "Require(17) node_modules/.3.1.0@egg-watcher/config/config.local.js",
    "start": 1547029118684,
    "end": 1547029118685,
    "duration": 1,
    "pid": 20952,
    "index": 20
  },
  {
    "name": "Require(18) node_modules/.2.1.1@egg-view/config/config.local.js",
    "start": 1547029118685,
    "end": 1547029118685,
    "duration": 0,
    "pid": 20952,
    "index": 21
  },
  {
    "name": "Require(19) node_modules/.2.14.2@egg/config/config.local.js",
    "start": 1547029118686,
    "end": 1547029118686,
    "duration": 0,
    "pid": 20952,
    "index": 22
  },
  {
    "name": "Require(20) config/config.local.ts",
    "start": 1547029118686,
    "end": 1547029118686,
    "duration": 0,
    "pid": 20952,
    "index": 23
  },
  {
    "name": "Load extend/application.js",
    "start": 1547029118687,
    "end": 1547029118696,
    "duration": 9,
    "pid": 20952,
    "index": 24
  },
  {
    "name": "Require(21) node_modules/.3.1.0@egg-session/app/extend/application.js",
    "start": 1547029118687,
    "end": 1547029118687,
    "duration": 0,
    "pid": 20952,
    "index": 25
  },
  {
    "name": "Require(22) node_modules/.2.4.2@egg-security/app/extend/application.js",
    "start": 1547029118688,
    "end": 1547029118688,
    "duration": 0,
    "pid": 20952,
    "index": 26
  },
  {
    "name": "Require(23) node_modules/.2.0.0@egg-jsonp/app/extend/application.js",
    "start": 1547029118688,
    "end": 1547029118690,
    "duration": 2,
    "pid": 20952,
    "index": 27
  },
  {
    "name": "Require(24) node_modules/.3.0.5@egg-logrotator/app/extend/application.js",
    "start": 1547029118690,
    "end": 1547029118692,
    "duration": 2,
    "pid": 20952,
    "index": 28
  },
  {
    "name": "Require(25) node_modules/.2.1.1@egg-view/app/extend/application.js",
    "start": 1547029118692,
    "end": 1547029118694,
    "duration": 2,
    "pid": 20952,
    "index": 29
  },
  {
    "name": "Load extend/request.js",
    "start": 1547029118696,
    "end": 1547029118700,
    "duration": 4,
    "pid": 20952,
    "index": 30
  },
  {
    "name": "Require(26) node_modules/.2.14.2@egg/app/extend/request.js",
    "start": 1547029118698,
    "end": 1547029118699,
    "duration": 1,
    "pid": 20952,
    "index": 31
  },
  {
    "name": "Load extend/response.js",
    "start": 1547029118700,
    "end": 1547029118705,
    "duration": 5,
    "pid": 20952,
    "index": 32
  },
  {
    "name": "Require(27) node_modules/.2.14.2@egg/app/extend/response.js",
    "start": 1547029118702,
    "end": 1547029118703,
    "duration": 1,
    "pid": 20952,
    "index": 33
  },
  {
    "name": "Load extend/context.js",
    "start": 1547029118705,
    "end": 1547029118759,
    "duration": 54,
    "pid": 20952,
    "index": 34
  },
  {
    "name": "Require(28) node_modules/.2.4.2@egg-security/app/extend/context.js",
    "start": 1547029118705,
    "end": 1547029118715,
    "duration": 10,
    "pid": 20952,
    "index": 35
  },
  {
    "name": "Require(29) node_modules/.2.0.0@egg-jsonp/app/extend/context.js",
    "start": 1547029118715,
    "end": 1547029118716,
    "duration": 1,
    "pid": 20952,
    "index": 36
  },
  {
    "name": "Require(30) node_modules/.2.0.0@egg-i18n/app/extend/context.js",
    "start": 1547029118716,
    "end": 1547029118716,
    "duration": 0,
    "pid": 20952,
    "index": 37
  },
  {
    "name": "Require(31) node_modules/.2.4.0@egg-multipart/app/extend/context.js",
    "start": 1547029118717,
    "end": 1547029118754,
    "duration": 37,
    "pid": 20952,
    "index": 38
  },
  {
    "name": "Require(32) node_modules/.2.1.1@egg-view/app/extend/context.js",
    "start": 1547029118755,
    "end": 1547029118755,
    "duration": 0,
    "pid": 20952,
    "index": 39
  },
  {
    "name": "Require(33) node_modules/.2.14.2@egg/app/extend/context.js",
    "start": 1547029118755,
    "end": 1547029118757,
    "duration": 2,
    "pid": 20952,
    "index": 40
  },
  {
    "name": "Load extend/helper.js",
    "start": 1547029118759,
    "end": 1547029118773,
    "duration": 14,
    "pid": 20952,
    "index": 41
  },
  {
    "name": "Require(34) node_modules/.2.4.2@egg-security/app/extend/helper.js",
    "start": 1547029118759,
    "end": 1547029118770,
    "duration": 11,
    "pid": 20952,
    "index": 42
  },
  {
    "name": "Require(35) node_modules/.2.14.2@egg/app/extend/helper.js",
    "start": 1547029118772,
    "end": 1547029118772,
    "duration": 0,
    "pid": 20952,
    "index": 43
  },
  {
    "name": "Load app.js",
    "start": 1547029118773,
    "end": 1547029118799,
    "duration": 26,
    "pid": 20952,
    "index": 44
  },
  {
    "name": "Require(36) node_modules/.3.1.0@egg-session/app.js",
    "start": 1547029118774,
    "end": 1547029118774,
    "duration": 0,
    "pid": 20952,
    "index": 45
  },
  {
    "name": "Require(37) node_modules/.2.4.2@egg-security/app.js",
    "start": 1547029118774,
    "end": 1547029118775,
    "duration": 1,
    "pid": 20952,
    "index": 46
  },
  {
    "name": "Require(38) node_modules/.2.1.0@egg-onerror/app.js",
    "start": 1547029118776,
    "end": 1547029118784,
    "duration": 8,
    "pid": 20952,
    "index": 47
  },
  {
    "name": "Require(39) node_modules/.2.0.0@egg-i18n/app.js",
    "start": 1547029118784,
    "end": 1547029118790,
    "duration": 6,
    "pid": 20952,
    "index": 48
  },
  {
    "name": "Require(40) node_modules/.3.1.0@egg-watcher/app.js",
    "start": 1547029118790,
    "end": 1547029118793,
    "duration": 3,
    "pid": 20952,
    "index": 49
  },
  {
    "name": "Require(41) node_modules/.3.6.0@egg-schedule/app.js",
    "start": 1547029118793,
    "end": 1547029118795,
    "duration": 2,
    "pid": 20952,
    "index": 50
  },
  {
    "name": "Require(42) node_modules/.2.4.0@egg-multipart/app.js",
    "start": 1547029118795,
    "end": 1547029118797,
    "duration": 2,
    "pid": 20952,
    "index": 51
  },
  {
    "name": "Require(43) node_modules/.2.4.1@egg-development/app.js",
    "start": 1547029118797,
    "end": 1547029118797,
    "duration": 0,
    "pid": 20952,
    "index": 52
  },
  {
    "name": "Require(44) node_modules/.3.0.5@egg-logrotator/app.js",
    "start": 1547029118798,
    "end": 1547029118798,
    "duration": 0,
    "pid": 20952,
    "index": 53
  },
  {
    "name": "Require(45) node_modules/.2.1.1@egg-static/app.js",
    "start": 1547029118798,
    "end": 1547029118798,
    "duration": 0,
    "pid": 20952,
    "index": 54
  },
  {
    "name": "Before Start in node_modules/.3.1.0@egg-watcher/lib/init.js:15:14",
    "start": 1547029118808,
    "end": 1547029120474,
    "duration": 1666,
    "pid": 20952,
    "index": 55
  },
  {
    "name": "Load Service",
    "start": 1547029118845,
    "end": 1547029118848,
    "duration": 3,
    "pid": 20952,
    "index": 56
  },
  {
    "name": "Load \"service\" to Context",
    "start": 1547029118845,
    "end": 1547029118848,
    "duration": 3,
    "pid": 20952,
    "index": 57
  },
  {
    "name": "Load Middleware",
    "start": 1547029118849,
    "end": 1547029118919,
    "duration": 70,
    "pid": 20952,
    "index": 58
  },
  {
    "name": "Load \"middlewares\" to Application",
    "start": 1547029118849,
    "end": 1547029118911,
    "duration": 62,
    "pid": 20952,
    "index": 59
  },
  {
    "name": "Load Controller",
    "start": 1547029118919,
    "end": 1547029120379,
    "duration": 1460,
    "pid": 20952,
    "index": 60
  },
  {
    "name": "Load \"controller\" to Application",
    "start": 1547029118919,
    "end": 1547029120379,
    "duration": 1460,
    "pid": 20952,
    "index": 61
  },
  {
    "name": "Load Router",
    "start": 1547029120379,
    "end": 1547029120381,
    "duration": 2,
    "pid": 20952,
    "index": 62
  },
  {
    "name": "Require(46) app/router.ts",
    "start": 1547029120379,
    "end": 1547029120379,
    "duration": 0,
    "pid": 20952,
    "index": 63
  },
  {
    "name": "Before Start in node_modules/.4.13.0@egg-core/lib/egg.js:287:10",
    "start": 1547029120380,
    "end": 1547029120390,
    "duration": 10,
    "pid": 20952,
    "index": 64
  }
]