[
  {
    "name": "Application Start",
    "start": 1547025605585,
    "end": 1547025607335,
    "duration": 1750,
    "pid": 18040,
    "index": 0
  },
  {
    "name": "Load Plugin",
    "start": 1547025605588,
    "end": 1547025605602,
    "duration": 14,
    "pid": 18040,
    "index": 1
  },
  {
    "name": "Load Config",
    "start": 1547025605602,
    "end": 1547025605615,
    "duration": 13,
    "pid": 18040,
    "index": 2
  },
  {
    "name": "Require(0) config/config.default.ts",
    "start": 1547025605602,
    "end": 1547025605603,
    "duration": 1,
    "pid": 18040,
    "index": 3
  },
  {
    "name": "Require(1) config/config.local.ts",
    "start": 1547025605604,
    "end": 1547025605604,
    "duration": 0,
    "pid": 18040,
    "index": 4
  },
  {
    "name": "Require(2) node_modules/.3.1.0@egg-session/config/config.default.js",
    "start": 1547025605605,
    "end": 1547025605605,
    "duration": 0,
    "pid": 18040,
    "index": 5
  },
  {
    "name": "Require(3) node_modules/.2.4.2@egg-security/config/config.default.js",
    "start": 1547025605605,
    "end": 1547025605606,
    "duration": 1,
    "pid": 18040,
    "index": 6
  },
  {
    "name": "Require(4) node_modules/.2.0.0@egg-jsonp/config/config.default.js",
    "start": 1547025605606,
    "end": 1547025605606,
    "duration": 0,
    "pid": 18040,
    "index": 7
  },
  {
    "name": "Require(5) node_modules/.2.1.0@egg-onerror/config/config.default.js",
    "start": 1547025605607,
    "end": 1547025605607,
    "duration": 0,
    "pid": 18040,
    "index": 8
  },
  {
    "name": "Require(6) node_modules/.2.0.0@egg-i18n/config/config.default.js",
    "start": 1547025605607,
    "end": 1547025605607,
    "duration": 0,
    "pid": 18040,
    "index": 9
  },
  {
    "name": "Require(7) node_modules/.3.1.0@egg-watcher/config/config.default.js",
    "start": 1547025605608,
    "end": 1547025605608,
    "duration": 0,
    "pid": 18040,
    "index": 10
  },
  {
    "name": "Require(8) node_modules/.3.6.0@egg-schedule/config/config.default.js",
    "start": 1547025605608,
    "end": 1547025605608,
    "duration": 0,
    "pid": 18040,
    "index": 11
  },
  {
    "name": "Require(9) node_modules/.2.4.0@egg-multipart/config/config.default.js",
    "start": 1547025605609,
    "end": 1547025605609,
    "duration": 0,
    "pid": 18040,
    "index": 12
  },
  {
    "name": "Require(10) node_modules/.2.4.1@egg-development/config/config.default.js",
    "start": 1547025605609,
    "end": 1547025605609,
    "duration": 0,
    "pid": 18040,
    "index": 13
  },
  {
    "name": "Require(11) node_modules/.3.0.5@egg-logrotator/config/config.default.js",
    "start": 1547025605610,
    "end": 1547025605610,
    "duration": 0,
    "pid": 18040,
    "index": 14
  },
  {
    "name": "Require(12) node_modules/.2.1.1@egg-static/config/config.default.js",
    "start": 1547025605610,
    "end": 1547025605610,
    "duration": 0,
    "pid": 18040,
    "index": 15
  },
  {
    "name": "Require(13) node_modules/.2.1.1@egg-view/config/config.default.js",
    "start": 1547025605610,
    "end": 1547025605611,
    "duration": 1,
    "pid": 18040,
    "index": 16
  },
  {
    "name": "Require(14) node_modules/.2.14.2@egg/config/config.default.js",
    "start": 1547025605611,
    "end": 1547025605611,
    "duration": 0,
    "pid": 18040,
    "index": 17
  },
  {
    "name": "Require(15) config/config.default.ts",
    "start": 1547025605612,
    "end": 1547025605612,
    "duration": 0,
    "pid": 18040,
    "index": 18
  },
  {
    "name": "Require(16) node_modules/.2.4.2@egg-security/config/config.local.js",
    "start": 1547025605613,
    "end": 1547025605613,
    "duration": 0,
    "pid": 18040,
    "index": 19
  },
  {
    "name": "Require(17) node_modules/.3.1.0@egg-watcher/config/config.local.js",
    "start": 1547025605614,
    "end": 1547025605614,
    "duration": 0,
    "pid": 18040,
    "index": 20
  },
  {
    "name": "Require(18) node_modules/.2.1.1@egg-view/config/config.local.js",
    "start": 1547025605615,
    "end": 1547025605615,
    "duration": 0,
    "pid": 18040,
    "index": 21
  },
  {
    "name": "Require(19) node_modules/.2.14.2@egg/config/config.local.js",
    "start": 1547025605615,
    "end": 1547025605615,
    "duration": 0,
    "pid": 18040,
    "index": 22
  },
  {
    "name": "Require(20) config/config.local.ts",
    "start": 1547025605615,
    "end": 1547025605615,
    "duration": 0,
    "pid": 18040,
    "index": 23
  },
  {
    "name": "Load extend/application.js",
    "start": 1547025605617,
    "end": 1547025605626,
    "duration": 9,
    "pid": 18040,
    "index": 24
  },
  {
    "name": "Require(21) node_modules/.3.1.0@egg-session/app/extend/application.js",
    "start": 1547025605617,
    "end": 1547025605618,
    "duration": 1,
    "pid": 18040,
    "index": 25
  },
  {
    "name": "Require(22) node_modules/.2.4.2@egg-security/app/extend/application.js",
    "start": 1547025605618,
    "end": 1547025605619,
    "duration": 1,
    "pid": 18040,
    "index": 26
  },
  {
    "name": "Require(23) node_modules/.2.0.0@egg-jsonp/app/extend/application.js",
    "start": 1547025605619,
    "end": 1547025605620,
    "duration": 1,
    "pid": 18040,
    "index": 27
  },
  {
    "name": "Require(24) node_modules/.3.0.5@egg-logrotator/app/extend/application.js",
    "start": 1547025605621,
    "end": 1547025605623,
    "duration": 2,
    "pid": 18040,
    "index": 28
  },
  {
    "name": "Require(25) node_modules/.2.1.1@egg-view/app/extend/application.js",
    "start": 1547025605623,
    "end": 1547025605624,
    "duration": 1,
    "pid": 18040,
    "index": 29
  },
  {
    "name": "Load extend/request.js",
    "start": 1547025605626,
    "end": 1547025605631,
    "duration": 5,
    "pid": 18040,
    "index": 30
  },
  {
    "name": "Require(26) node_modules/.2.14.2@egg/app/extend/request.js",
    "start": 1547025605627,
    "end": 1547025605628,
    "duration": 1,
    "pid": 18040,
    "index": 31
  },
  {
    "name": "Load extend/response.js",
    "start": 1547025605631,
    "end": 1547025605636,
    "duration": 5,
    "pid": 18040,
    "index": 32
  },
  {
    "name": "Require(27) node_modules/.2.14.2@egg/app/extend/response.js",
    "start": 1547025605632,
    "end": 1547025605634,
    "duration": 2,
    "pid": 18040,
    "index": 33
  },
  {
    "name": "Load extend/context.js",
    "start": 1547025605636,
    "end": 1547025605689,
    "duration": 53,
    "pid": 18040,
    "index": 34
  },
  {
    "name": "Require(28) node_modules/.2.4.2@egg-security/app/extend/context.js",
    "start": 1547025605637,
    "end": 1547025605646,
    "duration": 9,
    "pid": 18040,
    "index": 35
  },
  {
    "name": "Require(29) node_modules/.2.0.0@egg-jsonp/app/extend/context.js",
    "start": 1547025605647,
    "end": 1547025605647,
    "duration": 0,
    "pid": 18040,
    "index": 36
  },
  {
    "name": "Require(30) node_modules/.2.0.0@egg-i18n/app/extend/context.js",
    "start": 1547025605648,
    "end": 1547025605648,
    "duration": 0,
    "pid": 18040,
    "index": 37
  },
  {
    "name": "Require(31) node_modules/.2.4.0@egg-multipart/app/extend/context.js",
    "start": 1547025605649,
    "end": 1547025605685,
    "duration": 36,
    "pid": 18040,
    "index": 38
  },
  {
    "name": "Require(32) node_modules/.2.1.1@egg-view/app/extend/context.js",
    "start": 1547025605685,
    "end": 1547025605686,
    "duration": 1,
    "pid": 18040,
    "index": 39
  },
  {
    "name": "Require(33) node_modules/.2.14.2@egg/app/extend/context.js",
    "start": 1547025605686,
    "end": 1547025605687,
    "duration": 1,
    "pid": 18040,
    "index": 40
  },
  {
    "name": "Load extend/helper.js",
    "start": 1547025605689,
    "end": 1547025605705,
    "duration": 16,
    "pid": 18040,
    "index": 41
  },
  {
    "name": "Require(34) node_modules/.2.4.2@egg-security/app/extend/helper.js",
    "start": 1547025605689,
    "end": 1547025605702,
    "duration": 13,
    "pid": 18040,
    "index": 42
  },
  {
    "name": "Require(35) node_modules/.2.14.2@egg/app/extend/helper.js",
    "start": 1547025605703,
    "end": 1547025605704,
    "duration": 1,
    "pid": 18040,
    "index": 43
  },
  {
    "name": "Load app.js",
    "start": 1547025605705,
    "end": 1547025605729,
    "duration": 24,
    "pid": 18040,
    "index": 44
  },
  {
    "name": "Require(36) node_modules/.3.1.0@egg-session/app.js",
    "start": 1547025605706,
    "end": 1547025605706,
    "duration": 0,
    "pid": 18040,
    "index": 45
  },
  {
    "name": "Require(37) node_modules/.2.4.2@egg-security/app.js",
    "start": 1547025605706,
    "end": 1547025605708,
    "duration": 2,
    "pid": 18040,
    "index": 46
  },
  {
    "name": "Require(38) node_modules/.2.1.0@egg-onerror/app.js",
    "start": 1547025605708,
    "end": 1547025605716,
    "duration": 8,
    "pid": 18040,
    "index": 47
  },
  {
    "name": "Require(39) node_modules/.2.0.0@egg-i18n/app.js",
    "start": 1547025605716,
    "end": 1547025605720,
    "duration": 4,
    "pid": 18040,
    "index": 48
  },
  {
    "name": "Require(40) node_modules/.3.1.0@egg-watcher/app.js",
    "start": 1547025605721,
    "end": 1547025605724,
    "duration": 3,
    "pid": 18040,
    "index": 49
  },
  {
    "name": "Require(41) node_modules/.3.6.0@egg-schedule/app.js",
    "start": 1547025605724,
    "end": 1547025605725,
    "duration": 1,
    "pid": 18040,
    "index": 50
  },
  {
    "name": "Require(42) node_modules/.2.4.0@egg-multipart/app.js",
    "start": 1547025605725,
    "end": 1547025605727,
    "duration": 2,
    "pid": 18040,
    "index": 51
  },
  {
    "name": "Require(43) node_modules/.2.4.1@egg-development/app.js",
    "start": 1547025605728,
    "end": 1547025605728,
    "duration": 0,
    "pid": 18040,
    "index": 52
  },
  {
    "name": "Require(44) node_modules/.3.0.5@egg-logrotator/app.js",
    "start": 1547025605728,
    "end": 1547025605728,
    "duration": 0,
    "pid": 18040,
    "index": 53
  },
  {
    "name": "Require(45) node_modules/.2.1.1@egg-static/app.js",
    "start": 1547025605728,
    "end": 1547025605728,
    "duration": 0,
    "pid": 18040,
    "index": 54
  },
  {
    "name": "Before Start in node_modules/.3.1.0@egg-watcher/lib/init.js:15:14",
    "start": 1547025605738,
    "end": 1547025607334,
    "duration": 1596,
    "pid": 18040,
    "index": 55
  },
  {
    "name": "Load Service",
    "start": 1547025605769,
    "end": 1547025605773,
    "duration": 4,
    "pid": 18040,
    "index": 56
  },
  {
    "name": "Load \"service\" to Context",
    "start": 1547025605770,
    "end": 1547025605773,
    "duration": 3,
    "pid": 18040,
    "index": 57
  },
  {
    "name": "Load Middleware",
    "start": 1547025605773,
    "end": 1547025605846,
    "duration": 73,
    "pid": 18040,
    "index": 58
  },
  {
    "name": "Load \"middlewares\" to Application",
    "start": 1547025605773,
    "end": 1547025605839,
    "duration": 66,
    "pid": 18040,
    "index": 59
  },
  {
    "name": "Load Controller",
    "start": 1547025605846,
    "end": 1547025607243,
    "duration": 1397,
    "pid": 18040,
    "index": 60
  },
  {
    "name": "Load \"controller\" to Application",
    "start": 1547025605846,
    "end": 1547025607243,
    "duration": 1397,
    "pid": 18040,
    "index": 61
  },
  {
    "name": "Load Router",
    "start": 1547025607243,
    "end": 1547025607245,
    "duration": 2,
    "pid": 18040,
    "index": 62
  },
  {
    "name": "Require(46) app/router.ts",
    "start": 1547025607243,
    "end": 1547025607243,
    "duration": 0,
    "pid": 18040,
    "index": 63
  },
  {
    "name": "Before Start in node_modules/.4.13.0@egg-core/lib/egg.js:287:10",
    "start": 1547025607243,
    "end": 1547025607254,
    "duration": 11,
    "pid": 18040,
    "index": 64
  }
]