[
  {
    "name": "Application Start",
    "start": 1547029246296,
    "end": 1547029248314,
    "duration": 2018,
    "pid": 13036,
    "index": 0
  },
  {
    "name": "Load Plugin",
    "start": 1547029246301,
    "end": 1547029246314,
    "duration": 13,
    "pid": 13036,
    "index": 1
  },
  {
    "name": "Load Config",
    "start": 1547029246314,
    "end": 1547029246327,
    "duration": 13,
    "pid": 13036,
    "index": 2
  },
  {
    "name": "Require(0) config/config.default.ts",
    "start": 1547029246315,
    "end": 1547029246315,
    "duration": 0,
    "pid": 13036,
    "index": 3
  },
  {
    "name": "Require(1) config/config.local.ts",
    "start": 1547029246316,
    "end": 1547029246316,
    "duration": 0,
    "pid": 13036,
    "index": 4
  },
  {
    "name": "Require(2) node_modules/.3.1.0@egg-session/config/config.default.js",
    "start": 1547029246317,
    "end": 1547029246317,
    "duration": 0,
    "pid": 13036,
    "index": 5
  },
  {
    "name": "Require(3) node_modules/.2.4.2@egg-security/config/config.default.js",
    "start": 1547029246317,
    "end": 1547029246317,
    "duration": 0,
    "pid": 13036,
    "index": 6
  },
  {
    "name": "Require(4) node_modules/.2.0.0@egg-jsonp/config/config.default.js",
    "start": 1547029246318,
    "end": 1547029246318,
    "duration": 0,
    "pid": 13036,
    "index": 7
  },
  {
    "name": "Require(5) node_modules/.2.1.0@egg-onerror/config/config.default.js",
    "start": 1547029246318,
    "end": 1547029246318,
    "duration": 0,
    "pid": 13036,
    "index": 8
  },
  {
    "name": "Require(6) node_modules/.2.0.0@egg-i18n/config/config.default.js",
    "start": 1547029246318,
    "end": 1547029246319,
    "duration": 1,
    "pid": 13036,
    "index": 9
  },
  {
    "name": "Require(7) node_modules/.3.1.0@egg-watcher/config/config.default.js",
    "start": 1547029246319,
    "end": 1547029246320,
    "duration": 1,
    "pid": 13036,
    "index": 10
  },
  {
    "name": "Require(8) node_modules/.3.6.0@egg-schedule/config/config.default.js",
    "start": 1547029246320,
    "end": 1547029246320,
    "duration": 0,
    "pid": 13036,
    "index": 11
  },
  {
    "name": "Require(9) node_modules/.2.4.0@egg-multipart/config/config.default.js",
    "start": 1547029246320,
    "end": 1547029246320,
    "duration": 0,
    "pid": 13036,
    "index": 12
  },
  {
    "name": "Require(10) node_modules/.2.4.1@egg-development/config/config.default.js",
    "start": 1547029246321,
    "end": 1547029246321,
    "duration": 0,
    "pid": 13036,
    "index": 13
  },
  {
    "name": "Require(11) node_modules/.3.0.5@egg-logrotator/config/config.default.js",
    "start": 1547029246321,
    "end": 1547029246321,
    "duration": 0,
    "pid": 13036,
    "index": 14
  },
  {
    "name": "Require(12) node_modules/.2.1.1@egg-static/config/config.default.js",
    "start": 1547029246322,
    "end": 1547029246322,
    "duration": 0,
    "pid": 13036,
    "index": 15
  },
  {
    "name": "Require(13) node_modules/.2.1.1@egg-view/config/config.default.js",
    "start": 1547029246322,
    "end": 1547029246322,
    "duration": 0,
    "pid": 13036,
    "index": 16
  },
  {
    "name": "Require(14) node_modules/.2.14.2@egg/config/config.default.js",
    "start": 1547029246322,
    "end": 1547029246323,
    "duration": 1,
    "pid": 13036,
    "index": 17
  },
  {
    "name": "Require(15) config/config.default.ts",
    "start": 1547029246324,
    "end": 1547029246324,
    "duration": 0,
    "pid": 13036,
    "index": 18
  },
  {
    "name": "Require(16) node_modules/.2.4.2@egg-security/config/config.local.js",
    "start": 1547029246324,
    "end": 1547029246324,
    "duration": 0,
    "pid": 13036,
    "index": 19
  },
  {
    "name": "Require(17) node_modules/.3.1.0@egg-watcher/config/config.local.js",
    "start": 1547029246325,
    "end": 1547029246326,
    "duration": 1,
    "pid": 13036,
    "index": 20
  },
  {
    "name": "Require(18) node_modules/.2.1.1@egg-view/config/config.local.js",
    "start": 1547029246326,
    "end": 1547029246327,
    "duration": 1,
    "pid": 13036,
    "index": 21
  },
  {
    "name": "Require(19) node_modules/.2.14.2@egg/config/config.local.js",
    "start": 1547029246327,
    "end": 1547029246327,
    "duration": 0,
    "pid": 13036,
    "index": 22
  },
  {
    "name": "Require(20) config/config.local.ts",
    "start": 1547029246327,
    "end": 1547029246327,
    "duration": 0,
    "pid": 13036,
    "index": 23
  },
  {
    "name": "Load extend/application.js",
    "start": 1547029246328,
    "end": 1547029246338,
    "duration": 10,
    "pid": 13036,
    "index": 24
  },
  {
    "name": "Require(21) node_modules/.3.1.0@egg-session/app/extend/application.js",
    "start": 1547029246328,
    "end": 1547029246329,
    "duration": 1,
    "pid": 13036,
    "index": 25
  },
  {
    "name": "Require(22) node_modules/.2.4.2@egg-security/app/extend/application.js",
    "start": 1547029246329,
    "end": 1547029246330,
    "duration": 1,
    "pid": 13036,
    "index": 26
  },
  {
    "name": "Require(23) node_modules/.2.0.0@egg-jsonp/app/extend/application.js",
    "start": 1547029246330,
    "end": 1547029246331,
    "duration": 1,
    "pid": 13036,
    "index": 27
  },
  {
    "name": "Require(24) node_modules/.3.0.5@egg-logrotator/app/extend/application.js",
    "start": 1547029246332,
    "end": 1547029246334,
    "duration": 2,
    "pid": 13036,
    "index": 28
  },
  {
    "name": "Require(25) node_modules/.2.1.1@egg-view/app/extend/application.js",
    "start": 1547029246335,
    "end": 1547029246336,
    "duration": 1,
    "pid": 13036,
    "index": 29
  },
  {
    "name": "Load extend/request.js",
    "start": 1547029246338,
    "end": 1547029246342,
    "duration": 4,
    "pid": 13036,
    "index": 30
  },
  {
    "name": "Require(26) node_modules/.2.14.2@egg/app/extend/request.js",
    "start": 1547029246339,
    "end": 1547029246340,
    "duration": 1,
    "pid": 13036,
    "index": 31
  },
  {
    "name": "Load extend/response.js",
    "start": 1547029246342,
    "end": 1547029246347,
    "duration": 5,
    "pid": 13036,
    "index": 32
  },
  {
    "name": "Require(27) node_modules/.2.14.2@egg/app/extend/response.js",
    "start": 1547029246344,
    "end": 1547029246345,
    "duration": 1,
    "pid": 13036,
    "index": 33
  },
  {
    "name": "Load extend/context.js",
    "start": 1547029246347,
    "end": 1547029246402,
    "duration": 55,
    "pid": 13036,
    "index": 34
  },
  {
    "name": "Require(28) node_modules/.2.4.2@egg-security/app/extend/context.js",
    "start": 1547029246347,
    "end": 1547029246359,
    "duration": 12,
    "pid": 13036,
    "index": 35
  },
  {
    "name": "Require(29) node_modules/.2.0.0@egg-jsonp/app/extend/context.js",
    "start": 1547029246359,
    "end": 1547029246360,
    "duration": 1,
    "pid": 13036,
    "index": 36
  },
  {
    "name": "Require(30) node_modules/.2.0.0@egg-i18n/app/extend/context.js",
    "start": 1547029246360,
    "end": 1547029246360,
    "duration": 0,
    "pid": 13036,
    "index": 37
  },
  {
    "name": "Require(31) node_modules/.2.4.0@egg-multipart/app/extend/context.js",
    "start": 1547029246361,
    "end": 1547029246397,
    "duration": 36,
    "pid": 13036,
    "index": 38
  },
  {
    "name": "Require(32) node_modules/.2.1.1@egg-view/app/extend/context.js",
    "start": 1547029246398,
    "end": 1547029246399,
    "duration": 1,
    "pid": 13036,
    "index": 39
  },
  {
    "name": "Require(33) node_modules/.2.14.2@egg/app/extend/context.js",
    "start": 1547029246399,
    "end": 1547029246400,
    "duration": 1,
    "pid": 13036,
    "index": 40
  },
  {
    "name": "Load extend/helper.js",
    "start": 1547029246402,
    "end": 1547029246417,
    "duration": 15,
    "pid": 13036,
    "index": 41
  },
  {
    "name": "Require(34) node_modules/.2.4.2@egg-security/app/extend/helper.js",
    "start": 1547029246402,
    "end": 1547029246413,
    "duration": 11,
    "pid": 13036,
    "index": 42
  },
  {
    "name": "Require(35) node_modules/.2.14.2@egg/app/extend/helper.js",
    "start": 1547029246415,
    "end": 1547029246415,
    "duration": 0,
    "pid": 13036,
    "index": 43
  },
  {
    "name": "Load app.js",
    "start": 1547029246417,
    "end": 1547029246441,
    "duration": 24,
    "pid": 13036,
    "index": 44
  },
  {
    "name": "Require(36) node_modules/.3.1.0@egg-session/app.js",
    "start": 1547029246417,
    "end": 1547029246417,
    "duration": 0,
    "pid": 13036,
    "index": 45
  },
  {
    "name": "Require(37) node_modules/.2.4.2@egg-security/app.js",
    "start": 1547029246418,
    "end": 1547029246419,
    "duration": 1,
    "pid": 13036,
    "index": 46
  },
  {
    "name": "Require(38) node_modules/.2.1.0@egg-onerror/app.js",
    "start": 1547029246420,
    "end": 1547029246427,
    "duration": 7,
    "pid": 13036,
    "index": 47
  },
  {
    "name": "Require(39) node_modules/.2.0.0@egg-i18n/app.js",
    "start": 1547029246428,
    "end": 1547029246433,
    "duration": 5,
    "pid": 13036,
    "index": 48
  },
  {
    "name": "Require(40) node_modules/.3.1.0@egg-watcher/app.js",
    "start": 1547029246433,
    "end": 1547029246436,
    "duration": 3,
    "pid": 13036,
    "index": 49
  },
  {
    "name": "Require(41) node_modules/.3.6.0@egg-schedule/app.js",
    "start": 1547029246436,
    "end": 1547029246437,
    "duration": 1,
    "pid": 13036,
    "index": 50
  },
  {
    "name": "Require(42) node_modules/.2.4.0@egg-multipart/app.js",
    "start": 1547029246437,
    "end": 1547029246439,
    "duration": 2,
    "pid": 13036,
    "index": 51
  },
  {
    "name": "Require(43) node_modules/.2.4.1@egg-development/app.js",
    "start": 1547029246440,
    "end": 1547029246440,
    "duration": 0,
    "pid": 13036,
    "index": 52
  },
  {
    "name": "Require(44) node_modules/.3.0.5@egg-logrotator/app.js",
    "start": 1547029246440,
    "end": 1547029246440,
    "duration": 0,
    "pid": 13036,
    "index": 53
  },
  {
    "name": "Require(45) node_modules/.2.1.1@egg-static/app.js",
    "start": 1547029246440,
    "end": 1547029246440,
    "duration": 0,
    "pid": 13036,
    "index": 54
  },
  {
    "name": "Before Start in node_modules/.3.1.0@egg-watcher/lib/init.js:15:14",
    "start": 1547029246452,
    "end": 1547029248313,
    "duration": 1861,
    "pid": 13036,
    "index": 55
  },
  {
    "name": "Load Service",
    "start": 1547029246487,
    "end": 1547029246491,
    "duration": 4,
    "pid": 13036,
    "index": 56
  },
  {
    "name": "Load \"service\" to Context",
    "start": 1547029246487,
    "end": 1547029246491,
    "duration": 4,
    "pid": 13036,
    "index": 57
  },
  {
    "name": "Load Middleware",
    "start": 1547029246491,
    "end": 1547029246572,
    "duration": 81,
    "pid": 13036,
    "index": 58
  },
  {
    "name": "Load \"middlewares\" to Application",
    "start": 1547029246491,
    "end": 1547029246563,
    "duration": 72,
    "pid": 13036,
    "index": 59
  },
  {
    "name": "Load Controller",
    "start": 1547029246572,
    "end": 1547029248244,
    "duration": 1672,
    "pid": 13036,
    "index": 60
  },
  {
    "name": "Load \"controller\" to Application",
    "start": 1547029246572,
    "end": 1547029248244,
    "duration": 1672,
    "pid": 13036,
    "index": 61
  },
  {
    "name": "Load Router",
    "start": 1547029248244,
    "end": 1547029248246,
    "duration": 2,
    "pid": 13036,
    "index": 62
  },
  {
    "name": "Require(46) app/router.ts",
    "start": 1547029248244,
    "end": 1547029248244,
    "duration": 0,
    "pid": 13036,
    "index": 63
  },
  {
    "name": "Before Start in node_modules/.4.13.0@egg-core/lib/egg.js:287:10",
    "start": 1547029248244,
    "end": 1547029248258,
    "duration": 14,
    "pid": 13036,
    "index": 64
  }
]