[
  {
    "name": "Application Start",
    "start": 1547030271226,
    "end": 1547030271558,
    "duration": 332,
    "pid": 19840,
    "index": 0
  },
  {
    "name": "Load Plugin",
    "start": 1547030271230,
    "end": 1547030271244,
    "duration": 14,
    "pid": 19840,
    "index": 1
  },
  {
    "name": "Load Config",
    "start": 1547030271244,
    "end": 1547030271257,
    "duration": 13,
    "pid": 19840,
    "index": 2
  },
  {
    "name": "Require(0) config/config.default.ts",
    "start": 1547030271245,
    "end": 1547030271246,
    "duration": 1,
    "pid": 19840,
    "index": 3
  },
  {
    "name": "Require(1) config/config.local.ts",
    "start": 1547030271246,
    "end": 1547030271247,
    "duration": 1,
    "pid": 19840,
    "index": 4
  },
  {
    "name": "Require(2) node_modules/.3.1.0@egg-session/config/config.default.js",
    "start": 1547030271247,
    "end": 1547030271247,
    "duration": 0,
    "pid": 19840,
    "index": 5
  },
  {
    "name": "Require(3) node_modules/.2.4.2@egg-security/config/config.default.js",
    "start": 1547030271247,
    "end": 1547030271248,
    "duration": 1,
    "pid": 19840,
    "index": 6
  },
  {
    "name": "Require(4) node_modules/.2.0.0@egg-jsonp/config/config.default.js",
    "start": 1547030271248,
    "end": 1547030271248,
    "duration": 0,
    "pid": 19840,
    "index": 7
  },
  {
    "name": "Require(5) node_modules/.2.1.0@egg-onerror/config/config.default.js",
    "start": 1547030271249,
    "end": 1547030271249,
    "duration": 0,
    "pid": 19840,
    "index": 8
  },
  {
    "name": "Require(6) node_modules/.2.0.0@egg-i18n/config/config.default.js",
    "start": 1547030271249,
    "end": 1547030271249,
    "duration": 0,
    "pid": 19840,
    "index": 9
  },
  {
    "name": "Require(7) node_modules/.3.1.0@egg-watcher/config/config.default.js",
    "start": 1547030271249,
    "end": 1547030271250,
    "duration": 1,
    "pid": 19840,
    "index": 10
  },
  {
    "name": "Require(8) node_modules/.3.6.0@egg-schedule/config/config.default.js",
    "start": 1547030271250,
    "end": 1547030271250,
    "duration": 0,
    "pid": 19840,
    "index": 11
  },
  {
    "name": "Require(9) node_modules/.2.4.0@egg-multipart/config/config.default.js",
    "start": 1547030271250,
    "end": 1547030271251,
    "duration": 1,
    "pid": 19840,
    "index": 12
  },
  {
    "name": "Require(10) node_modules/.2.4.1@egg-development/config/config.default.js",
    "start": 1547030271251,
    "end": 1547030271251,
    "duration": 0,
    "pid": 19840,
    "index": 13
  },
  {
    "name": "Require(11) node_modules/.3.0.5@egg-logrotator/config/config.default.js",
    "start": 1547030271251,
    "end": 1547030271252,
    "duration": 1,
    "pid": 19840,
    "index": 14
  },
  {
    "name": "Require(12) node_modules/.2.1.1@egg-static/config/config.default.js",
    "start": 1547030271252,
    "end": 1547030271252,
    "duration": 0,
    "pid": 19840,
    "index": 15
  },
  {
    "name": "Require(13) node_modules/.2.1.1@egg-view/config/config.default.js",
    "start": 1547030271252,
    "end": 1547030271252,
    "duration": 0,
    "pid": 19840,
    "index": 16
  },
  {
    "name": "Require(14) node_modules/.2.14.2@egg/config/config.default.js",
    "start": 1547030271253,
    "end": 1547030271253,
    "duration": 0,
    "pid": 19840,
    "index": 17
  },
  {
    "name": "Require(15) config/config.default.ts",
    "start": 1547030271254,
    "end": 1547030271254,
    "duration": 0,
    "pid": 19840,
    "index": 18
  },
  {
    "name": "Require(16) node_modules/.2.4.2@egg-security/config/config.local.js",
    "start": 1547030271254,
    "end": 1547030271255,
    "duration": 1,
    "pid": 19840,
    "index": 19
  },
  {
    "name": "Require(17) node_modules/.3.1.0@egg-watcher/config/config.local.js",
    "start": 1547030271255,
    "end": 1547030271255,
    "duration": 0,
    "pid": 19840,
    "index": 20
  },
  {
    "name": "Require(18) node_modules/.2.1.1@egg-view/config/config.local.js",
    "start": 1547030271256,
    "end": 1547030271256,
    "duration": 0,
    "pid": 19840,
    "index": 21
  },
  {
    "name": "Require(19) node_modules/.2.14.2@egg/config/config.local.js",
    "start": 1547030271256,
    "end": 1547030271256,
    "duration": 0,
    "pid": 19840,
    "index": 22
  },
  {
    "name": "Require(20) config/config.local.ts",
    "start": 1547030271257,
    "end": 1547030271257,
    "duration": 0,
    "pid": 19840,
    "index": 23
  },
  {
    "name": "Load extend/application.js",
    "start": 1547030271258,
    "end": 1547030271267,
    "duration": 9,
    "pid": 19840,
    "index": 24
  },
  {
    "name": "Require(21) node_modules/.3.1.0@egg-session/app/extend/application.js",
    "start": 1547030271258,
    "end": 1547030271258,
    "duration": 0,
    "pid": 19840,
    "index": 25
  },
  {
    "name": "Require(22) node_modules/.2.4.2@egg-security/app/extend/application.js",
    "start": 1547030271258,
    "end": 1547030271259,
    "duration": 1,
    "pid": 19840,
    "index": 26
  },
  {
    "name": "Require(23) node_modules/.2.0.0@egg-jsonp/app/extend/application.js",
    "start": 1547030271259,
    "end": 1547030271261,
    "duration": 2,
    "pid": 19840,
    "index": 27
  },
  {
    "name": "Require(24) node_modules/.3.0.5@egg-logrotator/app/extend/application.js",
    "start": 1547030271262,
    "end": 1547030271264,
    "duration": 2,
    "pid": 19840,
    "index": 28
  },
  {
    "name": "Require(25) node_modules/.2.1.1@egg-view/app/extend/application.js",
    "start": 1547030271264,
    "end": 1547030271266,
    "duration": 2,
    "pid": 19840,
    "index": 29
  },
  {
    "name": "Load extend/request.js",
    "start": 1547030271267,
    "end": 1547030271272,
    "duration": 5,
    "pid": 19840,
    "index": 30
  },
  {
    "name": "Require(26) node_modules/.2.14.2@egg/app/extend/request.js",
    "start": 1547030271269,
    "end": 1547030271270,
    "duration": 1,
    "pid": 19840,
    "index": 31
  },
  {
    "name": "Load extend/response.js",
    "start": 1547030271272,
    "end": 1547030271277,
    "duration": 5,
    "pid": 19840,
    "index": 32
  },
  {
    "name": "Require(27) node_modules/.2.14.2@egg/app/extend/response.js",
    "start": 1547030271274,
    "end": 1547030271275,
    "duration": 1,
    "pid": 19840,
    "index": 33
  },
  {
    "name": "Load extend/context.js",
    "start": 1547030271277,
    "end": 1547030271339,
    "duration": 62,
    "pid": 19840,
    "index": 34
  },
  {
    "name": "Require(28) node_modules/.2.4.2@egg-security/app/extend/context.js",
    "start": 1547030271277,
    "end": 1547030271286,
    "duration": 9,
    "pid": 19840,
    "index": 35
  },
  {
    "name": "Require(29) node_modules/.2.0.0@egg-jsonp/app/extend/context.js",
    "start": 1547030271287,
    "end": 1547030271288,
    "duration": 1,
    "pid": 19840,
    "index": 36
  },
  {
    "name": "Require(30) node_modules/.2.0.0@egg-i18n/app/extend/context.js",
    "start": 1547030271288,
    "end": 1547030271288,
    "duration": 0,
    "pid": 19840,
    "index": 37
  },
  {
    "name": "Require(31) node_modules/.2.4.0@egg-multipart/app/extend/context.js",
    "start": 1547030271289,
    "end": 1547030271334,
    "duration": 45,
    "pid": 19840,
    "index": 38
  },
  {
    "name": "Require(32) node_modules/.2.1.1@egg-view/app/extend/context.js",
    "start": 1547030271335,
    "end": 1547030271335,
    "duration": 0,
    "pid": 19840,
    "index": 39
  },
  {
    "name": "Require(33) node_modules/.2.14.2@egg/app/extend/context.js",
    "start": 1547030271335,
    "end": 1547030271337,
    "duration": 2,
    "pid": 19840,
    "index": 40
  },
  {
    "name": "Load extend/helper.js",
    "start": 1547030271339,
    "end": 1547030271361,
    "duration": 22,
    "pid": 19840,
    "index": 41
  },
  {
    "name": "Require(34) node_modules/.2.4.2@egg-security/app/extend/helper.js",
    "start": 1547030271339,
    "end": 1547030271357,
    "duration": 18,
    "pid": 19840,
    "index": 42
  },
  {
    "name": "Require(35) node_modules/.2.14.2@egg/app/extend/helper.js",
    "start": 1547030271359,
    "end": 1547030271359,
    "duration": 0,
    "pid": 19840,
    "index": 43
  },
  {
    "name": "Load app.js",
    "start": 1547030271361,
    "end": 1547030271387,
    "duration": 26,
    "pid": 19840,
    "index": 44
  },
  {
    "name": "Require(36) node_modules/.3.1.0@egg-session/app.js",
    "start": 1547030271361,
    "end": 1547030271361,
    "duration": 0,
    "pid": 19840,
    "index": 45
  },
  {
    "name": "Require(37) node_modules/.2.4.2@egg-security/app.js",
    "start": 1547030271361,
    "end": 1547030271363,
    "duration": 2,
    "pid": 19840,
    "index": 46
  },
  {
    "name": "Require(38) node_modules/.2.1.0@egg-onerror/app.js",
    "start": 1547030271363,
    "end": 1547030271372,
    "duration": 9,
    "pid": 19840,
    "index": 47
  },
  {
    "name": "Require(39) node_modules/.2.0.0@egg-i18n/app.js",
    "start": 1547030271372,
    "end": 1547030271378,
    "duration": 6,
    "pid": 19840,
    "index": 48
  },
  {
    "name": "Require(40) node_modules/.3.1.0@egg-watcher/app.js",
    "start": 1547030271378,
    "end": 1547030271381,
    "duration": 3,
    "pid": 19840,
    "index": 49
  },
  {
    "name": "Require(41) node_modules/.3.6.0@egg-schedule/app.js",
    "start": 1547030271381,
    "end": 1547030271382,
    "duration": 1,
    "pid": 19840,
    "index": 50
  },
  {
    "name": "Require(42) node_modules/.2.4.0@egg-multipart/app.js",
    "start": 1547030271382,
    "end": 1547030271384,
    "duration": 2,
    "pid": 19840,
    "index": 51
  },
  {
    "name": "Require(43) node_modules/.2.4.1@egg-development/app.js",
    "start": 1547030271385,
    "end": 1547030271385,
    "duration": 0,
    "pid": 19840,
    "index": 52
  },
  {
    "name": "Require(44) node_modules/.3.0.5@egg-logrotator/app.js",
    "start": 1547030271385,
    "end": 1547030271386,
    "duration": 1,
    "pid": 19840,
    "index": 53
  },
  {
    "name": "Require(45) node_modules/.2.1.1@egg-static/app.js",
    "start": 1547030271386,
    "end": 1547030271386,
    "duration": 0,
    "pid": 19840,
    "index": 54
  },
  {
    "name": "Before Start in node_modules/.3.1.0@egg-watcher/lib/init.js:15:14",
    "start": 1547030271404,
    "end": 1547030271558,
    "duration": 154,
    "pid": 19840,
    "index": 55
  },
  {
    "name": "Load Service",
    "start": 1547030271443,
    "end": 1547030271447,
    "duration": 4,
    "pid": 19840,
    "index": 56
  },
  {
    "name": "Load \"service\" to Context",
    "start": 1547030271443,
    "end": 1547030271447,
    "duration": 4,
    "pid": 19840,
    "index": 57
  },
  {
    "name": "Load Middleware",
    "start": 1547030271447,
    "end": 1547030271531,
    "duration": 84,
    "pid": 19840,
    "index": 58
  },
  {
    "name": "Load \"middlewares\" to Application",
    "start": 1547030271447,
    "end": 1547030271523,
    "duration": 76,
    "pid": 19840,
    "index": 59
  },
  {
    "name": "Load Controller",
    "start": 1547030271531,
    "end": 1547030271537,
    "duration": 6,
    "pid": 19840,
    "index": 60
  },
  {
    "name": "Load \"controller\" to Application",
    "start": 1547030271531,
    "end": 1547030271537,
    "duration": 6,
    "pid": 19840,
    "index": 61
  },
  {
    "name": "Load Router",
    "start": 1547030271537,
    "end": 1547030271539,
    "duration": 2,
    "pid": 19840,
    "index": 62
  },
  {
    "name": "Require(46) app/router.ts",
    "start": 1547030271538,
    "end": 1547030271538,
    "duration": 0,
    "pid": 19840,
    "index": 63
  },
  {
    "name": "Before Start in node_modules/.4.13.0@egg-core/lib/egg.js:287:10",
    "start": 1547030271538,
    "end": 1547030271548,
    "duration": 10,
    "pid": 19840,
    "index": 64
  }
]