[
  {
    "name": "Application Start",
    "start": 1547025616338,
    "end": 1547025618112,
    "duration": 1774,
    "pid": 15172,
    "index": 0
  },
  {
    "name": "Load Plugin",
    "start": 1547025616341,
    "end": 1547025616355,
    "duration": 14,
    "pid": 15172,
    "index": 1
  },
  {
    "name": "Load Config",
    "start": 1547025616355,
    "end": 1547025616367,
    "duration": 12,
    "pid": 15172,
    "index": 2
  },
  {
    "name": "Require(0) config/config.default.ts",
    "start": 1547025616355,
    "end": 1547025616356,
    "duration": 1,
    "pid": 15172,
    "index": 3
  },
  {
    "name": "Require(1) config/config.local.ts",
    "start": 1547025616356,
    "end": 1547025616357,
    "duration": 1,
    "pid": 15172,
    "index": 4
  },
  {
    "name": "Require(2) node_modules/.3.1.0@egg-session/config/config.default.js",
    "start": 1547025616357,
    "end": 1547025616357,
    "duration": 0,
    "pid": 15172,
    "index": 5
  },
  {
    "name": "Require(3) node_modules/.2.4.2@egg-security/config/config.default.js",
    "start": 1547025616357,
    "end": 1547025616358,
    "duration": 1,
    "pid": 15172,
    "index": 6
  },
  {
    "name": "Require(4) node_modules/.2.0.0@egg-jsonp/config/config.default.js",
    "start": 1547025616358,
    "end": 1547025616358,
    "duration": 0,
    "pid": 15172,
    "index": 7
  },
  {
    "name": "Require(5) node_modules/.2.1.0@egg-onerror/config/config.default.js",
    "start": 1547025616359,
    "end": 1547025616359,
    "duration": 0,
    "pid": 15172,
    "index": 8
  },
  {
    "name": "Require(6) node_modules/.2.0.0@egg-i18n/config/config.default.js",
    "start": 1547025616359,
    "end": 1547025616359,
    "duration": 0,
    "pid": 15172,
    "index": 9
  },
  {
    "name": "Require(7) node_modules/.3.1.0@egg-watcher/config/config.default.js",
    "start": 1547025616359,
    "end": 1547025616360,
    "duration": 1,
    "pid": 15172,
    "index": 10
  },
  {
    "name": "Require(8) node_modules/.3.6.0@egg-schedule/config/config.default.js",
    "start": 1547025616360,
    "end": 1547025616360,
    "duration": 0,
    "pid": 15172,
    "index": 11
  },
  {
    "name": "Require(9) node_modules/.2.4.0@egg-multipart/config/config.default.js",
    "start": 1547025616360,
    "end": 1547025616361,
    "duration": 1,
    "pid": 15172,
    "index": 12
  },
  {
    "name": "Require(10) node_modules/.2.4.1@egg-development/config/config.default.js",
    "start": 1547025616361,
    "end": 1547025616361,
    "duration": 0,
    "pid": 15172,
    "index": 13
  },
  {
    "name": "Require(11) node_modules/.3.0.5@egg-logrotator/config/config.default.js",
    "start": 1547025616361,
    "end": 1547025616362,
    "duration": 1,
    "pid": 15172,
    "index": 14
  },
  {
    "name": "Require(12) node_modules/.2.1.1@egg-static/config/config.default.js",
    "start": 1547025616362,
    "end": 1547025616362,
    "duration": 0,
    "pid": 15172,
    "index": 15
  },
  {
    "name": "Require(13) node_modules/.2.1.1@egg-view/config/config.default.js",
    "start": 1547025616363,
    "end": 1547025616363,
    "duration": 0,
    "pid": 15172,
    "index": 16
  },
  {
    "name": "Require(14) node_modules/.2.14.2@egg/config/config.default.js",
    "start": 1547025616363,
    "end": 1547025616363,
    "duration": 0,
    "pid": 15172,
    "index": 17
  },
  {
    "name": "Require(15) config/config.default.ts",
    "start": 1547025616364,
    "end": 1547025616364,
    "duration": 0,
    "pid": 15172,
    "index": 18
  },
  {
    "name": "Require(16) node_modules/.2.4.2@egg-security/config/config.local.js",
    "start": 1547025616365,
    "end": 1547025616365,
    "duration": 0,
    "pid": 15172,
    "index": 19
  },
  {
    "name": "Require(17) node_modules/.3.1.0@egg-watcher/config/config.local.js",
    "start": 1547025616365,
    "end": 1547025616366,
    "duration": 1,
    "pid": 15172,
    "index": 20
  },
  {
    "name": "Require(18) node_modules/.2.1.1@egg-view/config/config.local.js",
    "start": 1547025616366,
    "end": 1547025616366,
    "duration": 0,
    "pid": 15172,
    "index": 21
  },
  {
    "name": "Require(19) node_modules/.2.14.2@egg/config/config.local.js",
    "start": 1547025616367,
    "end": 1547025616367,
    "duration": 0,
    "pid": 15172,
    "index": 22
  },
  {
    "name": "Require(20) config/config.local.ts",
    "start": 1547025616367,
    "end": 1547025616367,
    "duration": 0,
    "pid": 15172,
    "index": 23
  },
  {
    "name": "Load extend/application.js",
    "start": 1547025616368,
    "end": 1547025616376,
    "duration": 8,
    "pid": 15172,
    "index": 24
  },
  {
    "name": "Require(21) node_modules/.3.1.0@egg-session/app/extend/application.js",
    "start": 1547025616368,
    "end": 1547025616368,
    "duration": 0,
    "pid": 15172,
    "index": 25
  },
  {
    "name": "Require(22) node_modules/.2.4.2@egg-security/app/extend/application.js",
    "start": 1547025616369,
    "end": 1547025616369,
    "duration": 0,
    "pid": 15172,
    "index": 26
  },
  {
    "name": "Require(23) node_modules/.2.0.0@egg-jsonp/app/extend/application.js",
    "start": 1547025616370,
    "end": 1547025616371,
    "duration": 1,
    "pid": 15172,
    "index": 27
  },
  {
    "name": "Require(24) node_modules/.3.0.5@egg-logrotator/app/extend/application.js",
    "start": 1547025616372,
    "end": 1547025616373,
    "duration": 1,
    "pid": 15172,
    "index": 28
  },
  {
    "name": "Require(25) node_modules/.2.1.1@egg-view/app/extend/application.js",
    "start": 1547025616374,
    "end": 1547025616375,
    "duration": 1,
    "pid": 15172,
    "index": 29
  },
  {
    "name": "Load extend/request.js",
    "start": 1547025616376,
    "end": 1547025616381,
    "duration": 5,
    "pid": 15172,
    "index": 30
  },
  {
    "name": "Require(26) node_modules/.2.14.2@egg/app/extend/request.js",
    "start": 1547025616378,
    "end": 1547025616379,
    "duration": 1,
    "pid": 15172,
    "index": 31
  },
  {
    "name": "Load extend/response.js",
    "start": 1547025616381,
    "end": 1547025616386,
    "duration": 5,
    "pid": 15172,
    "index": 32
  },
  {
    "name": "Require(27) node_modules/.2.14.2@egg/app/extend/response.js",
    "start": 1547025616382,
    "end": 1547025616384,
    "duration": 2,
    "pid": 15172,
    "index": 33
  },
  {
    "name": "Load extend/context.js",
    "start": 1547025616386,
    "end": 1547025616436,
    "duration": 50,
    "pid": 15172,
    "index": 34
  },
  {
    "name": "Require(28) node_modules/.2.4.2@egg-security/app/extend/context.js",
    "start": 1547025616386,
    "end": 1547025616395,
    "duration": 9,
    "pid": 15172,
    "index": 35
  },
  {
    "name": "Require(29) node_modules/.2.0.0@egg-jsonp/app/extend/context.js",
    "start": 1547025616396,
    "end": 1547025616396,
    "duration": 0,
    "pid": 15172,
    "index": 36
  },
  {
    "name": "Require(30) node_modules/.2.0.0@egg-i18n/app/extend/context.js",
    "start": 1547025616397,
    "end": 1547025616397,
    "duration": 0,
    "pid": 15172,
    "index": 37
  },
  {
    "name": "Require(31) node_modules/.2.4.0@egg-multipart/app/extend/context.js",
    "start": 1547025616397,
    "end": 1547025616433,
    "duration": 36,
    "pid": 15172,
    "index": 38
  },
  {
    "name": "Require(32) node_modules/.2.1.1@egg-view/app/extend/context.js",
    "start": 1547025616433,
    "end": 1547025616434,
    "duration": 1,
    "pid": 15172,
    "index": 39
  },
  {
    "name": "Require(33) node_modules/.2.14.2@egg/app/extend/context.js",
    "start": 1547025616434,
    "end": 1547025616435,
    "duration": 1,
    "pid": 15172,
    "index": 40
  },
  {
    "name": "Load extend/helper.js",
    "start": 1547025616437,
    "end": 1547025616453,
    "duration": 16,
    "pid": 15172,
    "index": 41
  },
  {
    "name": "Require(34) node_modules/.2.4.2@egg-security/app/extend/helper.js",
    "start": 1547025616437,
    "end": 1547025616450,
    "duration": 13,
    "pid": 15172,
    "index": 42
  },
  {
    "name": "Require(35) node_modules/.2.14.2@egg/app/extend/helper.js",
    "start": 1547025616451,
    "end": 1547025616451,
    "duration": 0,
    "pid": 15172,
    "index": 43
  },
  {
    "name": "Load app.js",
    "start": 1547025616453,
    "end": 1547025616477,
    "duration": 24,
    "pid": 15172,
    "index": 44
  },
  {
    "name": "Require(36) node_modules/.3.1.0@egg-session/app.js",
    "start": 1547025616453,
    "end": 1547025616453,
    "duration": 0,
    "pid": 15172,
    "index": 45
  },
  {
    "name": "Require(37) node_modules/.2.4.2@egg-security/app.js",
    "start": 1547025616454,
    "end": 1547025616455,
    "duration": 1,
    "pid": 15172,
    "index": 46
  },
  {
    "name": "Require(38) node_modules/.2.1.0@egg-onerror/app.js",
    "start": 1547025616455,
    "end": 1547025616463,
    "duration": 8,
    "pid": 15172,
    "index": 47
  },
  {
    "name": "Require(39) node_modules/.2.0.0@egg-i18n/app.js",
    "start": 1547025616464,
    "end": 1547025616468,
    "duration": 4,
    "pid": 15172,
    "index": 48
  },
  {
    "name": "Require(40) node_modules/.3.1.0@egg-watcher/app.js",
    "start": 1547025616468,
    "end": 1547025616471,
    "duration": 3,
    "pid": 15172,
    "index": 49
  },
  {
    "name": "Require(41) node_modules/.3.6.0@egg-schedule/app.js",
    "start": 1547025616471,
    "end": 1547025616473,
    "duration": 2,
    "pid": 15172,
    "index": 50
  },
  {
    "name": "Require(42) node_modules/.2.4.0@egg-multipart/app.js",
    "start": 1547025616473,
    "end": 1547025616475,
    "duration": 2,
    "pid": 15172,
    "index": 51
  },
  {
    "name": "Require(43) node_modules/.2.4.1@egg-development/app.js",
    "start": 1547025616476,
    "end": 1547025616476,
    "duration": 0,
    "pid": 15172,
    "index": 52
  },
  {
    "name": "Require(44) node_modules/.3.0.5@egg-logrotator/app.js",
    "start": 1547025616476,
    "end": 1547025616476,
    "duration": 0,
    "pid": 15172,
    "index": 53
  },
  {
    "name": "Require(45) node_modules/.2.1.1@egg-static/app.js",
    "start": 1547025616476,
    "end": 1547025616476,
    "duration": 0,
    "pid": 15172,
    "index": 54
  },
  {
    "name": "Before Start in node_modules/.3.1.0@egg-watcher/lib/init.js:15:14",
    "start": 1547025616486,
    "end": 1547025618112,
    "duration": 1626,
    "pid": 15172,
    "index": 55
  },
  {
    "name": "Load Service",
    "start": 1547025616517,
    "end": 1547025616520,
    "duration": 3,
    "pid": 15172,
    "index": 56
  },
  {
    "name": "Load \"service\" to Context",
    "start": 1547025616517,
    "end": 1547025616520,
    "duration": 3,
    "pid": 15172,
    "index": 57
  },
  {
    "name": "Load Middleware",
    "start": 1547025616520,
    "end": 1547025616593,
    "duration": 73,
    "pid": 15172,
    "index": 58
  },
  {
    "name": "Load \"middlewares\" to Application",
    "start": 1547025616520,
    "end": 1547025616585,
    "duration": 65,
    "pid": 15172,
    "index": 59
  },
  {
    "name": "Load Controller",
    "start": 1547025616593,
    "end": 1547025618039,
    "duration": 1446,
    "pid": 15172,
    "index": 60
  },
  {
    "name": "Load \"controller\" to Application",
    "start": 1547025616593,
    "end": 1547025618039,
    "duration": 1446,
    "pid": 15172,
    "index": 61
  },
  {
    "name": "Load Router",
    "start": 1547025618039,
    "end": 1547025618040,
    "duration": 1,
    "pid": 15172,
    "index": 62
  },
  {
    "name": "Require(46) app/router.ts",
    "start": 1547025618039,
    "end": 1547025618039,
    "duration": 0,
    "pid": 15172,
    "index": 63
  },
  {
    "name": "Before Start in node_modules/.4.13.0@egg-core/lib/egg.js:287:10",
    "start": 1547025618039,
    "end": 1547025618053,
    "duration": 14,
    "pid": 15172,
    "index": 64
  }
]