[
  {
    "name": "Application Start",
    "start": 1547029071484,
    "end": 1547029073434,
    "duration": 1950,
    "pid": 13976,
    "index": 0
  },
  {
    "name": "Load Plugin",
    "start": 1547029071488,
    "end": 1547029071500,
    "duration": 12,
    "pid": 13976,
    "index": 1
  },
  {
    "name": "Load Config",
    "start": 1547029071500,
    "end": 1547029071513,
    "duration": 13,
    "pid": 13976,
    "index": 2
  },
  {
    "name": "Require(0) config/config.default.ts",
    "start": 1547029071501,
    "end": 1547029071501,
    "duration": 0,
    "pid": 13976,
    "index": 3
  },
  {
    "name": "Require(1) config/config.local.ts",
    "start": 1547029071502,
    "end": 1547029071502,
    "duration": 0,
    "pid": 13976,
    "index": 4
  },
  {
    "name": "Require(2) node_modules/.3.1.0@egg-session/config/config.default.js",
    "start": 1547029071502,
    "end": 1547029071503,
    "duration": 1,
    "pid": 13976,
    "index": 5
  },
  {
    "name": "Require(3) node_modules/.2.4.2@egg-security/config/config.default.js",
    "start": 1547029071503,
    "end": 1547029071504,
    "duration": 1,
    "pid": 13976,
    "index": 6
  },
  {
    "name": "Require(4) node_modules/.2.0.0@egg-jsonp/config/config.default.js",
    "start": 1547029071504,
    "end": 1547029071504,
    "duration": 0,
    "pid": 13976,
    "index": 7
  },
  {
    "name": "Require(5) node_modules/.2.1.0@egg-onerror/config/config.default.js",
    "start": 1547029071505,
    "end": 1547029071505,
    "duration": 0,
    "pid": 13976,
    "index": 8
  },
  {
    "name": "Require(6) node_modules/.2.0.0@egg-i18n/config/config.default.js",
    "start": 1547029071505,
    "end": 1547029071505,
    "duration": 0,
    "pid": 13976,
    "index": 9
  },
  {
    "name": "Require(7) node_modules/.3.1.0@egg-watcher/config/config.default.js",
    "start": 1547029071506,
    "end": 1547029071506,
    "duration": 0,
    "pid": 13976,
    "index": 10
  },
  {
    "name": "Require(8) node_modules/.3.6.0@egg-schedule/config/config.default.js",
    "start": 1547029071506,
    "end": 1547029071506,
    "duration": 0,
    "pid": 13976,
    "index": 11
  },
  {
    "name": "Require(9) node_modules/.2.4.0@egg-multipart/config/config.default.js",
    "start": 1547029071507,
    "end": 1547029071507,
    "duration": 0,
    "pid": 13976,
    "index": 12
  },
  {
    "name": "Require(10) node_modules/.2.4.1@egg-development/config/config.default.js",
    "start": 1547029071507,
    "end": 1547029071507,
    "duration": 0,
    "pid": 13976,
    "index": 13
  },
  {
    "name": "Require(11) node_modules/.3.0.5@egg-logrotator/config/config.default.js",
    "start": 1547029071508,
    "end": 1547029071508,
    "duration": 0,
    "pid": 13976,
    "index": 14
  },
  {
    "name": "Require(12) node_modules/.2.1.1@egg-static/config/config.default.js",
    "start": 1547029071508,
    "end": 1547029071508,
    "duration": 0,
    "pid": 13976,
    "index": 15
  },
  {
    "name": "Require(13) node_modules/.2.1.1@egg-view/config/config.default.js",
    "start": 1547029071508,
    "end": 1547029071509,
    "duration": 1,
    "pid": 13976,
    "index": 16
  },
  {
    "name": "Require(14) node_modules/.2.14.2@egg/config/config.default.js",
    "start": 1547029071509,
    "end": 1547029071509,
    "duration": 0,
    "pid": 13976,
    "index": 17
  },
  {
    "name": "Require(15) config/config.default.ts",
    "start": 1547029071510,
    "end": 1547029071510,
    "duration": 0,
    "pid": 13976,
    "index": 18
  },
  {
    "name": "Require(16) node_modules/.2.4.2@egg-security/config/config.local.js",
    "start": 1547029071511,
    "end": 1547029071511,
    "duration": 0,
    "pid": 13976,
    "index": 19
  },
  {
    "name": "Require(17) node_modules/.3.1.0@egg-watcher/config/config.local.js",
    "start": 1547029071511,
    "end": 1547029071511,
    "duration": 0,
    "pid": 13976,
    "index": 20
  },
  {
    "name": "Require(18) node_modules/.2.1.1@egg-view/config/config.local.js",
    "start": 1547029071512,
    "end": 1547029071512,
    "duration": 0,
    "pid": 13976,
    "index": 21
  },
  {
    "name": "Require(19) node_modules/.2.14.2@egg/config/config.local.js",
    "start": 1547029071513,
    "end": 1547029071513,
    "duration": 0,
    "pid": 13976,
    "index": 22
  },
  {
    "name": "Require(20) config/config.local.ts",
    "start": 1547029071513,
    "end": 1547029071513,
    "duration": 0,
    "pid": 13976,
    "index": 23
  },
  {
    "name": "Load extend/application.js",
    "start": 1547029071514,
    "end": 1547029071523,
    "duration": 9,
    "pid": 13976,
    "index": 24
  },
  {
    "name": "Require(21) node_modules/.3.1.0@egg-session/app/extend/application.js",
    "start": 1547029071514,
    "end": 1547029071515,
    "duration": 1,
    "pid": 13976,
    "index": 25
  },
  {
    "name": "Require(22) node_modules/.2.4.2@egg-security/app/extend/application.js",
    "start": 1547029071515,
    "end": 1547029071516,
    "duration": 1,
    "pid": 13976,
    "index": 26
  },
  {
    "name": "Require(23) node_modules/.2.0.0@egg-jsonp/app/extend/application.js",
    "start": 1547029071516,
    "end": 1547029071517,
    "duration": 1,
    "pid": 13976,
    "index": 27
  },
  {
    "name": "Require(24) node_modules/.3.0.5@egg-logrotator/app/extend/application.js",
    "start": 1547029071518,
    "end": 1547029071520,
    "duration": 2,
    "pid": 13976,
    "index": 28
  },
  {
    "name": "Require(25) node_modules/.2.1.1@egg-view/app/extend/application.js",
    "start": 1547029071520,
    "end": 1547029071522,
    "duration": 2,
    "pid": 13976,
    "index": 29
  },
  {
    "name": "Load extend/request.js",
    "start": 1547029071523,
    "end": 1547029071527,
    "duration": 4,
    "pid": 13976,
    "index": 30
  },
  {
    "name": "Require(26) node_modules/.2.14.2@egg/app/extend/request.js",
    "start": 1547029071525,
    "end": 1547029071526,
    "duration": 1,
    "pid": 13976,
    "index": 31
  },
  {
    "name": "Load extend/response.js",
    "start": 1547029071527,
    "end": 1547029071532,
    "duration": 5,
    "pid": 13976,
    "index": 32
  },
  {
    "name": "Require(27) node_modules/.2.14.2@egg/app/extend/response.js",
    "start": 1547029071529,
    "end": 1547029071530,
    "duration": 1,
    "pid": 13976,
    "index": 33
  },
  {
    "name": "Load extend/context.js",
    "start": 1547029071532,
    "end": 1547029071593,
    "duration": 61,
    "pid": 13976,
    "index": 34
  },
  {
    "name": "Require(28) node_modules/.2.4.2@egg-security/app/extend/context.js",
    "start": 1547029071532,
    "end": 1547029071543,
    "duration": 11,
    "pid": 13976,
    "index": 35
  },
  {
    "name": "Require(29) node_modules/.2.0.0@egg-jsonp/app/extend/context.js",
    "start": 1547029071543,
    "end": 1547029071544,
    "duration": 1,
    "pid": 13976,
    "index": 36
  },
  {
    "name": "Require(30) node_modules/.2.0.0@egg-i18n/app/extend/context.js",
    "start": 1547029071545,
    "end": 1547029071545,
    "duration": 0,
    "pid": 13976,
    "index": 37
  },
  {
    "name": "Require(31) node_modules/.2.4.0@egg-multipart/app/extend/context.js",
    "start": 1547029071546,
    "end": 1547029071586,
    "duration": 40,
    "pid": 13976,
    "index": 38
  },
  {
    "name": "Require(32) node_modules/.2.1.1@egg-view/app/extend/context.js",
    "start": 1547029071586,
    "end": 1547029071589,
    "duration": 3,
    "pid": 13976,
    "index": 39
  },
  {
    "name": "Require(33) node_modules/.2.14.2@egg/app/extend/context.js",
    "start": 1547029071590,
    "end": 1547029071591,
    "duration": 1,
    "pid": 13976,
    "index": 40
  },
  {
    "name": "Load extend/helper.js",
    "start": 1547029071593,
    "end": 1547029071607,
    "duration": 14,
    "pid": 13976,
    "index": 41
  },
  {
    "name": "Require(34) node_modules/.2.4.2@egg-security/app/extend/helper.js",
    "start": 1547029071593,
    "end": 1547029071604,
    "duration": 11,
    "pid": 13976,
    "index": 42
  },
  {
    "name": "Require(35) node_modules/.2.14.2@egg/app/extend/helper.js",
    "start": 1547029071605,
    "end": 1547029071606,
    "duration": 1,
    "pid": 13976,
    "index": 43
  },
  {
    "name": "Load app.js",
    "start": 1547029071607,
    "end": 1547029071634,
    "duration": 27,
    "pid": 13976,
    "index": 44
  },
  {
    "name": "Require(36) node_modules/.3.1.0@egg-session/app.js",
    "start": 1547029071607,
    "end": 1547029071608,
    "duration": 1,
    "pid": 13976,
    "index": 45
  },
  {
    "name": "Require(37) node_modules/.2.4.2@egg-security/app.js",
    "start": 1547029071608,
    "end": 1547029071609,
    "duration": 1,
    "pid": 13976,
    "index": 46
  },
  {
    "name": "Require(38) node_modules/.2.1.0@egg-onerror/app.js",
    "start": 1547029071610,
    "end": 1547029071618,
    "duration": 8,
    "pid": 13976,
    "index": 47
  },
  {
    "name": "Require(39) node_modules/.2.0.0@egg-i18n/app.js",
    "start": 1547029071619,
    "end": 1547029071625,
    "duration": 6,
    "pid": 13976,
    "index": 48
  },
  {
    "name": "Require(40) node_modules/.3.1.0@egg-watcher/app.js",
    "start": 1547029071625,
    "end": 1547029071628,
    "duration": 3,
    "pid": 13976,
    "index": 49
  },
  {
    "name": "Require(41) node_modules/.3.6.0@egg-schedule/app.js",
    "start": 1547029071628,
    "end": 1547029071630,
    "duration": 2,
    "pid": 13976,
    "index": 50
  },
  {
    "name": "Require(42) node_modules/.2.4.0@egg-multipart/app.js",
    "start": 1547029071630,
    "end": 1547029071632,
    "duration": 2,
    "pid": 13976,
    "index": 51
  },
  {
    "name": "Require(43) node_modules/.2.4.1@egg-development/app.js",
    "start": 1547029071633,
    "end": 1547029071633,
    "duration": 0,
    "pid": 13976,
    "index": 52
  },
  {
    "name": "Require(44) node_modules/.3.0.5@egg-logrotator/app.js",
    "start": 1547029071633,
    "end": 1547029071633,
    "duration": 0,
    "pid": 13976,
    "index": 53
  },
  {
    "name": "Require(45) node_modules/.2.1.1@egg-static/app.js",
    "start": 1547029071633,
    "end": 1547029071634,
    "duration": 1,
    "pid": 13976,
    "index": 54
  },
  {
    "name": "Before Start in node_modules/.3.1.0@egg-watcher/lib/init.js:15:14",
    "start": 1547029071643,
    "end": 1547029073434,
    "duration": 1791,
    "pid": 13976,
    "index": 55
  },
  {
    "name": "Load Service",
    "start": 1547029071676,
    "end": 1547029071679,
    "duration": 3,
    "pid": 13976,
    "index": 56
  },
  {
    "name": "Load \"service\" to Context",
    "start": 1547029071676,
    "end": 1547029071679,
    "duration": 3,
    "pid": 13976,
    "index": 57
  },
  {
    "name": "Load Middleware",
    "start": 1547029071680,
    "end": 1547029071764,
    "duration": 84,
    "pid": 13976,
    "index": 58
  },
  {
    "name": "Load \"middlewares\" to Application",
    "start": 1547029071680,
    "end": 1547029071753,
    "duration": 73,
    "pid": 13976,
    "index": 59
  },
  {
    "name": "Load Controller",
    "start": 1547029071764,
    "end": 1547029073345,
    "duration": 1581,
    "pid": 13976,
    "index": 60
  },
  {
    "name": "Load \"controller\" to Application",
    "start": 1547029071764,
    "end": 1547029073345,
    "duration": 1581,
    "pid": 13976,
    "index": 61
  },
  {
    "name": "Load Router",
    "start": 1547029073345,
    "end": 1547029073347,
    "duration": 2,
    "pid": 13976,
    "index": 62
  },
  {
    "name": "Require(46) app/router.ts",
    "start": 1547029073346,
    "end": 1547029073346,
    "duration": 0,
    "pid": 13976,
    "index": 63
  },
  {
    "name": "Before Start in node_modules/.4.13.0@egg-core/lib/egg.js:287:10",
    "start": 1547029073346,
    "end": 1547029073356,
    "duration": 10,
    "pid": 13976,
    "index": 64
  }
]