[
  {
    "name": "Application Start",
    "start": 1547029027140,
    "end": 1547029028963,
    "duration": 1823,
    "pid": 15916,
    "index": 0
  },
  {
    "name": "Load Plugin",
    "start": 1547029027144,
    "end": 1547029027157,
    "duration": 13,
    "pid": 15916,
    "index": 1
  },
  {
    "name": "Load Config",
    "start": 1547029027157,
    "end": 1547029027170,
    "duration": 13,
    "pid": 15916,
    "index": 2
  },
  {
    "name": "Require(0) config/config.default.ts",
    "start": 1547029027158,
    "end": 1547029027158,
    "duration": 0,
    "pid": 15916,
    "index": 3
  },
  {
    "name": "Require(1) config/config.local.ts",
    "start": 1547029027159,
    "end": 1547029027159,
    "duration": 0,
    "pid": 15916,
    "index": 4
  },
  {
    "name": "Require(2) node_modules/.3.1.0@egg-session/config/config.default.js",
    "start": 1547029027160,
    "end": 1547029027160,
    "duration": 0,
    "pid": 15916,
    "index": 5
  },
  {
    "name": "Require(3) node_modules/.2.4.2@egg-security/config/config.default.js",
    "start": 1547029027160,
    "end": 1547029027160,
    "duration": 0,
    "pid": 15916,
    "index": 6
  },
  {
    "name": "Require(4) node_modules/.2.0.0@egg-jsonp/config/config.default.js",
    "start": 1547029027161,
    "end": 1547029027161,
    "duration": 0,
    "pid": 15916,
    "index": 7
  },
  {
    "name": "Require(5) node_modules/.2.1.0@egg-onerror/config/config.default.js",
    "start": 1547029027161,
    "end": 1547029027162,
    "duration": 1,
    "pid": 15916,
    "index": 8
  },
  {
    "name": "Require(6) node_modules/.2.0.0@egg-i18n/config/config.default.js",
    "start": 1547029027162,
    "end": 1547029027162,
    "duration": 0,
    "pid": 15916,
    "index": 9
  },
  {
    "name": "Require(7) node_modules/.3.1.0@egg-watcher/config/config.default.js",
    "start": 1547029027162,
    "end": 1547029027163,
    "duration": 1,
    "pid": 15916,
    "index": 10
  },
  {
    "name": "Require(8) node_modules/.3.6.0@egg-schedule/config/config.default.js",
    "start": 1547029027163,
    "end": 1547029027163,
    "duration": 0,
    "pid": 15916,
    "index": 11
  },
  {
    "name": "Require(9) node_modules/.2.4.0@egg-multipart/config/config.default.js",
    "start": 1547029027163,
    "end": 1547029027163,
    "duration": 0,
    "pid": 15916,
    "index": 12
  },
  {
    "name": "Require(10) node_modules/.2.4.1@egg-development/config/config.default.js",
    "start": 1547029027164,
    "end": 1547029027164,
    "duration": 0,
    "pid": 15916,
    "index": 13
  },
  {
    "name": "Require(11) node_modules/.3.0.5@egg-logrotator/config/config.default.js",
    "start": 1547029027164,
    "end": 1547029027164,
    "duration": 0,
    "pid": 15916,
    "index": 14
  },
  {
    "name": "Require(12) node_modules/.2.1.1@egg-static/config/config.default.js",
    "start": 1547029027165,
    "end": 1547029027165,
    "duration": 0,
    "pid": 15916,
    "index": 15
  },
  {
    "name": "Require(13) node_modules/.2.1.1@egg-view/config/config.default.js",
    "start": 1547029027165,
    "end": 1547029027165,
    "duration": 0,
    "pid": 15916,
    "index": 16
  },
  {
    "name": "Require(14) node_modules/.2.14.2@egg/config/config.default.js",
    "start": 1547029027166,
    "end": 1547029027166,
    "duration": 0,
    "pid": 15916,
    "index": 17
  },
  {
    "name": "Require(15) config/config.default.ts",
    "start": 1547029027167,
    "end": 1547029027167,
    "duration": 0,
    "pid": 15916,
    "index": 18
  },
  {
    "name": "Require(16) node_modules/.2.4.2@egg-security/config/config.local.js",
    "start": 1547029027167,
    "end": 1547029027167,
    "duration": 0,
    "pid": 15916,
    "index": 19
  },
  {
    "name": "Require(17) node_modules/.3.1.0@egg-watcher/config/config.local.js",
    "start": 1547029027168,
    "end": 1547029027168,
    "duration": 0,
    "pid": 15916,
    "index": 20
  },
  {
    "name": "Require(18) node_modules/.2.1.1@egg-view/config/config.local.js",
    "start": 1547029027169,
    "end": 1547029027170,
    "duration": 1,
    "pid": 15916,
    "index": 21
  },
  {
    "name": "Require(19) node_modules/.2.14.2@egg/config/config.local.js",
    "start": 1547029027170,
    "end": 1547029027170,
    "duration": 0,
    "pid": 15916,
    "index": 22
  },
  {
    "name": "Require(20) config/config.local.ts",
    "start": 1547029027170,
    "end": 1547029027170,
    "duration": 0,
    "pid": 15916,
    "index": 23
  },
  {
    "name": "Load extend/application.js",
    "start": 1547029027171,
    "end": 1547029027180,
    "duration": 9,
    "pid": 15916,
    "index": 24
  },
  {
    "name": "Require(21) node_modules/.3.1.0@egg-session/app/extend/application.js",
    "start": 1547029027172,
    "end": 1547029027172,
    "duration": 0,
    "pid": 15916,
    "index": 25
  },
  {
    "name": "Require(22) node_modules/.2.4.2@egg-security/app/extend/application.js",
    "start": 1547029027172,
    "end": 1547029027173,
    "duration": 1,
    "pid": 15916,
    "index": 26
  },
  {
    "name": "Require(23) node_modules/.2.0.0@egg-jsonp/app/extend/application.js",
    "start": 1547029027173,
    "end": 1547029027174,
    "duration": 1,
    "pid": 15916,
    "index": 27
  },
  {
    "name": "Require(24) node_modules/.3.0.5@egg-logrotator/app/extend/application.js",
    "start": 1547029027175,
    "end": 1547029027177,
    "duration": 2,
    "pid": 15916,
    "index": 28
  },
  {
    "name": "Require(25) node_modules/.2.1.1@egg-view/app/extend/application.js",
    "start": 1547029027177,
    "end": 1547029027178,
    "duration": 1,
    "pid": 15916,
    "index": 29
  },
  {
    "name": "Load extend/request.js",
    "start": 1547029027180,
    "end": 1547029027185,
    "duration": 5,
    "pid": 15916,
    "index": 30
  },
  {
    "name": "Require(26) node_modules/.2.14.2@egg/app/extend/request.js",
    "start": 1547029027182,
    "end": 1547029027183,
    "duration": 1,
    "pid": 15916,
    "index": 31
  },
  {
    "name": "Load extend/response.js",
    "start": 1547029027185,
    "end": 1547029027189,
    "duration": 4,
    "pid": 15916,
    "index": 32
  },
  {
    "name": "Require(27) node_modules/.2.14.2@egg/app/extend/response.js",
    "start": 1547029027186,
    "end": 1547029027188,
    "duration": 2,
    "pid": 15916,
    "index": 33
  },
  {
    "name": "Load extend/context.js",
    "start": 1547029027189,
    "end": 1547029027243,
    "duration": 54,
    "pid": 15916,
    "index": 34
  },
  {
    "name": "Require(28) node_modules/.2.4.2@egg-security/app/extend/context.js",
    "start": 1547029027190,
    "end": 1547029027200,
    "duration": 10,
    "pid": 15916,
    "index": 35
  },
  {
    "name": "Require(29) node_modules/.2.0.0@egg-jsonp/app/extend/context.js",
    "start": 1547029027200,
    "end": 1547029027201,
    "duration": 1,
    "pid": 15916,
    "index": 36
  },
  {
    "name": "Require(30) node_modules/.2.0.0@egg-i18n/app/extend/context.js",
    "start": 1547029027201,
    "end": 1547029027201,
    "duration": 0,
    "pid": 15916,
    "index": 37
  },
  {
    "name": "Require(31) node_modules/.2.4.0@egg-multipart/app/extend/context.js",
    "start": 1547029027202,
    "end": 1547029027239,
    "duration": 37,
    "pid": 15916,
    "index": 38
  },
  {
    "name": "Require(32) node_modules/.2.1.1@egg-view/app/extend/context.js",
    "start": 1547029027239,
    "end": 1547029027240,
    "duration": 1,
    "pid": 15916,
    "index": 39
  },
  {
    "name": "Require(33) node_modules/.2.14.2@egg/app/extend/context.js",
    "start": 1547029027240,
    "end": 1547029027241,
    "duration": 1,
    "pid": 15916,
    "index": 40
  },
  {
    "name": "Load extend/helper.js",
    "start": 1547029027243,
    "end": 1547029027257,
    "duration": 14,
    "pid": 15916,
    "index": 41
  },
  {
    "name": "Require(34) node_modules/.2.4.2@egg-security/app/extend/helper.js",
    "start": 1547029027243,
    "end": 1547029027254,
    "duration": 11,
    "pid": 15916,
    "index": 42
  },
  {
    "name": "Require(35) node_modules/.2.14.2@egg/app/extend/helper.js",
    "start": 1547029027255,
    "end": 1547029027255,
    "duration": 0,
    "pid": 15916,
    "index": 43
  },
  {
    "name": "Load app.js",
    "start": 1547029027257,
    "end": 1547029027281,
    "duration": 24,
    "pid": 15916,
    "index": 44
  },
  {
    "name": "Require(36) node_modules/.3.1.0@egg-session/app.js",
    "start": 1547029027257,
    "end": 1547029027257,
    "duration": 0,
    "pid": 15916,
    "index": 45
  },
  {
    "name": "Require(37) node_modules/.2.4.2@egg-security/app.js",
    "start": 1547029027258,
    "end": 1547029027259,
    "duration": 1,
    "pid": 15916,
    "index": 46
  },
  {
    "name": "Require(38) node_modules/.2.1.0@egg-onerror/app.js",
    "start": 1547029027259,
    "end": 1547029027267,
    "duration": 8,
    "pid": 15916,
    "index": 47
  },
  {
    "name": "Require(39) node_modules/.2.0.0@egg-i18n/app.js",
    "start": 1547029027268,
    "end": 1547029027272,
    "duration": 4,
    "pid": 15916,
    "index": 48
  },
  {
    "name": "Require(40) node_modules/.3.1.0@egg-watcher/app.js",
    "start": 1547029027272,
    "end": 1547029027275,
    "duration": 3,
    "pid": 15916,
    "index": 49
  },
  {
    "name": "Require(41) node_modules/.3.6.0@egg-schedule/app.js",
    "start": 1547029027275,
    "end": 1547029027277,
    "duration": 2,
    "pid": 15916,
    "index": 50
  },
  {
    "name": "Require(42) node_modules/.2.4.0@egg-multipart/app.js",
    "start": 1547029027277,
    "end": 1547029027279,
    "duration": 2,
    "pid": 15916,
    "index": 51
  },
  {
    "name": "Require(43) node_modules/.2.4.1@egg-development/app.js",
    "start": 1547029027280,
    "end": 1547029027280,
    "duration": 0,
    "pid": 15916,
    "index": 52
  },
  {
    "name": "Require(44) node_modules/.3.0.5@egg-logrotator/app.js",
    "start": 1547029027280,
    "end": 1547029027280,
    "duration": 0,
    "pid": 15916,
    "index": 53
  },
  {
    "name": "Require(45) node_modules/.2.1.1@egg-static/app.js",
    "start": 1547029027280,
    "end": 1547029027280,
    "duration": 0,
    "pid": 15916,
    "index": 54
  },
  {
    "name": "Before Start in node_modules/.3.1.0@egg-watcher/lib/init.js:15:14",
    "start": 1547029027291,
    "end": 1547029028963,
    "duration": 1672,
    "pid": 15916,
    "index": 55
  },
  {
    "name": "Load Service",
    "start": 1547029027321,
    "end": 1547029027325,
    "duration": 4,
    "pid": 15916,
    "index": 56
  },
  {
    "name": "Load \"service\" to Context",
    "start": 1547029027322,
    "end": 1547029027325,
    "duration": 3,
    "pid": 15916,
    "index": 57
  },
  {
    "name": "Load Middleware",
    "start": 1547029027325,
    "end": 1547029027397,
    "duration": 72,
    "pid": 15916,
    "index": 58
  },
  {
    "name": "Load \"middlewares\" to Application",
    "start": 1547029027325,
    "end": 1547029027388,
    "duration": 63,
    "pid": 15916,
    "index": 59
  },
  {
    "name": "Load Controller",
    "start": 1547029027397,
    "end": 1547029028890,
    "duration": 1493,
    "pid": 15916,
    "index": 60
  },
  {
    "name": "Load \"controller\" to Application",
    "start": 1547029027398,
    "end": 1547029028890,
    "duration": 1492,
    "pid": 15916,
    "index": 61
  },
  {
    "name": "Load Router",
    "start": 1547029028891,
    "end": 1547029028893,
    "duration": 2,
    "pid": 15916,
    "index": 62
  },
  {
    "name": "Require(46) app/router.ts",
    "start": 1547029028892,
    "end": 1547029028892,
    "duration": 0,
    "pid": 15916,
    "index": 63
  },
  {
    "name": "Before Start in node_modules/.4.13.0@egg-core/lib/egg.js:287:10",
    "start": 1547029028892,
    "end": 1547029028906,
    "duration": 14,
    "pid": 15916,
    "index": 64
  }
]