[
  {
    "name": "Application Start",
    "start": 1547026343620,
    "end": 1547026343902,
    "duration": 282,
    "pid": 10716,
    "index": 0
  },
  {
    "name": "Load Plugin",
    "start": 1547026343624,
    "end": 1547026343637,
    "duration": 13,
    "pid": 10716,
    "index": 1
  },
  {
    "name": "Load Config",
    "start": 1547026343637,
    "end": 1547026343649,
    "duration": 12,
    "pid": 10716,
    "index": 2
  },
  {
    "name": "Require(0) config/config.default.ts",
    "start": 1547026343637,
    "end": 1547026343638,
    "duration": 1,
    "pid": 10716,
    "index": 3
  },
  {
    "name": "Require(1) config/config.local.ts",
    "start": 1547026343638,
    "end": 1547026343638,
    "duration": 0,
    "pid": 10716,
    "index": 4
  },
  {
    "name": "Require(2) node_modules/.3.1.0@egg-session/config/config.default.js",
    "start": 1547026343639,
    "end": 1547026343639,
    "duration": 0,
    "pid": 10716,
    "index": 5
  },
  {
    "name": "Require(3) node_modules/.2.4.2@egg-security/config/config.default.js",
    "start": 1547026343640,
    "end": 1547026343640,
    "duration": 0,
    "pid": 10716,
    "index": 6
  },
  {
    "name": "Require(4) node_modules/.2.0.0@egg-jsonp/config/config.default.js",
    "start": 1547026343640,
    "end": 1547026343641,
    "duration": 1,
    "pid": 10716,
    "index": 7
  },
  {
    "name": "Require(5) node_modules/.2.1.0@egg-onerror/config/config.default.js",
    "start": 1547026343641,
    "end": 1547026343641,
    "duration": 0,
    "pid": 10716,
    "index": 8
  },
  {
    "name": "Require(6) node_modules/.2.0.0@egg-i18n/config/config.default.js",
    "start": 1547026343641,
    "end": 1547026343641,
    "duration": 0,
    "pid": 10716,
    "index": 9
  },
  {
    "name": "Require(7) node_modules/.3.1.0@egg-watcher/config/config.default.js",
    "start": 1547026343642,
    "end": 1547026343642,
    "duration": 0,
    "pid": 10716,
    "index": 10
  },
  {
    "name": "Require(8) node_modules/.3.6.0@egg-schedule/config/config.default.js",
    "start": 1547026343642,
    "end": 1547026343642,
    "duration": 0,
    "pid": 10716,
    "index": 11
  },
  {
    "name": "Require(9) node_modules/.2.4.0@egg-multipart/config/config.default.js",
    "start": 1547026343643,
    "end": 1547026343643,
    "duration": 0,
    "pid": 10716,
    "index": 12
  },
  {
    "name": "Require(10) node_modules/.2.4.1@egg-development/config/config.default.js",
    "start": 1547026343643,
    "end": 1547026343644,
    "duration": 1,
    "pid": 10716,
    "index": 13
  },
  {
    "name": "Require(11) node_modules/.3.0.5@egg-logrotator/config/config.default.js",
    "start": 1547026343644,
    "end": 1547026343644,
    "duration": 0,
    "pid": 10716,
    "index": 14
  },
  {
    "name": "Require(12) node_modules/.2.1.1@egg-static/config/config.default.js",
    "start": 1547026343644,
    "end": 1547026343644,
    "duration": 0,
    "pid": 10716,
    "index": 15
  },
  {
    "name": "Require(13) node_modules/.2.1.1@egg-view/config/config.default.js",
    "start": 1547026343645,
    "end": 1547026343645,
    "duration": 0,
    "pid": 10716,
    "index": 16
  },
  {
    "name": "Require(14) node_modules/.2.14.2@egg/config/config.default.js",
    "start": 1547026343645,
    "end": 1547026343645,
    "duration": 0,
    "pid": 10716,
    "index": 17
  },
  {
    "name": "Require(15) config/config.default.ts",
    "start": 1547026343646,
    "end": 1547026343646,
    "duration": 0,
    "pid": 10716,
    "index": 18
  },
  {
    "name": "Require(16) node_modules/.2.4.2@egg-security/config/config.local.js",
    "start": 1547026343647,
    "end": 1547026343647,
    "duration": 0,
    "pid": 10716,
    "index": 19
  },
  {
    "name": "Require(17) node_modules/.3.1.0@egg-watcher/config/config.local.js",
    "start": 1547026343647,
    "end": 1547026343648,
    "duration": 1,
    "pid": 10716,
    "index": 20
  },
  {
    "name": "Require(18) node_modules/.2.1.1@egg-view/config/config.local.js",
    "start": 1547026343648,
    "end": 1547026343648,
    "duration": 0,
    "pid": 10716,
    "index": 21
  },
  {
    "name": "Require(19) node_modules/.2.14.2@egg/config/config.local.js",
    "start": 1547026343649,
    "end": 1547026343649,
    "duration": 0,
    "pid": 10716,
    "index": 22
  },
  {
    "name": "Require(20) config/config.local.ts",
    "start": 1547026343649,
    "end": 1547026343649,
    "duration": 0,
    "pid": 10716,
    "index": 23
  },
  {
    "name": "Load extend/application.js",
    "start": 1547026343650,
    "end": 1547026343659,
    "duration": 9,
    "pid": 10716,
    "index": 24
  },
  {
    "name": "Require(21) node_modules/.3.1.0@egg-session/app/extend/application.js",
    "start": 1547026343650,
    "end": 1547026343650,
    "duration": 0,
    "pid": 10716,
    "index": 25
  },
  {
    "name": "Require(22) node_modules/.2.4.2@egg-security/app/extend/application.js",
    "start": 1547026343651,
    "end": 1547026343651,
    "duration": 0,
    "pid": 10716,
    "index": 26
  },
  {
    "name": "Require(23) node_modules/.2.0.0@egg-jsonp/app/extend/application.js",
    "start": 1547026343651,
    "end": 1547026343653,
    "duration": 2,
    "pid": 10716,
    "index": 27
  },
  {
    "name": "Require(24) node_modules/.3.0.5@egg-logrotator/app/extend/application.js",
    "start": 1547026343653,
    "end": 1547026343656,
    "duration": 3,
    "pid": 10716,
    "index": 28
  },
  {
    "name": "Require(25) node_modules/.2.1.1@egg-view/app/extend/application.js",
    "start": 1547026343656,
    "end": 1547026343658,
    "duration": 2,
    "pid": 10716,
    "index": 29
  },
  {
    "name": "Load extend/request.js",
    "start": 1547026343660,
    "end": 1547026343664,
    "duration": 4,
    "pid": 10716,
    "index": 30
  },
  {
    "name": "Require(26) node_modules/.2.14.2@egg/app/extend/request.js",
    "start": 1547026343661,
    "end": 1547026343662,
    "duration": 1,
    "pid": 10716,
    "index": 31
  },
  {
    "name": "Load extend/response.js",
    "start": 1547026343664,
    "end": 1547026343668,
    "duration": 4,
    "pid": 10716,
    "index": 32
  },
  {
    "name": "Require(27) node_modules/.2.14.2@egg/app/extend/response.js",
    "start": 1547026343665,
    "end": 1547026343667,
    "duration": 2,
    "pid": 10716,
    "index": 33
  },
  {
    "name": "Load extend/context.js",
    "start": 1547026343668,
    "end": 1547026343721,
    "duration": 53,
    "pid": 10716,
    "index": 34
  },
  {
    "name": "Require(28) node_modules/.2.4.2@egg-security/app/extend/context.js",
    "start": 1547026343669,
    "end": 1547026343678,
    "duration": 9,
    "pid": 10716,
    "index": 35
  },
  {
    "name": "Require(29) node_modules/.2.0.0@egg-jsonp/app/extend/context.js",
    "start": 1547026343678,
    "end": 1547026343679,
    "duration": 1,
    "pid": 10716,
    "index": 36
  },
  {
    "name": "Require(30) node_modules/.2.0.0@egg-i18n/app/extend/context.js",
    "start": 1547026343679,
    "end": 1547026343680,
    "duration": 1,
    "pid": 10716,
    "index": 37
  },
  {
    "name": "Require(31) node_modules/.2.4.0@egg-multipart/app/extend/context.js",
    "start": 1547026343680,
    "end": 1547026343717,
    "duration": 37,
    "pid": 10716,
    "index": 38
  },
  {
    "name": "Require(32) node_modules/.2.1.1@egg-view/app/extend/context.js",
    "start": 1547026343718,
    "end": 1547026343718,
    "duration": 0,
    "pid": 10716,
    "index": 39
  },
  {
    "name": "Require(33) node_modules/.2.14.2@egg/app/extend/context.js",
    "start": 1547026343719,
    "end": 1547026343720,
    "duration": 1,
    "pid": 10716,
    "index": 40
  },
  {
    "name": "Load extend/helper.js",
    "start": 1547026343722,
    "end": 1547026343735,
    "duration": 13,
    "pid": 10716,
    "index": 41
  },
  {
    "name": "Require(34) node_modules/.2.4.2@egg-security/app/extend/helper.js",
    "start": 1547026343722,
    "end": 1547026343732,
    "duration": 10,
    "pid": 10716,
    "index": 42
  },
  {
    "name": "Require(35) node_modules/.2.14.2@egg/app/extend/helper.js",
    "start": 1547026343733,
    "end": 1547026343734,
    "duration": 1,
    "pid": 10716,
    "index": 43
  },
  {
    "name": "Load app.js",
    "start": 1547026343735,
    "end": 1547026343760,
    "duration": 25,
    "pid": 10716,
    "index": 44
  },
  {
    "name": "Require(36) node_modules/.3.1.0@egg-session/app.js",
    "start": 1547026343735,
    "end": 1547026343736,
    "duration": 1,
    "pid": 10716,
    "index": 45
  },
  {
    "name": "Require(37) node_modules/.2.4.2@egg-security/app.js",
    "start": 1547026343736,
    "end": 1547026343737,
    "duration": 1,
    "pid": 10716,
    "index": 46
  },
  {
    "name": "Require(38) node_modules/.2.1.0@egg-onerror/app.js",
    "start": 1547026343738,
    "end": 1547026343745,
    "duration": 7,
    "pid": 10716,
    "index": 47
  },
  {
    "name": "Require(39) node_modules/.2.0.0@egg-i18n/app.js",
    "start": 1547026343745,
    "end": 1547026343750,
    "duration": 5,
    "pid": 10716,
    "index": 48
  },
  {
    "name": "Require(40) node_modules/.3.1.0@egg-watcher/app.js",
    "start": 1547026343751,
    "end": 1547026343754,
    "duration": 3,
    "pid": 10716,
    "index": 49
  },
  {
    "name": "Require(41) node_modules/.3.6.0@egg-schedule/app.js",
    "start": 1547026343754,
    "end": 1547026343756,
    "duration": 2,
    "pid": 10716,
    "index": 50
  },
  {
    "name": "Require(42) node_modules/.2.4.0@egg-multipart/app.js",
    "start": 1547026343756,
    "end": 1547026343758,
    "duration": 2,
    "pid": 10716,
    "index": 51
  },
  {
    "name": "Require(43) node_modules/.2.4.1@egg-development/app.js",
    "start": 1547026343758,
    "end": 1547026343758,
    "duration": 0,
    "pid": 10716,
    "index": 52
  },
  {
    "name": "Require(44) node_modules/.3.0.5@egg-logrotator/app.js",
    "start": 1547026343759,
    "end": 1547026343759,
    "duration": 0,
    "pid": 10716,
    "index": 53
  },
  {
    "name": "Require(45) node_modules/.2.1.1@egg-static/app.js",
    "start": 1547026343759,
    "end": 1547026343759,
    "duration": 0,
    "pid": 10716,
    "index": 54
  },
  {
    "name": "Before Start in node_modules/.3.1.0@egg-watcher/lib/init.js:15:14",
    "start": 1547026343769,
    "end": 1547026343902,
    "duration": 133,
    "pid": 10716,
    "index": 55
  },
  {
    "name": "Load Service",
    "start": 1547026343799,
    "end": 1547026343802,
    "duration": 3,
    "pid": 10716,
    "index": 56
  },
  {
    "name": "Load \"service\" to Context",
    "start": 1547026343799,
    "end": 1547026343802,
    "duration": 3,
    "pid": 10716,
    "index": 57
  },
  {
    "name": "Load Middleware",
    "start": 1547026343802,
    "end": 1547026343874,
    "duration": 72,
    "pid": 10716,
    "index": 58
  },
  {
    "name": "Load \"middlewares\" to Application",
    "start": 1547026343802,
    "end": 1547026343866,
    "duration": 64,
    "pid": 10716,
    "index": 59
  },
  {
    "name": "Load Controller",
    "start": 1547026343874,
    "end": 1547026343878,
    "duration": 4,
    "pid": 10716,
    "index": 60
  },
  {
    "name": "Load \"controller\" to Application",
    "start": 1547026343874,
    "end": 1547026343878,
    "duration": 4,
    "pid": 10716,
    "index": 61
  },
  {
    "name": "Load Router",
    "start": 1547026343878,
    "end": 1547026343880,
    "duration": 2,
    "pid": 10716,
    "index": 62
  },
  {
    "name": "Require(46) app/router.ts",
    "start": 1547026343878,
    "end": 1547026343878,
    "duration": 0,
    "pid": 10716,
    "index": 63
  },
  {
    "name": "Before Start in node_modules/.4.13.0@egg-core/lib/egg.js:287:10",
    "start": 1547026343878,
    "end": 1547026343889,
    "duration": 11,
    "pid": 10716,
    "index": 64
  }
]