[
  {
    "name": "Application Start",
    "start": 1547025246912,
    "end": 1547025248717,
    "duration": 1805,
    "pid": 5544,
    "index": 0
  },
  {
    "name": "Load Plugin",
    "start": 1547025246916,
    "end": 1547025246929,
    "duration": 13,
    "pid": 5544,
    "index": 1
  },
  {
    "name": "Load Config",
    "start": 1547025246929,
    "end": 1547025246941,
    "duration": 12,
    "pid": 5544,
    "index": 2
  },
  {
    "name": "Require(0) config/config.default.ts",
    "start": 1547025246929,
    "end": 1547025246930,
    "duration": 1,
    "pid": 5544,
    "index": 3
  },
  {
    "name": "Require(1) config/config.local.ts",
    "start": 1547025246930,
    "end": 1547025246930,
    "duration": 0,
    "pid": 5544,
    "index": 4
  },
  {
    "name": "Require(2) node_modules/.3.1.0@egg-session/config/config.default.js",
    "start": 1547025246931,
    "end": 1547025246931,
    "duration": 0,
    "pid": 5544,
    "index": 5
  },
  {
    "name": "Require(3) node_modules/.2.4.2@egg-security/config/config.default.js",
    "start": 1547025246931,
    "end": 1547025246932,
    "duration": 1,
    "pid": 5544,
    "index": 6
  },
  {
    "name": "Require(4) node_modules/.2.0.0@egg-jsonp/config/config.default.js",
    "start": 1547025246932,
    "end": 1547025246932,
    "duration": 0,
    "pid": 5544,
    "index": 7
  },
  {
    "name": "Require(5) node_modules/.2.1.0@egg-onerror/config/config.default.js",
    "start": 1547025246932,
    "end": 1547025246933,
    "duration": 1,
    "pid": 5544,
    "index": 8
  },
  {
    "name": "Require(6) node_modules/.2.0.0@egg-i18n/config/config.default.js",
    "start": 1547025246933,
    "end": 1547025246933,
    "duration": 0,
    "pid": 5544,
    "index": 9
  },
  {
    "name": "Require(7) node_modules/.3.1.0@egg-watcher/config/config.default.js",
    "start": 1547025246933,
    "end": 1547025246934,
    "duration": 1,
    "pid": 5544,
    "index": 10
  },
  {
    "name": "Require(8) node_modules/.3.6.0@egg-schedule/config/config.default.js",
    "start": 1547025246934,
    "end": 1547025246934,
    "duration": 0,
    "pid": 5544,
    "index": 11
  },
  {
    "name": "Require(9) node_modules/.2.4.0@egg-multipart/config/config.default.js",
    "start": 1547025246934,
    "end": 1547025246934,
    "duration": 0,
    "pid": 5544,
    "index": 12
  },
  {
    "name": "Require(10) node_modules/.2.4.1@egg-development/config/config.default.js",
    "start": 1547025246935,
    "end": 1547025246935,
    "duration": 0,
    "pid": 5544,
    "index": 13
  },
  {
    "name": "Require(11) node_modules/.3.0.5@egg-logrotator/config/config.default.js",
    "start": 1547025246935,
    "end": 1547025246935,
    "duration": 0,
    "pid": 5544,
    "index": 14
  },
  {
    "name": "Require(12) node_modules/.2.1.1@egg-static/config/config.default.js",
    "start": 1547025246936,
    "end": 1547025246936,
    "duration": 0,
    "pid": 5544,
    "index": 15
  },
  {
    "name": "Require(13) node_modules/.2.1.1@egg-view/config/config.default.js",
    "start": 1547025246937,
    "end": 1547025246937,
    "duration": 0,
    "pid": 5544,
    "index": 16
  },
  {
    "name": "Require(14) node_modules/.2.14.2@egg/config/config.default.js",
    "start": 1547025246937,
    "end": 1547025246938,
    "duration": 1,
    "pid": 5544,
    "index": 17
  },
  {
    "name": "Require(15) config/config.default.ts",
    "start": 1547025246939,
    "end": 1547025246939,
    "duration": 0,
    "pid": 5544,
    "index": 18
  },
  {
    "name": "Require(16) node_modules/.2.4.2@egg-security/config/config.local.js",
    "start": 1547025246939,
    "end": 1547025246939,
    "duration": 0,
    "pid": 5544,
    "index": 19
  },
  {
    "name": "Require(17) node_modules/.3.1.0@egg-watcher/config/config.local.js",
    "start": 1547025246940,
    "end": 1547025246940,
    "duration": 0,
    "pid": 5544,
    "index": 20
  },
  {
    "name": "Require(18) node_modules/.2.1.1@egg-view/config/config.local.js",
    "start": 1547025246941,
    "end": 1547025246941,
    "duration": 0,
    "pid": 5544,
    "index": 21
  },
  {
    "name": "Require(19) node_modules/.2.14.2@egg/config/config.local.js",
    "start": 1547025246941,
    "end": 1547025246941,
    "duration": 0,
    "pid": 5544,
    "index": 22
  },
  {
    "name": "Require(20) config/config.local.ts",
    "start": 1547025246941,
    "end": 1547025246941,
    "duration": 0,
    "pid": 5544,
    "index": 23
  },
  {
    "name": "Load extend/application.js",
    "start": 1547025246942,
    "end": 1547025246956,
    "duration": 14,
    "pid": 5544,
    "index": 24
  },
  {
    "name": "Require(21) node_modules/.3.1.0@egg-session/app/extend/application.js",
    "start": 1547025246943,
    "end": 1547025246943,
    "duration": 0,
    "pid": 5544,
    "index": 25
  },
  {
    "name": "Require(22) node_modules/.2.4.2@egg-security/app/extend/application.js",
    "start": 1547025246943,
    "end": 1547025246944,
    "duration": 1,
    "pid": 5544,
    "index": 26
  },
  {
    "name": "Require(23) node_modules/.2.0.0@egg-jsonp/app/extend/application.js",
    "start": 1547025246944,
    "end": 1547025246945,
    "duration": 1,
    "pid": 5544,
    "index": 27
  },
  {
    "name": "Require(24) node_modules/.3.0.5@egg-logrotator/app/extend/application.js",
    "start": 1547025246946,
    "end": 1547025246952,
    "duration": 6,
    "pid": 5544,
    "index": 28
  },
  {
    "name": "Require(25) node_modules/.2.1.1@egg-view/app/extend/application.js",
    "start": 1547025246953,
    "end": 1547025246954,
    "duration": 1,
    "pid": 5544,
    "index": 29
  },
  {
    "name": "Load extend/request.js",
    "start": 1547025246956,
    "end": 1547025246965,
    "duration": 9,
    "pid": 5544,
    "index": 30
  },
  {
    "name": "Require(26) node_modules/.2.14.2@egg/app/extend/request.js",
    "start": 1547025246957,
    "end": 1547025246958,
    "duration": 1,
    "pid": 5544,
    "index": 31
  },
  {
    "name": "Load extend/response.js",
    "start": 1547025246965,
    "end": 1547025246971,
    "duration": 6,
    "pid": 5544,
    "index": 32
  },
  {
    "name": "Require(27) node_modules/.2.14.2@egg/app/extend/response.js",
    "start": 1547025246968,
    "end": 1547025246969,
    "duration": 1,
    "pid": 5544,
    "index": 33
  },
  {
    "name": "Load extend/context.js",
    "start": 1547025246971,
    "end": 1547025247043,
    "duration": 72,
    "pid": 5544,
    "index": 34
  },
  {
    "name": "Require(28) node_modules/.2.4.2@egg-security/app/extend/context.js",
    "start": 1547025246972,
    "end": 1547025246984,
    "duration": 12,
    "pid": 5544,
    "index": 35
  },
  {
    "name": "Require(29) node_modules/.2.0.0@egg-jsonp/app/extend/context.js",
    "start": 1547025246984,
    "end": 1547025246985,
    "duration": 1,
    "pid": 5544,
    "index": 36
  },
  {
    "name": "Require(30) node_modules/.2.0.0@egg-i18n/app/extend/context.js",
    "start": 1547025246986,
    "end": 1547025246986,
    "duration": 0,
    "pid": 5544,
    "index": 37
  },
  {
    "name": "Require(31) node_modules/.2.4.0@egg-multipart/app/extend/context.js",
    "start": 1547025246987,
    "end": 1547025247039,
    "duration": 52,
    "pid": 5544,
    "index": 38
  },
  {
    "name": "Require(32) node_modules/.2.1.1@egg-view/app/extend/context.js",
    "start": 1547025247040,
    "end": 1547025247040,
    "duration": 0,
    "pid": 5544,
    "index": 39
  },
  {
    "name": "Require(33) node_modules/.2.14.2@egg/app/extend/context.js",
    "start": 1547025247040,
    "end": 1547025247041,
    "duration": 1,
    "pid": 5544,
    "index": 40
  },
  {
    "name": "Load extend/helper.js",
    "start": 1547025247043,
    "end": 1547025247057,
    "duration": 14,
    "pid": 5544,
    "index": 41
  },
  {
    "name": "Require(34) node_modules/.2.4.2@egg-security/app/extend/helper.js",
    "start": 1547025247043,
    "end": 1547025247054,
    "duration": 11,
    "pid": 5544,
    "index": 42
  },
  {
    "name": "Require(35) node_modules/.2.14.2@egg/app/extend/helper.js",
    "start": 1547025247055,
    "end": 1547025247055,
    "duration": 0,
    "pid": 5544,
    "index": 43
  },
  {
    "name": "Load app.js",
    "start": 1547025247057,
    "end": 1547025247081,
    "duration": 24,
    "pid": 5544,
    "index": 44
  },
  {
    "name": "Require(36) node_modules/.3.1.0@egg-session/app.js",
    "start": 1547025247057,
    "end": 1547025247057,
    "duration": 0,
    "pid": 5544,
    "index": 45
  },
  {
    "name": "Require(37) node_modules/.2.4.2@egg-security/app.js",
    "start": 1547025247058,
    "end": 1547025247059,
    "duration": 1,
    "pid": 5544,
    "index": 46
  },
  {
    "name": "Require(38) node_modules/.2.1.0@egg-onerror/app.js",
    "start": 1547025247059,
    "end": 1547025247067,
    "duration": 8,
    "pid": 5544,
    "index": 47
  },
  {
    "name": "Require(39) node_modules/.2.0.0@egg-i18n/app.js",
    "start": 1547025247067,
    "end": 1547025247072,
    "duration": 5,
    "pid": 5544,
    "index": 48
  },
  {
    "name": "Require(40) node_modules/.3.1.0@egg-watcher/app.js",
    "start": 1547025247072,
    "end": 1547025247075,
    "duration": 3,
    "pid": 5544,
    "index": 49
  },
  {
    "name": "Require(41) node_modules/.3.6.0@egg-schedule/app.js",
    "start": 1547025247075,
    "end": 1547025247076,
    "duration": 1,
    "pid": 5544,
    "index": 50
  },
  {
    "name": "Require(42) node_modules/.2.4.0@egg-multipart/app.js",
    "start": 1547025247077,
    "end": 1547025247079,
    "duration": 2,
    "pid": 5544,
    "index": 51
  },
  {
    "name": "Require(43) node_modules/.2.4.1@egg-development/app.js",
    "start": 1547025247079,
    "end": 1547025247079,
    "duration": 0,
    "pid": 5544,
    "index": 52
  },
  {
    "name": "Require(44) node_modules/.3.0.5@egg-logrotator/app.js",
    "start": 1547025247079,
    "end": 1547025247079,
    "duration": 0,
    "pid": 5544,
    "index": 53
  },
  {
    "name": "Require(45) node_modules/.2.1.1@egg-static/app.js",
    "start": 1547025247080,
    "end": 1547025247080,
    "duration": 0,
    "pid": 5544,
    "index": 54
  },
  {
    "name": "Before Start in node_modules/.3.1.0@egg-watcher/lib/init.js:15:14",
    "start": 1547025247089,
    "end": 1547025248716,
    "duration": 1627,
    "pid": 5544,
    "index": 55
  },
  {
    "name": "Load Service",
    "start": 1547025247120,
    "end": 1547025247123,
    "duration": 3,
    "pid": 5544,
    "index": 56
  },
  {
    "name": "Load \"service\" to Context",
    "start": 1547025247120,
    "end": 1547025247123,
    "duration": 3,
    "pid": 5544,
    "index": 57
  },
  {
    "name": "Load Middleware",
    "start": 1547025247123,
    "end": 1547025247193,
    "duration": 70,
    "pid": 5544,
    "index": 58
  },
  {
    "name": "Load \"middlewares\" to Application",
    "start": 1547025247123,
    "end": 1547025247185,
    "duration": 62,
    "pid": 5544,
    "index": 59
  },
  {
    "name": "Load Controller",
    "start": 1547025247193,
    "end": 1547025248623,
    "duration": 1430,
    "pid": 5544,
    "index": 60
  },
  {
    "name": "Load \"controller\" to Application",
    "start": 1547025247193,
    "end": 1547025248623,
    "duration": 1430,
    "pid": 5544,
    "index": 61
  },
  {
    "name": "Load Router",
    "start": 1547025248623,
    "end": 1547025248626,
    "duration": 3,
    "pid": 5544,
    "index": 62
  },
  {
    "name": "Require(46) app/router.ts",
    "start": 1547025248623,
    "end": 1547025248623,
    "duration": 0,
    "pid": 5544,
    "index": 63
  },
  {
    "name": "Before Start in node_modules/.4.13.0@egg-core/lib/egg.js:287:10",
    "start": 1547025248624,
    "end": 1547025248636,
    "duration": 12,
    "pid": 5544,
    "index": 64
  }
]