[
  {
    "name": "Application Start",
    "start": 1547029572640,
    "end": 1547029574485,
    "duration": 1845,
    "pid": 5856,
    "index": 0
  },
  {
    "name": "Load Plugin",
    "start": 1547029572643,
    "end": 1547029572655,
    "duration": 12,
    "pid": 5856,
    "index": 1
  },
  {
    "name": "Load Config",
    "start": 1547029572656,
    "end": 1547029572674,
    "duration": 18,
    "pid": 5856,
    "index": 2
  },
  {
    "name": "Require(0) config/config.default.ts",
    "start": 1547029572658,
    "end": 1547029572658,
    "duration": 0,
    "pid": 5856,
    "index": 3
  },
  {
    "name": "Require(1) config/config.local.ts",
    "start": 1547029572659,
    "end": 1547029572660,
    "duration": 1,
    "pid": 5856,
    "index": 4
  },
  {
    "name": "Require(2) node_modules/.3.1.0@egg-session/config/config.default.js",
    "start": 1547029572660,
    "end": 1547029572661,
    "duration": 1,
    "pid": 5856,
    "index": 5
  },
  {
    "name": "Require(3) node_modules/.2.4.2@egg-security/config/config.default.js",
    "start": 1547029572661,
    "end": 1547029572661,
    "duration": 0,
    "pid": 5856,
    "index": 6
  },
  {
    "name": "Require(4) node_modules/.2.0.0@egg-jsonp/config/config.default.js",
    "start": 1547029572662,
    "end": 1547029572662,
    "duration": 0,
    "pid": 5856,
    "index": 7
  },
  {
    "name": "Require(5) node_modules/.2.1.0@egg-onerror/config/config.default.js",
    "start": 1547029572663,
    "end": 1547029572663,
    "duration": 0,
    "pid": 5856,
    "index": 8
  },
  {
    "name": "Require(6) node_modules/.2.0.0@egg-i18n/config/config.default.js",
    "start": 1547029572663,
    "end": 1547029572663,
    "duration": 0,
    "pid": 5856,
    "index": 9
  },
  {
    "name": "Require(7) node_modules/.3.1.0@egg-watcher/config/config.default.js",
    "start": 1547029572664,
    "end": 1547029572664,
    "duration": 0,
    "pid": 5856,
    "index": 10
  },
  {
    "name": "Require(8) node_modules/.3.6.0@egg-schedule/config/config.default.js",
    "start": 1547029572664,
    "end": 1547029572664,
    "duration": 0,
    "pid": 5856,
    "index": 11
  },
  {
    "name": "Require(9) node_modules/.2.4.0@egg-multipart/config/config.default.js",
    "start": 1547029572667,
    "end": 1547029572668,
    "duration": 1,
    "pid": 5856,
    "index": 12
  },
  {
    "name": "Require(10) node_modules/.2.4.1@egg-development/config/config.default.js",
    "start": 1547029572668,
    "end": 1547029572668,
    "duration": 0,
    "pid": 5856,
    "index": 13
  },
  {
    "name": "Require(11) node_modules/.3.0.5@egg-logrotator/config/config.default.js",
    "start": 1547029572669,
    "end": 1547029572669,
    "duration": 0,
    "pid": 5856,
    "index": 14
  },
  {
    "name": "Require(12) node_modules/.2.1.1@egg-static/config/config.default.js",
    "start": 1547029572669,
    "end": 1547029572669,
    "duration": 0,
    "pid": 5856,
    "index": 15
  },
  {
    "name": "Require(13) node_modules/.2.1.1@egg-view/config/config.default.js",
    "start": 1547029572670,
    "end": 1547029572670,
    "duration": 0,
    "pid": 5856,
    "index": 16
  },
  {
    "name": "Require(14) node_modules/.2.14.2@egg/config/config.default.js",
    "start": 1547029572670,
    "end": 1547029572671,
    "duration": 1,
    "pid": 5856,
    "index": 17
  },
  {
    "name": "Require(15) config/config.default.ts",
    "start": 1547029572672,
    "end": 1547029572672,
    "duration": 0,
    "pid": 5856,
    "index": 18
  },
  {
    "name": "Require(16) node_modules/.2.4.2@egg-security/config/config.local.js",
    "start": 1547029572672,
    "end": 1547029572672,
    "duration": 0,
    "pid": 5856,
    "index": 19
  },
  {
    "name": "Require(17) node_modules/.3.1.0@egg-watcher/config/config.local.js",
    "start": 1547029572673,
    "end": 1547029572673,
    "duration": 0,
    "pid": 5856,
    "index": 20
  },
  {
    "name": "Require(18) node_modules/.2.1.1@egg-view/config/config.local.js",
    "start": 1547029572673,
    "end": 1547029572674,
    "duration": 1,
    "pid": 5856,
    "index": 21
  },
  {
    "name": "Require(19) node_modules/.2.14.2@egg/config/config.local.js",
    "start": 1547029572674,
    "end": 1547029572674,
    "duration": 0,
    "pid": 5856,
    "index": 22
  },
  {
    "name": "Require(20) config/config.local.ts",
    "start": 1547029572674,
    "end": 1547029572674,
    "duration": 0,
    "pid": 5856,
    "index": 23
  },
  {
    "name": "Load extend/application.js",
    "start": 1547029572675,
    "end": 1547029572684,
    "duration": 9,
    "pid": 5856,
    "index": 24
  },
  {
    "name": "Require(21) node_modules/.3.1.0@egg-session/app/extend/application.js",
    "start": 1547029572676,
    "end": 1547029572676,
    "duration": 0,
    "pid": 5856,
    "index": 25
  },
  {
    "name": "Require(22) node_modules/.2.4.2@egg-security/app/extend/application.js",
    "start": 1547029572676,
    "end": 1547029572677,
    "duration": 1,
    "pid": 5856,
    "index": 26
  },
  {
    "name": "Require(23) node_modules/.2.0.0@egg-jsonp/app/extend/application.js",
    "start": 1547029572677,
    "end": 1547029572678,
    "duration": 1,
    "pid": 5856,
    "index": 27
  },
  {
    "name": "Require(24) node_modules/.3.0.5@egg-logrotator/app/extend/application.js",
    "start": 1547029572679,
    "end": 1547029572681,
    "duration": 2,
    "pid": 5856,
    "index": 28
  },
  {
    "name": "Require(25) node_modules/.2.1.1@egg-view/app/extend/application.js",
    "start": 1547029572681,
    "end": 1547029572682,
    "duration": 1,
    "pid": 5856,
    "index": 29
  },
  {
    "name": "Load extend/request.js",
    "start": 1547029572684,
    "end": 1547029572688,
    "duration": 4,
    "pid": 5856,
    "index": 30
  },
  {
    "name": "Require(26) node_modules/.2.14.2@egg/app/extend/request.js",
    "start": 1547029572685,
    "end": 1547029572686,
    "duration": 1,
    "pid": 5856,
    "index": 31
  },
  {
    "name": "Load extend/response.js",
    "start": 1547029572688,
    "end": 1547029572693,
    "duration": 5,
    "pid": 5856,
    "index": 32
  },
  {
    "name": "Require(27) node_modules/.2.14.2@egg/app/extend/response.js",
    "start": 1547029572689,
    "end": 1547029572691,
    "duration": 2,
    "pid": 5856,
    "index": 33
  },
  {
    "name": "Load extend/context.js",
    "start": 1547029572693,
    "end": 1547029572745,
    "duration": 52,
    "pid": 5856,
    "index": 34
  },
  {
    "name": "Require(28) node_modules/.2.4.2@egg-security/app/extend/context.js",
    "start": 1547029572693,
    "end": 1547029572702,
    "duration": 9,
    "pid": 5856,
    "index": 35
  },
  {
    "name": "Require(29) node_modules/.2.0.0@egg-jsonp/app/extend/context.js",
    "start": 1547029572703,
    "end": 1547029572704,
    "duration": 1,
    "pid": 5856,
    "index": 36
  },
  {
    "name": "Require(30) node_modules/.2.0.0@egg-i18n/app/extend/context.js",
    "start": 1547029572704,
    "end": 1547029572704,
    "duration": 0,
    "pid": 5856,
    "index": 37
  },
  {
    "name": "Require(31) node_modules/.2.4.0@egg-multipart/app/extend/context.js",
    "start": 1547029572705,
    "end": 1547029572741,
    "duration": 36,
    "pid": 5856,
    "index": 38
  },
  {
    "name": "Require(32) node_modules/.2.1.1@egg-view/app/extend/context.js",
    "start": 1547029572741,
    "end": 1547029572742,
    "duration": 1,
    "pid": 5856,
    "index": 39
  },
  {
    "name": "Require(33) node_modules/.2.14.2@egg/app/extend/context.js",
    "start": 1547029572742,
    "end": 1547029572743,
    "duration": 1,
    "pid": 5856,
    "index": 40
  },
  {
    "name": "Load extend/helper.js",
    "start": 1547029572745,
    "end": 1547029572760,
    "duration": 15,
    "pid": 5856,
    "index": 41
  },
  {
    "name": "Require(34) node_modules/.2.4.2@egg-security/app/extend/helper.js",
    "start": 1547029572746,
    "end": 1547029572757,
    "duration": 11,
    "pid": 5856,
    "index": 42
  },
  {
    "name": "Require(35) node_modules/.2.14.2@egg/app/extend/helper.js",
    "start": 1547029572758,
    "end": 1547029572759,
    "duration": 1,
    "pid": 5856,
    "index": 43
  },
  {
    "name": "Load app.js",
    "start": 1547029572760,
    "end": 1547029572788,
    "duration": 28,
    "pid": 5856,
    "index": 44
  },
  {
    "name": "Require(36) node_modules/.3.1.0@egg-session/app.js",
    "start": 1547029572761,
    "end": 1547029572761,
    "duration": 0,
    "pid": 5856,
    "index": 45
  },
  {
    "name": "Require(37) node_modules/.2.4.2@egg-security/app.js",
    "start": 1547029572762,
    "end": 1547029572763,
    "duration": 1,
    "pid": 5856,
    "index": 46
  },
  {
    "name": "Require(38) node_modules/.2.1.0@egg-onerror/app.js",
    "start": 1547029572764,
    "end": 1547029572772,
    "duration": 8,
    "pid": 5856,
    "index": 47
  },
  {
    "name": "Require(39) node_modules/.2.0.0@egg-i18n/app.js",
    "start": 1547029572772,
    "end": 1547029572778,
    "duration": 6,
    "pid": 5856,
    "index": 48
  },
  {
    "name": "Require(40) node_modules/.3.1.0@egg-watcher/app.js",
    "start": 1547029572779,
    "end": 1547029572782,
    "duration": 3,
    "pid": 5856,
    "index": 49
  },
  {
    "name": "Require(41) node_modules/.3.6.0@egg-schedule/app.js",
    "start": 1547029572782,
    "end": 1547029572783,
    "duration": 1,
    "pid": 5856,
    "index": 50
  },
  {
    "name": "Require(42) node_modules/.2.4.0@egg-multipart/app.js",
    "start": 1547029572784,
    "end": 1547029572786,
    "duration": 2,
    "pid": 5856,
    "index": 51
  },
  {
    "name": "Require(43) node_modules/.2.4.1@egg-development/app.js",
    "start": 1547029572786,
    "end": 1547029572786,
    "duration": 0,
    "pid": 5856,
    "index": 52
  },
  {
    "name": "Require(44) node_modules/.3.0.5@egg-logrotator/app.js",
    "start": 1547029572786,
    "end": 1547029572786,
    "duration": 0,
    "pid": 5856,
    "index": 53
  },
  {
    "name": "Require(45) node_modules/.2.1.1@egg-static/app.js",
    "start": 1547029572786,
    "end": 1547029572787,
    "duration": 1,
    "pid": 5856,
    "index": 54
  },
  {
    "name": "Before Start in node_modules/.3.1.0@egg-watcher/lib/init.js:15:14",
    "start": 1547029572796,
    "end": 1547029574484,
    "duration": 1688,
    "pid": 5856,
    "index": 55
  },
  {
    "name": "Load Service",
    "start": 1547029572827,
    "end": 1547029572831,
    "duration": 4,
    "pid": 5856,
    "index": 56
  },
  {
    "name": "Load \"service\" to Context",
    "start": 1547029572827,
    "end": 1547029572831,
    "duration": 4,
    "pid": 5856,
    "index": 57
  },
  {
    "name": "Load Middleware",
    "start": 1547029572831,
    "end": 1547029572905,
    "duration": 74,
    "pid": 5856,
    "index": 58
  },
  {
    "name": "Load \"middlewares\" to Application",
    "start": 1547029572831,
    "end": 1547029572894,
    "duration": 63,
    "pid": 5856,
    "index": 59
  },
  {
    "name": "Load Controller",
    "start": 1547029572905,
    "end": 1547029574394,
    "duration": 1489,
    "pid": 5856,
    "index": 60
  },
  {
    "name": "Load \"controller\" to Application",
    "start": 1547029572905,
    "end": 1547029574394,
    "duration": 1489,
    "pid": 5856,
    "index": 61
  },
  {
    "name": "Load Router",
    "start": 1547029574394,
    "end": 1547029574396,
    "duration": 2,
    "pid": 5856,
    "index": 62
  },
  {
    "name": "Require(46) app/router.ts",
    "start": 1547029574394,
    "end": 1547029574394,
    "duration": 0,
    "pid": 5856,
    "index": 63
  },
  {
    "name": "Before Start in node_modules/.4.13.0@egg-core/lib/egg.js:287:10",
    "start": 1547029574395,
    "end": 1547029574406,
    "duration": 11,
    "pid": 5856,
    "index": 64
  }
]