[
  {
    "name": "Application Start",
    "start": 1547029225977,
    "end": 1547029226297,
    "duration": 320,
    "pid": 7892,
    "index": 0
  },
  {
    "name": "Load Plugin",
    "start": 1547029225980,
    "end": 1547029225995,
    "duration": 15,
    "pid": 7892,
    "index": 1
  },
  {
    "name": "Load Config",
    "start": 1547029225995,
    "end": 1547029226008,
    "duration": 13,
    "pid": 7892,
    "index": 2
  },
  {
    "name": "Require(0) config/config.default.ts",
    "start": 1547029225996,
    "end": 1547029225996,
    "duration": 0,
    "pid": 7892,
    "index": 3
  },
  {
    "name": "Require(1) config/config.local.ts",
    "start": 1547029225997,
    "end": 1547029225997,
    "duration": 0,
    "pid": 7892,
    "index": 4
  },
  {
    "name": "Require(2) node_modules/.3.1.0@egg-session/config/config.default.js",
    "start": 1547029225998,
    "end": 1547029225998,
    "duration": 0,
    "pid": 7892,
    "index": 5
  },
  {
    "name": "Require(3) node_modules/.2.4.2@egg-security/config/config.default.js",
    "start": 1547029225998,
    "end": 1547029225998,
    "duration": 0,
    "pid": 7892,
    "index": 6
  },
  {
    "name": "Require(4) node_modules/.2.0.0@egg-jsonp/config/config.default.js",
    "start": 1547029225999,
    "end": 1547029225999,
    "duration": 0,
    "pid": 7892,
    "index": 7
  },
  {
    "name": "Require(5) node_modules/.2.1.0@egg-onerror/config/config.default.js",
    "start": 1547029225999,
    "end": 1547029225999,
    "duration": 0,
    "pid": 7892,
    "index": 8
  },
  {
    "name": "Require(6) node_modules/.2.0.0@egg-i18n/config/config.default.js",
    "start": 1547029226000,
    "end": 1547029226000,
    "duration": 0,
    "pid": 7892,
    "index": 9
  },
  {
    "name": "Require(7) node_modules/.3.1.0@egg-watcher/config/config.default.js",
    "start": 1547029226000,
    "end": 1547029226000,
    "duration": 0,
    "pid": 7892,
    "index": 10
  },
  {
    "name": "Require(8) node_modules/.3.6.0@egg-schedule/config/config.default.js",
    "start": 1547029226001,
    "end": 1547029226001,
    "duration": 0,
    "pid": 7892,
    "index": 11
  },
  {
    "name": "Require(9) node_modules/.2.4.0@egg-multipart/config/config.default.js",
    "start": 1547029226001,
    "end": 1547029226001,
    "duration": 0,
    "pid": 7892,
    "index": 12
  },
  {
    "name": "Require(10) node_modules/.2.4.1@egg-development/config/config.default.js",
    "start": 1547029226002,
    "end": 1547029226002,
    "duration": 0,
    "pid": 7892,
    "index": 13
  },
  {
    "name": "Require(11) node_modules/.3.0.5@egg-logrotator/config/config.default.js",
    "start": 1547029226003,
    "end": 1547029226003,
    "duration": 0,
    "pid": 7892,
    "index": 14
  },
  {
    "name": "Require(12) node_modules/.2.1.1@egg-static/config/config.default.js",
    "start": 1547029226003,
    "end": 1547029226003,
    "duration": 0,
    "pid": 7892,
    "index": 15
  },
  {
    "name": "Require(13) node_modules/.2.1.1@egg-view/config/config.default.js",
    "start": 1547029226004,
    "end": 1547029226004,
    "duration": 0,
    "pid": 7892,
    "index": 16
  },
  {
    "name": "Require(14) node_modules/.2.14.2@egg/config/config.default.js",
    "start": 1547029226004,
    "end": 1547029226004,
    "duration": 0,
    "pid": 7892,
    "index": 17
  },
  {
    "name": "Require(15) config/config.default.ts",
    "start": 1547029226005,
    "end": 1547029226005,
    "duration": 0,
    "pid": 7892,
    "index": 18
  },
  {
    "name": "Require(16) node_modules/.2.4.2@egg-security/config/config.local.js",
    "start": 1547029226006,
    "end": 1547029226006,
    "duration": 0,
    "pid": 7892,
    "index": 19
  },
  {
    "name": "Require(17) node_modules/.3.1.0@egg-watcher/config/config.local.js",
    "start": 1547029226006,
    "end": 1547029226006,
    "duration": 0,
    "pid": 7892,
    "index": 20
  },
  {
    "name": "Require(18) node_modules/.2.1.1@egg-view/config/config.local.js",
    "start": 1547029226007,
    "end": 1547029226007,
    "duration": 0,
    "pid": 7892,
    "index": 21
  },
  {
    "name": "Require(19) node_modules/.2.14.2@egg/config/config.local.js",
    "start": 1547029226008,
    "end": 1547029226008,
    "duration": 0,
    "pid": 7892,
    "index": 22
  },
  {
    "name": "Require(20) config/config.local.ts",
    "start": 1547029226008,
    "end": 1547029226008,
    "duration": 0,
    "pid": 7892,
    "index": 23
  },
  {
    "name": "Load extend/application.js",
    "start": 1547029226009,
    "end": 1547029226020,
    "duration": 11,
    "pid": 7892,
    "index": 24
  },
  {
    "name": "Require(21) node_modules/.3.1.0@egg-session/app/extend/application.js",
    "start": 1547029226009,
    "end": 1547029226009,
    "duration": 0,
    "pid": 7892,
    "index": 25
  },
  {
    "name": "Require(22) node_modules/.2.4.2@egg-security/app/extend/application.js",
    "start": 1547029226010,
    "end": 1547029226010,
    "duration": 0,
    "pid": 7892,
    "index": 26
  },
  {
    "name": "Require(23) node_modules/.2.0.0@egg-jsonp/app/extend/application.js",
    "start": 1547029226011,
    "end": 1547029226012,
    "duration": 1,
    "pid": 7892,
    "index": 27
  },
  {
    "name": "Require(24) node_modules/.3.0.5@egg-logrotator/app/extend/application.js",
    "start": 1547029226013,
    "end": 1547029226016,
    "duration": 3,
    "pid": 7892,
    "index": 28
  },
  {
    "name": "Require(25) node_modules/.2.1.1@egg-view/app/extend/application.js",
    "start": 1547029226017,
    "end": 1547029226018,
    "duration": 1,
    "pid": 7892,
    "index": 29
  },
  {
    "name": "Load extend/request.js",
    "start": 1547029226020,
    "end": 1547029226024,
    "duration": 4,
    "pid": 7892,
    "index": 30
  },
  {
    "name": "Require(26) node_modules/.2.14.2@egg/app/extend/request.js",
    "start": 1547029226021,
    "end": 1547029226023,
    "duration": 2,
    "pid": 7892,
    "index": 31
  },
  {
    "name": "Load extend/response.js",
    "start": 1547029226024,
    "end": 1547029226030,
    "duration": 6,
    "pid": 7892,
    "index": 32
  },
  {
    "name": "Require(27) node_modules/.2.14.2@egg/app/extend/response.js",
    "start": 1547029226026,
    "end": 1547029226028,
    "duration": 2,
    "pid": 7892,
    "index": 33
  },
  {
    "name": "Load extend/context.js",
    "start": 1547029226030,
    "end": 1547029226082,
    "duration": 52,
    "pid": 7892,
    "index": 34
  },
  {
    "name": "Require(28) node_modules/.2.4.2@egg-security/app/extend/context.js",
    "start": 1547029226030,
    "end": 1547029226040,
    "duration": 10,
    "pid": 7892,
    "index": 35
  },
  {
    "name": "Require(29) node_modules/.2.0.0@egg-jsonp/app/extend/context.js",
    "start": 1547029226040,
    "end": 1547029226041,
    "duration": 1,
    "pid": 7892,
    "index": 36
  },
  {
    "name": "Require(30) node_modules/.2.0.0@egg-i18n/app/extend/context.js",
    "start": 1547029226041,
    "end": 1547029226041,
    "duration": 0,
    "pid": 7892,
    "index": 37
  },
  {
    "name": "Require(31) node_modules/.2.4.0@egg-multipart/app/extend/context.js",
    "start": 1547029226042,
    "end": 1547029226078,
    "duration": 36,
    "pid": 7892,
    "index": 38
  },
  {
    "name": "Require(32) node_modules/.2.1.1@egg-view/app/extend/context.js",
    "start": 1547029226078,
    "end": 1547029226079,
    "duration": 1,
    "pid": 7892,
    "index": 39
  },
  {
    "name": "Require(33) node_modules/.2.14.2@egg/app/extend/context.js",
    "start": 1547029226079,
    "end": 1547029226080,
    "duration": 1,
    "pid": 7892,
    "index": 40
  },
  {
    "name": "Load extend/helper.js",
    "start": 1547029226082,
    "end": 1547029226097,
    "duration": 15,
    "pid": 7892,
    "index": 41
  },
  {
    "name": "Require(34) node_modules/.2.4.2@egg-security/app/extend/helper.js",
    "start": 1547029226082,
    "end": 1547029226094,
    "duration": 12,
    "pid": 7892,
    "index": 42
  },
  {
    "name": "Require(35) node_modules/.2.14.2@egg/app/extend/helper.js",
    "start": 1547029226095,
    "end": 1547029226095,
    "duration": 0,
    "pid": 7892,
    "index": 43
  },
  {
    "name": "Load app.js",
    "start": 1547029226097,
    "end": 1547029226121,
    "duration": 24,
    "pid": 7892,
    "index": 44
  },
  {
    "name": "Require(36) node_modules/.3.1.0@egg-session/app.js",
    "start": 1547029226097,
    "end": 1547029226097,
    "duration": 0,
    "pid": 7892,
    "index": 45
  },
  {
    "name": "Require(37) node_modules/.2.4.2@egg-security/app.js",
    "start": 1547029226098,
    "end": 1547029226099,
    "duration": 1,
    "pid": 7892,
    "index": 46
  },
  {
    "name": "Require(38) node_modules/.2.1.0@egg-onerror/app.js",
    "start": 1547029226099,
    "end": 1547029226107,
    "duration": 8,
    "pid": 7892,
    "index": 47
  },
  {
    "name": "Require(39) node_modules/.2.0.0@egg-i18n/app.js",
    "start": 1547029226107,
    "end": 1547029226112,
    "duration": 5,
    "pid": 7892,
    "index": 48
  },
  {
    "name": "Require(40) node_modules/.3.1.0@egg-watcher/app.js",
    "start": 1547029226112,
    "end": 1547029226115,
    "duration": 3,
    "pid": 7892,
    "index": 49
  },
  {
    "name": "Require(41) node_modules/.3.6.0@egg-schedule/app.js",
    "start": 1547029226115,
    "end": 1547029226116,
    "duration": 1,
    "pid": 7892,
    "index": 50
  },
  {
    "name": "Require(42) node_modules/.2.4.0@egg-multipart/app.js",
    "start": 1547029226117,
    "end": 1547029226119,
    "duration": 2,
    "pid": 7892,
    "index": 51
  },
  {
    "name": "Require(43) node_modules/.2.4.1@egg-development/app.js",
    "start": 1547029226119,
    "end": 1547029226119,
    "duration": 0,
    "pid": 7892,
    "index": 52
  },
  {
    "name": "Require(44) node_modules/.3.0.5@egg-logrotator/app.js",
    "start": 1547029226120,
    "end": 1547029226120,
    "duration": 0,
    "pid": 7892,
    "index": 53
  },
  {
    "name": "Require(45) node_modules/.2.1.1@egg-static/app.js",
    "start": 1547029226120,
    "end": 1547029226120,
    "duration": 0,
    "pid": 7892,
    "index": 54
  },
  {
    "name": "Before Start in node_modules/.3.1.0@egg-watcher/lib/init.js:15:14",
    "start": 1547029226132,
    "end": 1547029226296,
    "duration": 164,
    "pid": 7892,
    "index": 55
  },
  {
    "name": "Load Service",
    "start": 1547029226164,
    "end": 1547029226168,
    "duration": 4,
    "pid": 7892,
    "index": 56
  },
  {
    "name": "Load \"service\" to Context",
    "start": 1547029226164,
    "end": 1547029226168,
    "duration": 4,
    "pid": 7892,
    "index": 57
  },
  {
    "name": "Load Middleware",
    "start": 1547029226168,
    "end": 1547029226265,
    "duration": 97,
    "pid": 7892,
    "index": 58
  },
  {
    "name": "Load \"middlewares\" to Application",
    "start": 1547029226168,
    "end": 1547029226247,
    "duration": 79,
    "pid": 7892,
    "index": 59
  },
  {
    "name": "Load Controller",
    "start": 1547029226265,
    "end": 1547029226275,
    "duration": 10,
    "pid": 7892,
    "index": 60
  },
  {
    "name": "Load \"controller\" to Application",
    "start": 1547029226265,
    "end": 1547029226275,
    "duration": 10,
    "pid": 7892,
    "index": 61
  },
  {
    "name": "Load Router",
    "start": 1547029226275,
    "end": 1547029226277,
    "duration": 2,
    "pid": 7892,
    "index": 62
  },
  {
    "name": "Require(46) app/router.ts",
    "start": 1547029226275,
    "end": 1547029226275,
    "duration": 0,
    "pid": 7892,
    "index": 63
  },
  {
    "name": "Before Start in node_modules/.4.13.0@egg-core/lib/egg.js:287:10",
    "start": 1547029226276,
    "end": 1547029226287,
    "duration": 11,
    "pid": 7892,
    "index": 64
  }
]