[
  {
    "name": "Application Start",
    "start": 1547028787709,
    "end": 1547028789666,
    "duration": 1957,
    "pid": 21424,
    "index": 0
  },
  {
    "name": "Load Plugin",
    "start": 1547028787712,
    "end": 1547028787727,
    "duration": 15,
    "pid": 21424,
    "index": 1
  },
  {
    "name": "Load Config",
    "start": 1547028787727,
    "end": 1547028787743,
    "duration": 16,
    "pid": 21424,
    "index": 2
  },
  {
    "name": "Require(0) config/config.default.ts",
    "start": 1547028787728,
    "end": 1547028787728,
    "duration": 0,
    "pid": 21424,
    "index": 3
  },
  {
    "name": "Require(1) config/config.local.ts",
    "start": 1547028787729,
    "end": 1547028787729,
    "duration": 0,
    "pid": 21424,
    "index": 4
  },
  {
    "name": "Require(2) node_modules/.3.1.0@egg-session/config/config.default.js",
    "start": 1547028787730,
    "end": 1547028787730,
    "duration": 0,
    "pid": 21424,
    "index": 5
  },
  {
    "name": "Require(3) node_modules/.2.4.2@egg-security/config/config.default.js",
    "start": 1547028787730,
    "end": 1547028787731,
    "duration": 1,
    "pid": 21424,
    "index": 6
  },
  {
    "name": "Require(4) node_modules/.2.0.0@egg-jsonp/config/config.default.js",
    "start": 1547028787731,
    "end": 1547028787731,
    "duration": 0,
    "pid": 21424,
    "index": 7
  },
  {
    "name": "Require(5) node_modules/.2.1.0@egg-onerror/config/config.default.js",
    "start": 1547028787732,
    "end": 1547028787732,
    "duration": 0,
    "pid": 21424,
    "index": 8
  },
  {
    "name": "Require(6) node_modules/.2.0.0@egg-i18n/config/config.default.js",
    "start": 1547028787732,
    "end": 1547028787732,
    "duration": 0,
    "pid": 21424,
    "index": 9
  },
  {
    "name": "Require(7) node_modules/.3.1.0@egg-watcher/config/config.default.js",
    "start": 1547028787733,
    "end": 1547028787733,
    "duration": 0,
    "pid": 21424,
    "index": 10
  },
  {
    "name": "Require(8) node_modules/.3.6.0@egg-schedule/config/config.default.js",
    "start": 1547028787733,
    "end": 1547028787733,
    "duration": 0,
    "pid": 21424,
    "index": 11
  },
  {
    "name": "Require(9) node_modules/.2.4.0@egg-multipart/config/config.default.js",
    "start": 1547028787734,
    "end": 1547028787734,
    "duration": 0,
    "pid": 21424,
    "index": 12
  },
  {
    "name": "Require(10) node_modules/.2.4.1@egg-development/config/config.default.js",
    "start": 1547028787734,
    "end": 1547028787734,
    "duration": 0,
    "pid": 21424,
    "index": 13
  },
  {
    "name": "Require(11) node_modules/.3.0.5@egg-logrotator/config/config.default.js",
    "start": 1547028787735,
    "end": 1547028787735,
    "duration": 0,
    "pid": 21424,
    "index": 14
  },
  {
    "name": "Require(12) node_modules/.2.1.1@egg-static/config/config.default.js",
    "start": 1547028787735,
    "end": 1547028787736,
    "duration": 1,
    "pid": 21424,
    "index": 15
  },
  {
    "name": "Require(13) node_modules/.2.1.1@egg-view/config/config.default.js",
    "start": 1547028787736,
    "end": 1547028787736,
    "duration": 0,
    "pid": 21424,
    "index": 16
  },
  {
    "name": "Require(14) node_modules/.2.14.2@egg/config/config.default.js",
    "start": 1547028787737,
    "end": 1547028787738,
    "duration": 1,
    "pid": 21424,
    "index": 17
  },
  {
    "name": "Require(15) config/config.default.ts",
    "start": 1547028787740,
    "end": 1547028787740,
    "duration": 0,
    "pid": 21424,
    "index": 18
  },
  {
    "name": "Require(16) node_modules/.2.4.2@egg-security/config/config.local.js",
    "start": 1547028787741,
    "end": 1547028787741,
    "duration": 0,
    "pid": 21424,
    "index": 19
  },
  {
    "name": "Require(17) node_modules/.3.1.0@egg-watcher/config/config.local.js",
    "start": 1547028787742,
    "end": 1547028787742,
    "duration": 0,
    "pid": 21424,
    "index": 20
  },
  {
    "name": "Require(18) node_modules/.2.1.1@egg-view/config/config.local.js",
    "start": 1547028787743,
    "end": 1547028787743,
    "duration": 0,
    "pid": 21424,
    "index": 21
  },
  {
    "name": "Require(19) node_modules/.2.14.2@egg/config/config.local.js",
    "start": 1547028787743,
    "end": 1547028787743,
    "duration": 0,
    "pid": 21424,
    "index": 22
  },
  {
    "name": "Require(20) config/config.local.ts",
    "start": 1547028787743,
    "end": 1547028787743,
    "duration": 0,
    "pid": 21424,
    "index": 23
  },
  {
    "name": "Load extend/application.js",
    "start": 1547028787744,
    "end": 1547028787754,
    "duration": 10,
    "pid": 21424,
    "index": 24
  },
  {
    "name": "Require(21) node_modules/.3.1.0@egg-session/app/extend/application.js",
    "start": 1547028787745,
    "end": 1547028787745,
    "duration": 0,
    "pid": 21424,
    "index": 25
  },
  {
    "name": "Require(22) node_modules/.2.4.2@egg-security/app/extend/application.js",
    "start": 1547028787745,
    "end": 1547028787746,
    "duration": 1,
    "pid": 21424,
    "index": 26
  },
  {
    "name": "Require(23) node_modules/.2.0.0@egg-jsonp/app/extend/application.js",
    "start": 1547028787746,
    "end": 1547028787747,
    "duration": 1,
    "pid": 21424,
    "index": 27
  },
  {
    "name": "Require(24) node_modules/.3.0.5@egg-logrotator/app/extend/application.js",
    "start": 1547028787748,
    "end": 1547028787750,
    "duration": 2,
    "pid": 21424,
    "index": 28
  },
  {
    "name": "Require(25) node_modules/.2.1.1@egg-view/app/extend/application.js",
    "start": 1547028787750,
    "end": 1547028787751,
    "duration": 1,
    "pid": 21424,
    "index": 29
  },
  {
    "name": "Load extend/request.js",
    "start": 1547028787754,
    "end": 1547028787760,
    "duration": 6,
    "pid": 21424,
    "index": 30
  },
  {
    "name": "Require(26) node_modules/.2.14.2@egg/app/extend/request.js",
    "start": 1547028787757,
    "end": 1547028787758,
    "duration": 1,
    "pid": 21424,
    "index": 31
  },
  {
    "name": "Load extend/response.js",
    "start": 1547028787760,
    "end": 1547028787765,
    "duration": 5,
    "pid": 21424,
    "index": 32
  },
  {
    "name": "Require(27) node_modules/.2.14.2@egg/app/extend/response.js",
    "start": 1547028787762,
    "end": 1547028787763,
    "duration": 1,
    "pid": 21424,
    "index": 33
  },
  {
    "name": "Load extend/context.js",
    "start": 1547028787765,
    "end": 1547028787829,
    "duration": 64,
    "pid": 21424,
    "index": 34
  },
  {
    "name": "Require(28) node_modules/.2.4.2@egg-security/app/extend/context.js",
    "start": 1547028787765,
    "end": 1547028787778,
    "duration": 13,
    "pid": 21424,
    "index": 35
  },
  {
    "name": "Require(29) node_modules/.2.0.0@egg-jsonp/app/extend/context.js",
    "start": 1547028787778,
    "end": 1547028787779,
    "duration": 1,
    "pid": 21424,
    "index": 36
  },
  {
    "name": "Require(30) node_modules/.2.0.0@egg-i18n/app/extend/context.js",
    "start": 1547028787780,
    "end": 1547028787780,
    "duration": 0,
    "pid": 21424,
    "index": 37
  },
  {
    "name": "Require(31) node_modules/.2.4.0@egg-multipart/app/extend/context.js",
    "start": 1547028787780,
    "end": 1547028787825,
    "duration": 45,
    "pid": 21424,
    "index": 38
  },
  {
    "name": "Require(32) node_modules/.2.1.1@egg-view/app/extend/context.js",
    "start": 1547028787825,
    "end": 1547028787826,
    "duration": 1,
    "pid": 21424,
    "index": 39
  },
  {
    "name": "Require(33) node_modules/.2.14.2@egg/app/extend/context.js",
    "start": 1547028787826,
    "end": 1547028787827,
    "duration": 1,
    "pid": 21424,
    "index": 40
  },
  {
    "name": "Load extend/helper.js",
    "start": 1547028787829,
    "end": 1547028787846,
    "duration": 17,
    "pid": 21424,
    "index": 41
  },
  {
    "name": "Require(34) node_modules/.2.4.2@egg-security/app/extend/helper.js",
    "start": 1547028787829,
    "end": 1547028787843,
    "duration": 14,
    "pid": 21424,
    "index": 42
  },
  {
    "name": "Require(35) node_modules/.2.14.2@egg/app/extend/helper.js",
    "start": 1547028787845,
    "end": 1547028787845,
    "duration": 0,
    "pid": 21424,
    "index": 43
  },
  {
    "name": "Load app.js",
    "start": 1547028787846,
    "end": 1547028787877,
    "duration": 31,
    "pid": 21424,
    "index": 44
  },
  {
    "name": "Require(36) node_modules/.3.1.0@egg-session/app.js",
    "start": 1547028787847,
    "end": 1547028787847,
    "duration": 0,
    "pid": 21424,
    "index": 45
  },
  {
    "name": "Require(37) node_modules/.2.4.2@egg-security/app.js",
    "start": 1547028787847,
    "end": 1547028787848,
    "duration": 1,
    "pid": 21424,
    "index": 46
  },
  {
    "name": "Require(38) node_modules/.2.1.0@egg-onerror/app.js",
    "start": 1547028787849,
    "end": 1547028787860,
    "duration": 11,
    "pid": 21424,
    "index": 47
  },
  {
    "name": "Require(39) node_modules/.2.0.0@egg-i18n/app.js",
    "start": 1547028787860,
    "end": 1547028787865,
    "duration": 5,
    "pid": 21424,
    "index": 48
  },
  {
    "name": "Require(40) node_modules/.3.1.0@egg-watcher/app.js",
    "start": 1547028787865,
    "end": 1547028787869,
    "duration": 4,
    "pid": 21424,
    "index": 49
  },
  {
    "name": "Require(41) node_modules/.3.6.0@egg-schedule/app.js",
    "start": 1547028787869,
    "end": 1547028787870,
    "duration": 1,
    "pid": 21424,
    "index": 50
  },
  {
    "name": "Require(42) node_modules/.2.4.0@egg-multipart/app.js",
    "start": 1547028787871,
    "end": 1547028787874,
    "duration": 3,
    "pid": 21424,
    "index": 51
  },
  {
    "name": "Require(43) node_modules/.2.4.1@egg-development/app.js",
    "start": 1547028787874,
    "end": 1547028787875,
    "duration": 1,
    "pid": 21424,
    "index": 52
  },
  {
    "name": "Require(44) node_modules/.3.0.5@egg-logrotator/app.js",
    "start": 1547028787875,
    "end": 1547028787875,
    "duration": 0,
    "pid": 21424,
    "index": 53
  },
  {
    "name": "Require(45) node_modules/.2.1.1@egg-static/app.js",
    "start": 1547028787876,
    "end": 1547028787876,
    "duration": 0,
    "pid": 21424,
    "index": 54
  },
  {
    "name": "Before Start in node_modules/.3.1.0@egg-watcher/lib/init.js:15:14",
    "start": 1547028787889,
    "end": 1547028789666,
    "duration": 1777,
    "pid": 21424,
    "index": 55
  },
  {
    "name": "Load Service",
    "start": 1547028787927,
    "end": 1547028787930,
    "duration": 3,
    "pid": 21424,
    "index": 56
  },
  {
    "name": "Load \"service\" to Context",
    "start": 1547028787927,
    "end": 1547028787930,
    "duration": 3,
    "pid": 21424,
    "index": 57
  },
  {
    "name": "Load Middleware",
    "start": 1547028787931,
    "end": 1547028788015,
    "duration": 84,
    "pid": 21424,
    "index": 58
  },
  {
    "name": "Load \"middlewares\" to Application",
    "start": 1547028787931,
    "end": 1547028788008,
    "duration": 77,
    "pid": 21424,
    "index": 59
  },
  {
    "name": "Load Controller",
    "start": 1547028788016,
    "end": 1547028789590,
    "duration": 1574,
    "pid": 21424,
    "index": 60
  },
  {
    "name": "Load \"controller\" to Application",
    "start": 1547028788016,
    "end": 1547028789590,
    "duration": 1574,
    "pid": 21424,
    "index": 61
  },
  {
    "name": "Load Router",
    "start": 1547028789590,
    "end": 1547028789592,
    "duration": 2,
    "pid": 21424,
    "index": 62
  },
  {
    "name": "Require(46) app/router.ts",
    "start": 1547028789590,
    "end": 1547028789590,
    "duration": 0,
    "pid": 21424,
    "index": 63
  },
  {
    "name": "Before Start in node_modules/.4.13.0@egg-core/lib/egg.js:287:10",
    "start": 1547028789591,
    "end": 1547028789606,
    "duration": 15,
    "pid": 21424,
    "index": 64
  }
]