[
  {
    "name": "Application Start",
    "start": 1547028901557,
    "end": 1547028903436,
    "duration": 1879,
    "pid": 10560,
    "index": 0
  },
  {
    "name": "Load Plugin",
    "start": 1547028901560,
    "end": 1547028901574,
    "duration": 14,
    "pid": 10560,
    "index": 1
  },
  {
    "name": "Load Config",
    "start": 1547028901574,
    "end": 1547028901588,
    "duration": 14,
    "pid": 10560,
    "index": 2
  },
  {
    "name": "Require(0) config/config.default.ts",
    "start": 1547028901575,
    "end": 1547028901575,
    "duration": 0,
    "pid": 10560,
    "index": 3
  },
  {
    "name": "Require(1) config/config.local.ts",
    "start": 1547028901576,
    "end": 1547028901576,
    "duration": 0,
    "pid": 10560,
    "index": 4
  },
  {
    "name": "Require(2) node_modules/.3.1.0@egg-session/config/config.default.js",
    "start": 1547028901576,
    "end": 1547028901577,
    "duration": 1,
    "pid": 10560,
    "index": 5
  },
  {
    "name": "Require(3) node_modules/.2.4.2@egg-security/config/config.default.js",
    "start": 1547028901577,
    "end": 1547028901577,
    "duration": 0,
    "pid": 10560,
    "index": 6
  },
  {
    "name": "Require(4) node_modules/.2.0.0@egg-jsonp/config/config.default.js",
    "start": 1547028901578,
    "end": 1547028901578,
    "duration": 0,
    "pid": 10560,
    "index": 7
  },
  {
    "name": "Require(5) node_modules/.2.1.0@egg-onerror/config/config.default.js",
    "start": 1547028901578,
    "end": 1547028901579,
    "duration": 1,
    "pid": 10560,
    "index": 8
  },
  {
    "name": "Require(6) node_modules/.2.0.0@egg-i18n/config/config.default.js",
    "start": 1547028901579,
    "end": 1547028901579,
    "duration": 0,
    "pid": 10560,
    "index": 9
  },
  {
    "name": "Require(7) node_modules/.3.1.0@egg-watcher/config/config.default.js",
    "start": 1547028901579,
    "end": 1547028901580,
    "duration": 1,
    "pid": 10560,
    "index": 10
  },
  {
    "name": "Require(8) node_modules/.3.6.0@egg-schedule/config/config.default.js",
    "start": 1547028901580,
    "end": 1547028901580,
    "duration": 0,
    "pid": 10560,
    "index": 11
  },
  {
    "name": "Require(9) node_modules/.2.4.0@egg-multipart/config/config.default.js",
    "start": 1547028901580,
    "end": 1547028901581,
    "duration": 1,
    "pid": 10560,
    "index": 12
  },
  {
    "name": "Require(10) node_modules/.2.4.1@egg-development/config/config.default.js",
    "start": 1547028901581,
    "end": 1547028901581,
    "duration": 0,
    "pid": 10560,
    "index": 13
  },
  {
    "name": "Require(11) node_modules/.3.0.5@egg-logrotator/config/config.default.js",
    "start": 1547028901582,
    "end": 1547028901582,
    "duration": 0,
    "pid": 10560,
    "index": 14
  },
  {
    "name": "Require(12) node_modules/.2.1.1@egg-static/config/config.default.js",
    "start": 1547028901582,
    "end": 1547028901582,
    "duration": 0,
    "pid": 10560,
    "index": 15
  },
  {
    "name": "Require(13) node_modules/.2.1.1@egg-view/config/config.default.js",
    "start": 1547028901583,
    "end": 1547028901583,
    "duration": 0,
    "pid": 10560,
    "index": 16
  },
  {
    "name": "Require(14) node_modules/.2.14.2@egg/config/config.default.js",
    "start": 1547028901583,
    "end": 1547028901583,
    "duration": 0,
    "pid": 10560,
    "index": 17
  },
  {
    "name": "Require(15) config/config.default.ts",
    "start": 1547028901585,
    "end": 1547028901585,
    "duration": 0,
    "pid": 10560,
    "index": 18
  },
  {
    "name": "Require(16) node_modules/.2.4.2@egg-security/config/config.local.js",
    "start": 1547028901586,
    "end": 1547028901586,
    "duration": 0,
    "pid": 10560,
    "index": 19
  },
  {
    "name": "Require(17) node_modules/.3.1.0@egg-watcher/config/config.local.js",
    "start": 1547028901586,
    "end": 1547028901587,
    "duration": 1,
    "pid": 10560,
    "index": 20
  },
  {
    "name": "Require(18) node_modules/.2.1.1@egg-view/config/config.local.js",
    "start": 1547028901587,
    "end": 1547028901587,
    "duration": 0,
    "pid": 10560,
    "index": 21
  },
  {
    "name": "Require(19) node_modules/.2.14.2@egg/config/config.local.js",
    "start": 1547028901588,
    "end": 1547028901588,
    "duration": 0,
    "pid": 10560,
    "index": 22
  },
  {
    "name": "Require(20) config/config.local.ts",
    "start": 1547028901588,
    "end": 1547028901588,
    "duration": 0,
    "pid": 10560,
    "index": 23
  },
  {
    "name": "Load extend/application.js",
    "start": 1547028901590,
    "end": 1547028901599,
    "duration": 9,
    "pid": 10560,
    "index": 24
  },
  {
    "name": "Require(21) node_modules/.3.1.0@egg-session/app/extend/application.js",
    "start": 1547028901590,
    "end": 1547028901591,
    "duration": 1,
    "pid": 10560,
    "index": 25
  },
  {
    "name": "Require(22) node_modules/.2.4.2@egg-security/app/extend/application.js",
    "start": 1547028901591,
    "end": 1547028901592,
    "duration": 1,
    "pid": 10560,
    "index": 26
  },
  {
    "name": "Require(23) node_modules/.2.0.0@egg-jsonp/app/extend/application.js",
    "start": 1547028901592,
    "end": 1547028901593,
    "duration": 1,
    "pid": 10560,
    "index": 27
  },
  {
    "name": "Require(24) node_modules/.3.0.5@egg-logrotator/app/extend/application.js",
    "start": 1547028901594,
    "end": 1547028901596,
    "duration": 2,
    "pid": 10560,
    "index": 28
  },
  {
    "name": "Require(25) node_modules/.2.1.1@egg-view/app/extend/application.js",
    "start": 1547028901596,
    "end": 1547028901598,
    "duration": 2,
    "pid": 10560,
    "index": 29
  },
  {
    "name": "Load extend/request.js",
    "start": 1547028901599,
    "end": 1547028901604,
    "duration": 5,
    "pid": 10560,
    "index": 30
  },
  {
    "name": "Require(26) node_modules/.2.14.2@egg/app/extend/request.js",
    "start": 1547028901601,
    "end": 1547028901602,
    "duration": 1,
    "pid": 10560,
    "index": 31
  },
  {
    "name": "Load extend/response.js",
    "start": 1547028901604,
    "end": 1547028901608,
    "duration": 4,
    "pid": 10560,
    "index": 32
  },
  {
    "name": "Require(27) node_modules/.2.14.2@egg/app/extend/response.js",
    "start": 1547028901605,
    "end": 1547028901607,
    "duration": 2,
    "pid": 10560,
    "index": 33
  },
  {
    "name": "Load extend/context.js",
    "start": 1547028901608,
    "end": 1547028901664,
    "duration": 56,
    "pid": 10560,
    "index": 34
  },
  {
    "name": "Require(28) node_modules/.2.4.2@egg-security/app/extend/context.js",
    "start": 1547028901608,
    "end": 1547028901618,
    "duration": 10,
    "pid": 10560,
    "index": 35
  },
  {
    "name": "Require(29) node_modules/.2.0.0@egg-jsonp/app/extend/context.js",
    "start": 1547028901619,
    "end": 1547028901620,
    "duration": 1,
    "pid": 10560,
    "index": 36
  },
  {
    "name": "Require(30) node_modules/.2.0.0@egg-i18n/app/extend/context.js",
    "start": 1547028901620,
    "end": 1547028901620,
    "duration": 0,
    "pid": 10560,
    "index": 37
  },
  {
    "name": "Require(31) node_modules/.2.4.0@egg-multipart/app/extend/context.js",
    "start": 1547028901621,
    "end": 1547028901660,
    "duration": 39,
    "pid": 10560,
    "index": 38
  },
  {
    "name": "Require(32) node_modules/.2.1.1@egg-view/app/extend/context.js",
    "start": 1547028901661,
    "end": 1547028901661,
    "duration": 0,
    "pid": 10560,
    "index": 39
  },
  {
    "name": "Require(33) node_modules/.2.14.2@egg/app/extend/context.js",
    "start": 1547028901661,
    "end": 1547028901663,
    "duration": 2,
    "pid": 10560,
    "index": 40
  },
  {
    "name": "Load extend/helper.js",
    "start": 1547028901664,
    "end": 1547028901678,
    "duration": 14,
    "pid": 10560,
    "index": 41
  },
  {
    "name": "Require(34) node_modules/.2.4.2@egg-security/app/extend/helper.js",
    "start": 1547028901665,
    "end": 1547028901675,
    "duration": 10,
    "pid": 10560,
    "index": 42
  },
  {
    "name": "Require(35) node_modules/.2.14.2@egg/app/extend/helper.js",
    "start": 1547028901676,
    "end": 1547028901677,
    "duration": 1,
    "pid": 10560,
    "index": 43
  },
  {
    "name": "Load app.js",
    "start": 1547028901678,
    "end": 1547028901704,
    "duration": 26,
    "pid": 10560,
    "index": 44
  },
  {
    "name": "Require(36) node_modules/.3.1.0@egg-session/app.js",
    "start": 1547028901678,
    "end": 1547028901679,
    "duration": 1,
    "pid": 10560,
    "index": 45
  },
  {
    "name": "Require(37) node_modules/.2.4.2@egg-security/app.js",
    "start": 1547028901679,
    "end": 1547028901680,
    "duration": 1,
    "pid": 10560,
    "index": 46
  },
  {
    "name": "Require(38) node_modules/.2.1.0@egg-onerror/app.js",
    "start": 1547028901681,
    "end": 1547028901689,
    "duration": 8,
    "pid": 10560,
    "index": 47
  },
  {
    "name": "Require(39) node_modules/.2.0.0@egg-i18n/app.js",
    "start": 1547028901690,
    "end": 1547028901694,
    "duration": 4,
    "pid": 10560,
    "index": 48
  },
  {
    "name": "Require(40) node_modules/.3.1.0@egg-watcher/app.js",
    "start": 1547028901695,
    "end": 1547028901698,
    "duration": 3,
    "pid": 10560,
    "index": 49
  },
  {
    "name": "Require(41) node_modules/.3.6.0@egg-schedule/app.js",
    "start": 1547028901698,
    "end": 1547028901699,
    "duration": 1,
    "pid": 10560,
    "index": 50
  },
  {
    "name": "Require(42) node_modules/.2.4.0@egg-multipart/app.js",
    "start": 1547028901699,
    "end": 1547028901701,
    "duration": 2,
    "pid": 10560,
    "index": 51
  },
  {
    "name": "Require(43) node_modules/.2.4.1@egg-development/app.js",
    "start": 1547028901702,
    "end": 1547028901703,
    "duration": 1,
    "pid": 10560,
    "index": 52
  },
  {
    "name": "Require(44) node_modules/.3.0.5@egg-logrotator/app.js",
    "start": 1547028901703,
    "end": 1547028901703,
    "duration": 0,
    "pid": 10560,
    "index": 53
  },
  {
    "name": "Require(45) node_modules/.2.1.1@egg-static/app.js",
    "start": 1547028901703,
    "end": 1547028901703,
    "duration": 0,
    "pid": 10560,
    "index": 54
  },
  {
    "name": "Before Start in node_modules/.3.1.0@egg-watcher/lib/init.js:15:14",
    "start": 1547028901713,
    "end": 1547028903435,
    "duration": 1722,
    "pid": 10560,
    "index": 55
  },
  {
    "name": "Load Service",
    "start": 1547028901744,
    "end": 1547028901748,
    "duration": 4,
    "pid": 10560,
    "index": 56
  },
  {
    "name": "Load \"service\" to Context",
    "start": 1547028901744,
    "end": 1547028901748,
    "duration": 4,
    "pid": 10560,
    "index": 57
  },
  {
    "name": "Load Middleware",
    "start": 1547028901748,
    "end": 1547028901823,
    "duration": 75,
    "pid": 10560,
    "index": 58
  },
  {
    "name": "Load \"middlewares\" to Application",
    "start": 1547028901748,
    "end": 1547028901814,
    "duration": 66,
    "pid": 10560,
    "index": 59
  },
  {
    "name": "Load Controller",
    "start": 1547028901823,
    "end": 1547028903338,
    "duration": 1515,
    "pid": 10560,
    "index": 60
  },
  {
    "name": "Load \"controller\" to Application",
    "start": 1547028901823,
    "end": 1547028903338,
    "duration": 1515,
    "pid": 10560,
    "index": 61
  },
  {
    "name": "Load Router",
    "start": 1547028903338,
    "end": 1547028903339,
    "duration": 1,
    "pid": 10560,
    "index": 62
  },
  {
    "name": "Require(46) app/router.ts",
    "start": 1547028903338,
    "end": 1547028903338,
    "duration": 0,
    "pid": 10560,
    "index": 63
  },
  {
    "name": "Before Start in node_modules/.4.13.0@egg-core/lib/egg.js:287:10",
    "start": 1547028903338,
    "end": 1547028903347,
    "duration": 9,
    "pid": 10560,
    "index": 64
  }
]