[
  {
    "name": "Application Start",
    "start": 1547025125211,
    "end": 1547025127233,
    "duration": 2022,
    "pid": 11328,
    "index": 0
  },
  {
    "name": "Load Plugin",
    "start": 1547025125215,
    "end": 1547025125227,
    "duration": 12,
    "pid": 11328,
    "index": 1
  },
  {
    "name": "Load Config",
    "start": 1547025125227,
    "end": 1547025125239,
    "duration": 12,
    "pid": 11328,
    "index": 2
  },
  {
    "name": "Require(0) config/config.default.ts",
    "start": 1547025125228,
    "end": 1547025125228,
    "duration": 0,
    "pid": 11328,
    "index": 3
  },
  {
    "name": "Require(1) config/config.local.ts",
    "start": 1547025125229,
    "end": 1547025125229,
    "duration": 0,
    "pid": 11328,
    "index": 4
  },
  {
    "name": "Require(2) node_modules/.3.1.0@egg-session/config/config.default.js",
    "start": 1547025125230,
    "end": 1547025125230,
    "duration": 0,
    "pid": 11328,
    "index": 5
  },
  {
    "name": "Require(3) node_modules/.2.4.2@egg-security/config/config.default.js",
    "start": 1547025125230,
    "end": 1547025125230,
    "duration": 0,
    "pid": 11328,
    "index": 6
  },
  {
    "name": "Require(4) node_modules/.2.0.0@egg-jsonp/config/config.default.js",
    "start": 1547025125231,
    "end": 1547025125231,
    "duration": 0,
    "pid": 11328,
    "index": 7
  },
  {
    "name": "Require(5) node_modules/.2.1.0@egg-onerror/config/config.default.js",
    "start": 1547025125231,
    "end": 1547025125231,
    "duration": 0,
    "pid": 11328,
    "index": 8
  },
  {
    "name": "Require(6) node_modules/.2.0.0@egg-i18n/config/config.default.js",
    "start": 1547025125232,
    "end": 1547025125232,
    "duration": 0,
    "pid": 11328,
    "index": 9
  },
  {
    "name": "Require(7) node_modules/.3.1.0@egg-watcher/config/config.default.js",
    "start": 1547025125232,
    "end": 1547025125232,
    "duration": 0,
    "pid": 11328,
    "index": 10
  },
  {
    "name": "Require(8) node_modules/.3.6.0@egg-schedule/config/config.default.js",
    "start": 1547025125233,
    "end": 1547025125233,
    "duration": 0,
    "pid": 11328,
    "index": 11
  },
  {
    "name": "Require(9) node_modules/.2.4.0@egg-multipart/config/config.default.js",
    "start": 1547025125233,
    "end": 1547025125233,
    "duration": 0,
    "pid": 11328,
    "index": 12
  },
  {
    "name": "Require(10) node_modules/.2.4.1@egg-development/config/config.default.js",
    "start": 1547025125234,
    "end": 1547025125234,
    "duration": 0,
    "pid": 11328,
    "index": 13
  },
  {
    "name": "Require(11) node_modules/.3.0.5@egg-logrotator/config/config.default.js",
    "start": 1547025125234,
    "end": 1547025125234,
    "duration": 0,
    "pid": 11328,
    "index": 14
  },
  {
    "name": "Require(12) node_modules/.2.1.1@egg-static/config/config.default.js",
    "start": 1547025125235,
    "end": 1547025125235,
    "duration": 0,
    "pid": 11328,
    "index": 15
  },
  {
    "name": "Require(13) node_modules/.2.1.1@egg-view/config/config.default.js",
    "start": 1547025125235,
    "end": 1547025125235,
    "duration": 0,
    "pid": 11328,
    "index": 16
  },
  {
    "name": "Require(14) node_modules/.2.14.2@egg/config/config.default.js",
    "start": 1547025125236,
    "end": 1547025125236,
    "duration": 0,
    "pid": 11328,
    "index": 17
  },
  {
    "name": "Require(15) config/config.default.ts",
    "start": 1547025125237,
    "end": 1547025125237,
    "duration": 0,
    "pid": 11328,
    "index": 18
  },
  {
    "name": "Require(16) node_modules/.2.4.2@egg-security/config/config.local.js",
    "start": 1547025125237,
    "end": 1547025125237,
    "duration": 0,
    "pid": 11328,
    "index": 19
  },
  {
    "name": "Require(17) node_modules/.3.1.0@egg-watcher/config/config.local.js",
    "start": 1547025125238,
    "end": 1547025125238,
    "duration": 0,
    "pid": 11328,
    "index": 20
  },
  {
    "name": "Require(18) node_modules/.2.1.1@egg-view/config/config.local.js",
    "start": 1547025125239,
    "end": 1547025125239,
    "duration": 0,
    "pid": 11328,
    "index": 21
  },
  {
    "name": "Require(19) node_modules/.2.14.2@egg/config/config.local.js",
    "start": 1547025125239,
    "end": 1547025125239,
    "duration": 0,
    "pid": 11328,
    "index": 22
  },
  {
    "name": "Require(20) config/config.local.ts",
    "start": 1547025125239,
    "end": 1547025125239,
    "duration": 0,
    "pid": 11328,
    "index": 23
  },
  {
    "name": "Load extend/application.js",
    "start": 1547025125240,
    "end": 1547025125250,
    "duration": 10,
    "pid": 11328,
    "index": 24
  },
  {
    "name": "Require(21) node_modules/.3.1.0@egg-session/app/extend/application.js",
    "start": 1547025125241,
    "end": 1547025125241,
    "duration": 0,
    "pid": 11328,
    "index": 25
  },
  {
    "name": "Require(22) node_modules/.2.4.2@egg-security/app/extend/application.js",
    "start": 1547025125241,
    "end": 1547025125242,
    "duration": 1,
    "pid": 11328,
    "index": 26
  },
  {
    "name": "Require(23) node_modules/.2.0.0@egg-jsonp/app/extend/application.js",
    "start": 1547025125243,
    "end": 1547025125244,
    "duration": 1,
    "pid": 11328,
    "index": 27
  },
  {
    "name": "Require(24) node_modules/.3.0.5@egg-logrotator/app/extend/application.js",
    "start": 1547025125245,
    "end": 1547025125247,
    "duration": 2,
    "pid": 11328,
    "index": 28
  },
  {
    "name": "Require(25) node_modules/.2.1.1@egg-view/app/extend/application.js",
    "start": 1547025125247,
    "end": 1547025125248,
    "duration": 1,
    "pid": 11328,
    "index": 29
  },
  {
    "name": "Load extend/request.js",
    "start": 1547025125250,
    "end": 1547025125254,
    "duration": 4,
    "pid": 11328,
    "index": 30
  },
  {
    "name": "Require(26) node_modules/.2.14.2@egg/app/extend/request.js",
    "start": 1547025125251,
    "end": 1547025125253,
    "duration": 2,
    "pid": 11328,
    "index": 31
  },
  {
    "name": "Load extend/response.js",
    "start": 1547025125254,
    "end": 1547025125260,
    "duration": 6,
    "pid": 11328,
    "index": 32
  },
  {
    "name": "Require(27) node_modules/.2.14.2@egg/app/extend/response.js",
    "start": 1547025125257,
    "end": 1547025125258,
    "duration": 1,
    "pid": 11328,
    "index": 33
  },
  {
    "name": "Load extend/context.js",
    "start": 1547025125260,
    "end": 1547025125320,
    "duration": 60,
    "pid": 11328,
    "index": 34
  },
  {
    "name": "Require(28) node_modules/.2.4.2@egg-security/app/extend/context.js",
    "start": 1547025125260,
    "end": 1547025125270,
    "duration": 10,
    "pid": 11328,
    "index": 35
  },
  {
    "name": "Require(29) node_modules/.2.0.0@egg-jsonp/app/extend/context.js",
    "start": 1547025125270,
    "end": 1547025125271,
    "duration": 1,
    "pid": 11328,
    "index": 36
  },
  {
    "name": "Require(30) node_modules/.2.0.0@egg-i18n/app/extend/context.js",
    "start": 1547025125272,
    "end": 1547025125272,
    "duration": 0,
    "pid": 11328,
    "index": 37
  },
  {
    "name": "Require(31) node_modules/.2.4.0@egg-multipart/app/extend/context.js",
    "start": 1547025125273,
    "end": 1547025125315,
    "duration": 42,
    "pid": 11328,
    "index": 38
  },
  {
    "name": "Require(32) node_modules/.2.1.1@egg-view/app/extend/context.js",
    "start": 1547025125316,
    "end": 1547025125317,
    "duration": 1,
    "pid": 11328,
    "index": 39
  },
  {
    "name": "Require(33) node_modules/.2.14.2@egg/app/extend/context.js",
    "start": 1547025125317,
    "end": 1547025125318,
    "duration": 1,
    "pid": 11328,
    "index": 40
  },
  {
    "name": "Load extend/helper.js",
    "start": 1547025125320,
    "end": 1547025125335,
    "duration": 15,
    "pid": 11328,
    "index": 41
  },
  {
    "name": "Require(34) node_modules/.2.4.2@egg-security/app/extend/helper.js",
    "start": 1547025125320,
    "end": 1547025125332,
    "duration": 12,
    "pid": 11328,
    "index": 42
  },
  {
    "name": "Require(35) node_modules/.2.14.2@egg/app/extend/helper.js",
    "start": 1547025125334,
    "end": 1547025125334,
    "duration": 0,
    "pid": 11328,
    "index": 43
  },
  {
    "name": "Load app.js",
    "start": 1547025125335,
    "end": 1547025125361,
    "duration": 26,
    "pid": 11328,
    "index": 44
  },
  {
    "name": "Require(36) node_modules/.3.1.0@egg-session/app.js",
    "start": 1547025125336,
    "end": 1547025125336,
    "duration": 0,
    "pid": 11328,
    "index": 45
  },
  {
    "name": "Require(37) node_modules/.2.4.2@egg-security/app.js",
    "start": 1547025125336,
    "end": 1547025125337,
    "duration": 1,
    "pid": 11328,
    "index": 46
  },
  {
    "name": "Require(38) node_modules/.2.1.0@egg-onerror/app.js",
    "start": 1547025125338,
    "end": 1547025125346,
    "duration": 8,
    "pid": 11328,
    "index": 47
  },
  {
    "name": "Require(39) node_modules/.2.0.0@egg-i18n/app.js",
    "start": 1547025125346,
    "end": 1547025125352,
    "duration": 6,
    "pid": 11328,
    "index": 48
  },
  {
    "name": "Require(40) node_modules/.3.1.0@egg-watcher/app.js",
    "start": 1547025125352,
    "end": 1547025125355,
    "duration": 3,
    "pid": 11328,
    "index": 49
  },
  {
    "name": "Require(41) node_modules/.3.6.0@egg-schedule/app.js",
    "start": 1547025125355,
    "end": 1547025125357,
    "duration": 2,
    "pid": 11328,
    "index": 50
  },
  {
    "name": "Require(42) node_modules/.2.4.0@egg-multipart/app.js",
    "start": 1547025125357,
    "end": 1547025125359,
    "duration": 2,
    "pid": 11328,
    "index": 51
  },
  {
    "name": "Require(43) node_modules/.2.4.1@egg-development/app.js",
    "start": 1547025125359,
    "end": 1547025125359,
    "duration": 0,
    "pid": 11328,
    "index": 52
  },
  {
    "name": "Require(44) node_modules/.3.0.5@egg-logrotator/app.js",
    "start": 1547025125360,
    "end": 1547025125360,
    "duration": 0,
    "pid": 11328,
    "index": 53
  },
  {
    "name": "Require(45) node_modules/.2.1.1@egg-static/app.js",
    "start": 1547025125360,
    "end": 1547025125360,
    "duration": 0,
    "pid": 11328,
    "index": 54
  },
  {
    "name": "Before Start in node_modules/.3.1.0@egg-watcher/lib/init.js:15:14",
    "start": 1547025125370,
    "end": 1547025127233,
    "duration": 1863,
    "pid": 11328,
    "index": 55
  },
  {
    "name": "Load Service",
    "start": 1547025125404,
    "end": 1547025125407,
    "duration": 3,
    "pid": 11328,
    "index": 56
  },
  {
    "name": "Load \"service\" to Context",
    "start": 1547025125404,
    "end": 1547025125407,
    "duration": 3,
    "pid": 11328,
    "index": 57
  },
  {
    "name": "Load Middleware",
    "start": 1547025125407,
    "end": 1547025125488,
    "duration": 81,
    "pid": 11328,
    "index": 58
  },
  {
    "name": "Load \"middlewares\" to Application",
    "start": 1547025125407,
    "end": 1547025125477,
    "duration": 70,
    "pid": 11328,
    "index": 59
  },
  {
    "name": "Load Controller",
    "start": 1547025125488,
    "end": 1547025125489,
    "duration": 1,
    "pid": 11328,
    "index": 60
  },
  {
    "name": "Load \"controller\" to Application",
    "start": 1547025125488,
    "end": 1547025125489,
    "duration": 1,
    "pid": 11328,
    "index": 61
  },
  {
    "name": "Load Router",
    "start": 1547025125489,
    "end": 1547025127155,
    "duration": 1666,
    "pid": 11328,
    "index": 62
  },
  {
    "name": "Require(46) app/router.ts",
    "start": 1547025125490,
    "end": 1547025127151,
    "duration": 1661,
    "pid": 11328,
    "index": 63
  },
  {
    "name": "Before Start in node_modules/.4.13.0@egg-core/lib/egg.js:287:10",
    "start": 1547025127151,
    "end": 1547025127167,
    "duration": 16,
    "pid": 11328,
    "index": 64
  }
]