[
  {
    "name": "Application Start",
    "start": 1547028817489,
    "end": 1547028817780,
    "duration": 291,
    "pid": 19608,
    "index": 0
  },
  {
    "name": "Load Plugin",
    "start": 1547028817493,
    "end": 1547028817506,
    "duration": 13,
    "pid": 19608,
    "index": 1
  },
  {
    "name": "Load Config",
    "start": 1547028817506,
    "end": 1547028817518,
    "duration": 12,
    "pid": 19608,
    "index": 2
  },
  {
    "name": "Require(0) config/config.default.ts",
    "start": 1547028817506,
    "end": 1547028817507,
    "duration": 1,
    "pid": 19608,
    "index": 3
  },
  {
    "name": "Require(1) config/config.local.ts",
    "start": 1547028817507,
    "end": 1547028817508,
    "duration": 1,
    "pid": 19608,
    "index": 4
  },
  {
    "name": "Require(2) node_modules/.3.1.0@egg-session/config/config.default.js",
    "start": 1547028817508,
    "end": 1547028817508,
    "duration": 0,
    "pid": 19608,
    "index": 5
  },
  {
    "name": "Require(3) node_modules/.2.4.2@egg-security/config/config.default.js",
    "start": 1547028817509,
    "end": 1547028817509,
    "duration": 0,
    "pid": 19608,
    "index": 6
  },
  {
    "name": "Require(4) node_modules/.2.0.0@egg-jsonp/config/config.default.js",
    "start": 1547028817509,
    "end": 1547028817510,
    "duration": 1,
    "pid": 19608,
    "index": 7
  },
  {
    "name": "Require(5) node_modules/.2.1.0@egg-onerror/config/config.default.js",
    "start": 1547028817510,
    "end": 1547028817510,
    "duration": 0,
    "pid": 19608,
    "index": 8
  },
  {
    "name": "Require(6) node_modules/.2.0.0@egg-i18n/config/config.default.js",
    "start": 1547028817510,
    "end": 1547028817510,
    "duration": 0,
    "pid": 19608,
    "index": 9
  },
  {
    "name": "Require(7) node_modules/.3.1.0@egg-watcher/config/config.default.js",
    "start": 1547028817511,
    "end": 1547028817511,
    "duration": 0,
    "pid": 19608,
    "index": 10
  },
  {
    "name": "Require(8) node_modules/.3.6.0@egg-schedule/config/config.default.js",
    "start": 1547028817511,
    "end": 1547028817511,
    "duration": 0,
    "pid": 19608,
    "index": 11
  },
  {
    "name": "Require(9) node_modules/.2.4.0@egg-multipart/config/config.default.js",
    "start": 1547028817512,
    "end": 1547028817512,
    "duration": 0,
    "pid": 19608,
    "index": 12
  },
  {
    "name": "Require(10) node_modules/.2.4.1@egg-development/config/config.default.js",
    "start": 1547028817512,
    "end": 1547028817512,
    "duration": 0,
    "pid": 19608,
    "index": 13
  },
  {
    "name": "Require(11) node_modules/.3.0.5@egg-logrotator/config/config.default.js",
    "start": 1547028817513,
    "end": 1547028817513,
    "duration": 0,
    "pid": 19608,
    "index": 14
  },
  {
    "name": "Require(12) node_modules/.2.1.1@egg-static/config/config.default.js",
    "start": 1547028817513,
    "end": 1547028817513,
    "duration": 0,
    "pid": 19608,
    "index": 15
  },
  {
    "name": "Require(13) node_modules/.2.1.1@egg-view/config/config.default.js",
    "start": 1547028817514,
    "end": 1547028817514,
    "duration": 0,
    "pid": 19608,
    "index": 16
  },
  {
    "name": "Require(14) node_modules/.2.14.2@egg/config/config.default.js",
    "start": 1547028817514,
    "end": 1547028817514,
    "duration": 0,
    "pid": 19608,
    "index": 17
  },
  {
    "name": "Require(15) config/config.default.ts",
    "start": 1547028817515,
    "end": 1547028817515,
    "duration": 0,
    "pid": 19608,
    "index": 18
  },
  {
    "name": "Require(16) node_modules/.2.4.2@egg-security/config/config.local.js",
    "start": 1547028817516,
    "end": 1547028817516,
    "duration": 0,
    "pid": 19608,
    "index": 19
  },
  {
    "name": "Require(17) node_modules/.3.1.0@egg-watcher/config/config.local.js",
    "start": 1547028817516,
    "end": 1547028817516,
    "duration": 0,
    "pid": 19608,
    "index": 20
  },
  {
    "name": "Require(18) node_modules/.2.1.1@egg-view/config/config.local.js",
    "start": 1547028817517,
    "end": 1547028817517,
    "duration": 0,
    "pid": 19608,
    "index": 21
  },
  {
    "name": "Require(19) node_modules/.2.14.2@egg/config/config.local.js",
    "start": 1547028817517,
    "end": 1547028817518,
    "duration": 1,
    "pid": 19608,
    "index": 22
  },
  {
    "name": "Require(20) config/config.local.ts",
    "start": 1547028817518,
    "end": 1547028817518,
    "duration": 0,
    "pid": 19608,
    "index": 23
  },
  {
    "name": "Load extend/application.js",
    "start": 1547028817520,
    "end": 1547028817529,
    "duration": 9,
    "pid": 19608,
    "index": 24
  },
  {
    "name": "Require(21) node_modules/.3.1.0@egg-session/app/extend/application.js",
    "start": 1547028817520,
    "end": 1547028817521,
    "duration": 1,
    "pid": 19608,
    "index": 25
  },
  {
    "name": "Require(22) node_modules/.2.4.2@egg-security/app/extend/application.js",
    "start": 1547028817521,
    "end": 1547028817521,
    "duration": 0,
    "pid": 19608,
    "index": 26
  },
  {
    "name": "Require(23) node_modules/.2.0.0@egg-jsonp/app/extend/application.js",
    "start": 1547028817522,
    "end": 1547028817523,
    "duration": 1,
    "pid": 19608,
    "index": 27
  },
  {
    "name": "Require(24) node_modules/.3.0.5@egg-logrotator/app/extend/application.js",
    "start": 1547028817524,
    "end": 1547028817526,
    "duration": 2,
    "pid": 19608,
    "index": 28
  },
  {
    "name": "Require(25) node_modules/.2.1.1@egg-view/app/extend/application.js",
    "start": 1547028817526,
    "end": 1547028817527,
    "duration": 1,
    "pid": 19608,
    "index": 29
  },
  {
    "name": "Load extend/request.js",
    "start": 1547028817529,
    "end": 1547028817533,
    "duration": 4,
    "pid": 19608,
    "index": 30
  },
  {
    "name": "Require(26) node_modules/.2.14.2@egg/app/extend/request.js",
    "start": 1547028817530,
    "end": 1547028817531,
    "duration": 1,
    "pid": 19608,
    "index": 31
  },
  {
    "name": "Load extend/response.js",
    "start": 1547028817533,
    "end": 1547028817538,
    "duration": 5,
    "pid": 19608,
    "index": 32
  },
  {
    "name": "Require(27) node_modules/.2.14.2@egg/app/extend/response.js",
    "start": 1547028817534,
    "end": 1547028817536,
    "duration": 2,
    "pid": 19608,
    "index": 33
  },
  {
    "name": "Load extend/context.js",
    "start": 1547028817538,
    "end": 1547028817592,
    "duration": 54,
    "pid": 19608,
    "index": 34
  },
  {
    "name": "Require(28) node_modules/.2.4.2@egg-security/app/extend/context.js",
    "start": 1547028817538,
    "end": 1547028817548,
    "duration": 10,
    "pid": 19608,
    "index": 35
  },
  {
    "name": "Require(29) node_modules/.2.0.0@egg-jsonp/app/extend/context.js",
    "start": 1547028817548,
    "end": 1547028817549,
    "duration": 1,
    "pid": 19608,
    "index": 36
  },
  {
    "name": "Require(30) node_modules/.2.0.0@egg-i18n/app/extend/context.js",
    "start": 1547028817550,
    "end": 1547028817550,
    "duration": 0,
    "pid": 19608,
    "index": 37
  },
  {
    "name": "Require(31) node_modules/.2.4.0@egg-multipart/app/extend/context.js",
    "start": 1547028817551,
    "end": 1547028817588,
    "duration": 37,
    "pid": 19608,
    "index": 38
  },
  {
    "name": "Require(32) node_modules/.2.1.1@egg-view/app/extend/context.js",
    "start": 1547028817588,
    "end": 1547028817589,
    "duration": 1,
    "pid": 19608,
    "index": 39
  },
  {
    "name": "Require(33) node_modules/.2.14.2@egg/app/extend/context.js",
    "start": 1547028817589,
    "end": 1547028817591,
    "duration": 2,
    "pid": 19608,
    "index": 40
  },
  {
    "name": "Load extend/helper.js",
    "start": 1547028817592,
    "end": 1547028817607,
    "duration": 15,
    "pid": 19608,
    "index": 41
  },
  {
    "name": "Require(34) node_modules/.2.4.2@egg-security/app/extend/helper.js",
    "start": 1547028817593,
    "end": 1547028817604,
    "duration": 11,
    "pid": 19608,
    "index": 42
  },
  {
    "name": "Require(35) node_modules/.2.14.2@egg/app/extend/helper.js",
    "start": 1547028817605,
    "end": 1547028817605,
    "duration": 0,
    "pid": 19608,
    "index": 43
  },
  {
    "name": "Load app.js",
    "start": 1547028817608,
    "end": 1547028817633,
    "duration": 25,
    "pid": 19608,
    "index": 44
  },
  {
    "name": "Require(36) node_modules/.3.1.0@egg-session/app.js",
    "start": 1547028817608,
    "end": 1547028817608,
    "duration": 0,
    "pid": 19608,
    "index": 45
  },
  {
    "name": "Require(37) node_modules/.2.4.2@egg-security/app.js",
    "start": 1547028817608,
    "end": 1547028817610,
    "duration": 2,
    "pid": 19608,
    "index": 46
  },
  {
    "name": "Require(38) node_modules/.2.1.0@egg-onerror/app.js",
    "start": 1547028817610,
    "end": 1547028817619,
    "duration": 9,
    "pid": 19608,
    "index": 47
  },
  {
    "name": "Require(39) node_modules/.2.0.0@egg-i18n/app.js",
    "start": 1547028817619,
    "end": 1547028817624,
    "duration": 5,
    "pid": 19608,
    "index": 48
  },
  {
    "name": "Require(40) node_modules/.3.1.0@egg-watcher/app.js",
    "start": 1547028817624,
    "end": 1547028817627,
    "duration": 3,
    "pid": 19608,
    "index": 49
  },
  {
    "name": "Require(41) node_modules/.3.6.0@egg-schedule/app.js",
    "start": 1547028817627,
    "end": 1547028817628,
    "duration": 1,
    "pid": 19608,
    "index": 50
  },
  {
    "name": "Require(42) node_modules/.2.4.0@egg-multipart/app.js",
    "start": 1547028817629,
    "end": 1547028817631,
    "duration": 2,
    "pid": 19608,
    "index": 51
  },
  {
    "name": "Require(43) node_modules/.2.4.1@egg-development/app.js",
    "start": 1547028817631,
    "end": 1547028817631,
    "duration": 0,
    "pid": 19608,
    "index": 52
  },
  {
    "name": "Require(44) node_modules/.3.0.5@egg-logrotator/app.js",
    "start": 1547028817631,
    "end": 1547028817631,
    "duration": 0,
    "pid": 19608,
    "index": 53
  },
  {
    "name": "Require(45) node_modules/.2.1.1@egg-static/app.js",
    "start": 1547028817632,
    "end": 1547028817632,
    "duration": 0,
    "pid": 19608,
    "index": 54
  },
  {
    "name": "Before Start in node_modules/.3.1.0@egg-watcher/lib/init.js:15:14",
    "start": 1547028817643,
    "end": 1547028817780,
    "duration": 137,
    "pid": 19608,
    "index": 55
  },
  {
    "name": "Load Service",
    "start": 1547028817675,
    "end": 1547028817679,
    "duration": 4,
    "pid": 19608,
    "index": 56
  },
  {
    "name": "Load \"service\" to Context",
    "start": 1547028817675,
    "end": 1547028817679,
    "duration": 4,
    "pid": 19608,
    "index": 57
  },
  {
    "name": "Load Middleware",
    "start": 1547028817679,
    "end": 1547028817756,
    "duration": 77,
    "pid": 19608,
    "index": 58
  },
  {
    "name": "Load \"middlewares\" to Application",
    "start": 1547028817679,
    "end": 1547028817748,
    "duration": 69,
    "pid": 19608,
    "index": 59
  },
  {
    "name": "Load Controller",
    "start": 1547028817756,
    "end": 1547028817761,
    "duration": 5,
    "pid": 19608,
    "index": 60
  },
  {
    "name": "Load \"controller\" to Application",
    "start": 1547028817756,
    "end": 1547028817761,
    "duration": 5,
    "pid": 19608,
    "index": 61
  },
  {
    "name": "Load Router",
    "start": 1547028817761,
    "end": 1547028817762,
    "duration": 1,
    "pid": 19608,
    "index": 62
  },
  {
    "name": "Require(46) app/router.ts",
    "start": 1547028817761,
    "end": 1547028817761,
    "duration": 0,
    "pid": 19608,
    "index": 63
  },
  {
    "name": "Before Start in node_modules/.4.13.0@egg-core/lib/egg.js:287:10",
    "start": 1547028817761,
    "end": 1547028817772,
    "duration": 11,
    "pid": 19608,
    "index": 64
  }
]