[
  {
    "name": "Application Start",
    "start": 1547029567427,
    "end": 1547029567726,
    "duration": 299,
    "pid": 12460,
    "index": 0
  },
  {
    "name": "Load Plugin",
    "start": 1547029567431,
    "end": 1547029567443,
    "duration": 12,
    "pid": 12460,
    "index": 1
  },
  {
    "name": "Load Config",
    "start": 1547029567443,
    "end": 1547029567457,
    "duration": 14,
    "pid": 12460,
    "index": 2
  },
  {
    "name": "Require(0) config/config.default.ts",
    "start": 1547029567444,
    "end": 1547029567444,
    "duration": 0,
    "pid": 12460,
    "index": 3
  },
  {
    "name": "Require(1) config/config.local.ts",
    "start": 1547029567445,
    "end": 1547029567445,
    "duration": 0,
    "pid": 12460,
    "index": 4
  },
  {
    "name": "Require(2) node_modules/.3.1.0@egg-session/config/config.default.js",
    "start": 1547029567446,
    "end": 1547029567446,
    "duration": 0,
    "pid": 12460,
    "index": 5
  },
  {
    "name": "Require(3) node_modules/.2.4.2@egg-security/config/config.default.js",
    "start": 1547029567446,
    "end": 1547029567447,
    "duration": 1,
    "pid": 12460,
    "index": 6
  },
  {
    "name": "Require(4) node_modules/.2.0.0@egg-jsonp/config/config.default.js",
    "start": 1547029567447,
    "end": 1547029567447,
    "duration": 0,
    "pid": 12460,
    "index": 7
  },
  {
    "name": "Require(5) node_modules/.2.1.0@egg-onerror/config/config.default.js",
    "start": 1547029567447,
    "end": 1547029567448,
    "duration": 1,
    "pid": 12460,
    "index": 8
  },
  {
    "name": "Require(6) node_modules/.2.0.0@egg-i18n/config/config.default.js",
    "start": 1547029567448,
    "end": 1547029567449,
    "duration": 1,
    "pid": 12460,
    "index": 9
  },
  {
    "name": "Require(7) node_modules/.3.1.0@egg-watcher/config/config.default.js",
    "start": 1547029567449,
    "end": 1547029567450,
    "duration": 1,
    "pid": 12460,
    "index": 10
  },
  {
    "name": "Require(8) node_modules/.3.6.0@egg-schedule/config/config.default.js",
    "start": 1547029567450,
    "end": 1547029567450,
    "duration": 0,
    "pid": 12460,
    "index": 11
  },
  {
    "name": "Require(9) node_modules/.2.4.0@egg-multipart/config/config.default.js",
    "start": 1547029567450,
    "end": 1547029567451,
    "duration": 1,
    "pid": 12460,
    "index": 12
  },
  {
    "name": "Require(10) node_modules/.2.4.1@egg-development/config/config.default.js",
    "start": 1547029567451,
    "end": 1547029567451,
    "duration": 0,
    "pid": 12460,
    "index": 13
  },
  {
    "name": "Require(11) node_modules/.3.0.5@egg-logrotator/config/config.default.js",
    "start": 1547029567451,
    "end": 1547029567452,
    "duration": 1,
    "pid": 12460,
    "index": 14
  },
  {
    "name": "Require(12) node_modules/.2.1.1@egg-static/config/config.default.js",
    "start": 1547029567452,
    "end": 1547029567452,
    "duration": 0,
    "pid": 12460,
    "index": 15
  },
  {
    "name": "Require(13) node_modules/.2.1.1@egg-view/config/config.default.js",
    "start": 1547029567452,
    "end": 1547029567453,
    "duration": 1,
    "pid": 12460,
    "index": 16
  },
  {
    "name": "Require(14) node_modules/.2.14.2@egg/config/config.default.js",
    "start": 1547029567453,
    "end": 1547029567453,
    "duration": 0,
    "pid": 12460,
    "index": 17
  },
  {
    "name": "Require(15) config/config.default.ts",
    "start": 1547029567454,
    "end": 1547029567454,
    "duration": 0,
    "pid": 12460,
    "index": 18
  },
  {
    "name": "Require(16) node_modules/.2.4.2@egg-security/config/config.local.js",
    "start": 1547029567455,
    "end": 1547029567455,
    "duration": 0,
    "pid": 12460,
    "index": 19
  },
  {
    "name": "Require(17) node_modules/.3.1.0@egg-watcher/config/config.local.js",
    "start": 1547029567455,
    "end": 1547029567456,
    "duration": 1,
    "pid": 12460,
    "index": 20
  },
  {
    "name": "Require(18) node_modules/.2.1.1@egg-view/config/config.local.js",
    "start": 1547029567456,
    "end": 1547029567457,
    "duration": 1,
    "pid": 12460,
    "index": 21
  },
  {
    "name": "Require(19) node_modules/.2.14.2@egg/config/config.local.js",
    "start": 1547029567457,
    "end": 1547029567457,
    "duration": 0,
    "pid": 12460,
    "index": 22
  },
  {
    "name": "Require(20) config/config.local.ts",
    "start": 1547029567457,
    "end": 1547029567457,
    "duration": 0,
    "pid": 12460,
    "index": 23
  },
  {
    "name": "Load extend/application.js",
    "start": 1547029567458,
    "end": 1547029567467,
    "duration": 9,
    "pid": 12460,
    "index": 24
  },
  {
    "name": "Require(21) node_modules/.3.1.0@egg-session/app/extend/application.js",
    "start": 1547029567458,
    "end": 1547029567459,
    "duration": 1,
    "pid": 12460,
    "index": 25
  },
  {
    "name": "Require(22) node_modules/.2.4.2@egg-security/app/extend/application.js",
    "start": 1547029567459,
    "end": 1547029567459,
    "duration": 0,
    "pid": 12460,
    "index": 26
  },
  {
    "name": "Require(23) node_modules/.2.0.0@egg-jsonp/app/extend/application.js",
    "start": 1547029567460,
    "end": 1547029567461,
    "duration": 1,
    "pid": 12460,
    "index": 27
  },
  {
    "name": "Require(24) node_modules/.3.0.5@egg-logrotator/app/extend/application.js",
    "start": 1547029567462,
    "end": 1547029567463,
    "duration": 1,
    "pid": 12460,
    "index": 28
  },
  {
    "name": "Require(25) node_modules/.2.1.1@egg-view/app/extend/application.js",
    "start": 1547029567464,
    "end": 1547029567465,
    "duration": 1,
    "pid": 12460,
    "index": 29
  },
  {
    "name": "Load extend/request.js",
    "start": 1547029567467,
    "end": 1547029567471,
    "duration": 4,
    "pid": 12460,
    "index": 30
  },
  {
    "name": "Require(26) node_modules/.2.14.2@egg/app/extend/request.js",
    "start": 1547029567468,
    "end": 1547029567469,
    "duration": 1,
    "pid": 12460,
    "index": 31
  },
  {
    "name": "Load extend/response.js",
    "start": 1547029567471,
    "end": 1547029567475,
    "duration": 4,
    "pid": 12460,
    "index": 32
  },
  {
    "name": "Require(27) node_modules/.2.14.2@egg/app/extend/response.js",
    "start": 1547029567472,
    "end": 1547029567474,
    "duration": 2,
    "pid": 12460,
    "index": 33
  },
  {
    "name": "Load extend/context.js",
    "start": 1547029567475,
    "end": 1547029567530,
    "duration": 55,
    "pid": 12460,
    "index": 34
  },
  {
    "name": "Require(28) node_modules/.2.4.2@egg-security/app/extend/context.js",
    "start": 1547029567476,
    "end": 1547029567486,
    "duration": 10,
    "pid": 12460,
    "index": 35
  },
  {
    "name": "Require(29) node_modules/.2.0.0@egg-jsonp/app/extend/context.js",
    "start": 1547029567486,
    "end": 1547029567487,
    "duration": 1,
    "pid": 12460,
    "index": 36
  },
  {
    "name": "Require(30) node_modules/.2.0.0@egg-i18n/app/extend/context.js",
    "start": 1547029567487,
    "end": 1547029567488,
    "duration": 1,
    "pid": 12460,
    "index": 37
  },
  {
    "name": "Require(31) node_modules/.2.4.0@egg-multipart/app/extend/context.js",
    "start": 1547029567488,
    "end": 1547029567526,
    "duration": 38,
    "pid": 12460,
    "index": 38
  },
  {
    "name": "Require(32) node_modules/.2.1.1@egg-view/app/extend/context.js",
    "start": 1547029567527,
    "end": 1547029567527,
    "duration": 0,
    "pid": 12460,
    "index": 39
  },
  {
    "name": "Require(33) node_modules/.2.14.2@egg/app/extend/context.js",
    "start": 1547029567528,
    "end": 1547029567529,
    "duration": 1,
    "pid": 12460,
    "index": 40
  },
  {
    "name": "Load extend/helper.js",
    "start": 1547029567530,
    "end": 1547029567544,
    "duration": 14,
    "pid": 12460,
    "index": 41
  },
  {
    "name": "Require(34) node_modules/.2.4.2@egg-security/app/extend/helper.js",
    "start": 1547029567531,
    "end": 1547029567542,
    "duration": 11,
    "pid": 12460,
    "index": 42
  },
  {
    "name": "Require(35) node_modules/.2.14.2@egg/app/extend/helper.js",
    "start": 1547029567543,
    "end": 1547029567543,
    "duration": 0,
    "pid": 12460,
    "index": 43
  },
  {
    "name": "Load app.js",
    "start": 1547029567545,
    "end": 1547029567573,
    "duration": 28,
    "pid": 12460,
    "index": 44
  },
  {
    "name": "Require(36) node_modules/.3.1.0@egg-session/app.js",
    "start": 1547029567545,
    "end": 1547029567545,
    "duration": 0,
    "pid": 12460,
    "index": 45
  },
  {
    "name": "Require(37) node_modules/.2.4.2@egg-security/app.js",
    "start": 1547029567545,
    "end": 1547029567547,
    "duration": 2,
    "pid": 12460,
    "index": 46
  },
  {
    "name": "Require(38) node_modules/.2.1.0@egg-onerror/app.js",
    "start": 1547029567548,
    "end": 1547029567556,
    "duration": 8,
    "pid": 12460,
    "index": 47
  },
  {
    "name": "Require(39) node_modules/.2.0.0@egg-i18n/app.js",
    "start": 1547029567556,
    "end": 1547029567564,
    "duration": 8,
    "pid": 12460,
    "index": 48
  },
  {
    "name": "Require(40) node_modules/.3.1.0@egg-watcher/app.js",
    "start": 1547029567564,
    "end": 1547029567567,
    "duration": 3,
    "pid": 12460,
    "index": 49
  },
  {
    "name": "Require(41) node_modules/.3.6.0@egg-schedule/app.js",
    "start": 1547029567567,
    "end": 1547029567569,
    "duration": 2,
    "pid": 12460,
    "index": 50
  },
  {
    "name": "Require(42) node_modules/.2.4.0@egg-multipart/app.js",
    "start": 1547029567569,
    "end": 1547029567571,
    "duration": 2,
    "pid": 12460,
    "index": 51
  },
  {
    "name": "Require(43) node_modules/.2.4.1@egg-development/app.js",
    "start": 1547029567571,
    "end": 1547029567572,
    "duration": 1,
    "pid": 12460,
    "index": 52
  },
  {
    "name": "Require(44) node_modules/.3.0.5@egg-logrotator/app.js",
    "start": 1547029567572,
    "end": 1547029567572,
    "duration": 0,
    "pid": 12460,
    "index": 53
  },
  {
    "name": "Require(45) node_modules/.2.1.1@egg-static/app.js",
    "start": 1547029567572,
    "end": 1547029567572,
    "duration": 0,
    "pid": 12460,
    "index": 54
  },
  {
    "name": "Before Start in node_modules/.3.1.0@egg-watcher/lib/init.js:15:14",
    "start": 1547029567583,
    "end": 1547029567725,
    "duration": 142,
    "pid": 12460,
    "index": 55
  },
  {
    "name": "Load Service",
    "start": 1547029567619,
    "end": 1547029567622,
    "duration": 3,
    "pid": 12460,
    "index": 56
  },
  {
    "name": "Load \"service\" to Context",
    "start": 1547029567619,
    "end": 1547029567622,
    "duration": 3,
    "pid": 12460,
    "index": 57
  },
  {
    "name": "Load Middleware",
    "start": 1547029567622,
    "end": 1547029567699,
    "duration": 77,
    "pid": 12460,
    "index": 58
  },
  {
    "name": "Load \"middlewares\" to Application",
    "start": 1547029567622,
    "end": 1547029567692,
    "duration": 70,
    "pid": 12460,
    "index": 59
  },
  {
    "name": "Load Controller",
    "start": 1547029567699,
    "end": 1547029567708,
    "duration": 9,
    "pid": 12460,
    "index": 60
  },
  {
    "name": "Load \"controller\" to Application",
    "start": 1547029567699,
    "end": 1547029567708,
    "duration": 9,
    "pid": 12460,
    "index": 61
  },
  {
    "name": "Load Router",
    "start": 1547029567708,
    "end": 1547029567709,
    "duration": 1,
    "pid": 12460,
    "index": 62
  },
  {
    "name": "Require(46) app/router.ts",
    "start": 1547029567708,
    "end": 1547029567708,
    "duration": 0,
    "pid": 12460,
    "index": 63
  },
  {
    "name": "Before Start in node_modules/.4.13.0@egg-core/lib/egg.js:287:10",
    "start": 1547029567708,
    "end": 1547029567718,
    "duration": 10,
    "pid": 12460,
    "index": 64
  }
]