[
  {
    "name": "Application Start",
    "start": 1547028311480,
    "end": 1547028313420,
    "duration": 1940,
    "pid": 15296,
    "index": 0
  },
  {
    "name": "Load Plugin",
    "start": 1547028311483,
    "end": 1547028311497,
    "duration": 14,
    "pid": 15296,
    "index": 1
  },
  {
    "name": "Load Config",
    "start": 1547028311497,
    "end": 1547028311510,
    "duration": 13,
    "pid": 15296,
    "index": 2
  },
  {
    "name": "Require(0) config/config.default.ts",
    "start": 1547028311498,
    "end": 1547028311498,
    "duration": 0,
    "pid": 15296,
    "index": 3
  },
  {
    "name": "Require(1) config/config.local.ts",
    "start": 1547028311499,
    "end": 1547028311499,
    "duration": 0,
    "pid": 15296,
    "index": 4
  },
  {
    "name": "Require(2) node_modules/.3.1.0@egg-session/config/config.default.js",
    "start": 1547028311499,
    "end": 1547028311500,
    "duration": 1,
    "pid": 15296,
    "index": 5
  },
  {
    "name": "Require(3) node_modules/.2.4.2@egg-security/config/config.default.js",
    "start": 1547028311500,
    "end": 1547028311500,
    "duration": 0,
    "pid": 15296,
    "index": 6
  },
  {
    "name": "Require(4) node_modules/.2.0.0@egg-jsonp/config/config.default.js",
    "start": 1547028311501,
    "end": 1547028311501,
    "duration": 0,
    "pid": 15296,
    "index": 7
  },
  {
    "name": "Require(5) node_modules/.2.1.0@egg-onerror/config/config.default.js",
    "start": 1547028311501,
    "end": 1547028311501,
    "duration": 0,
    "pid": 15296,
    "index": 8
  },
  {
    "name": "Require(6) node_modules/.2.0.0@egg-i18n/config/config.default.js",
    "start": 1547028311502,
    "end": 1547028311502,
    "duration": 0,
    "pid": 15296,
    "index": 9
  },
  {
    "name": "Require(7) node_modules/.3.1.0@egg-watcher/config/config.default.js",
    "start": 1547028311502,
    "end": 1547028311503,
    "duration": 1,
    "pid": 15296,
    "index": 10
  },
  {
    "name": "Require(8) node_modules/.3.6.0@egg-schedule/config/config.default.js",
    "start": 1547028311503,
    "end": 1547028311503,
    "duration": 0,
    "pid": 15296,
    "index": 11
  },
  {
    "name": "Require(9) node_modules/.2.4.0@egg-multipart/config/config.default.js",
    "start": 1547028311503,
    "end": 1547028311504,
    "duration": 1,
    "pid": 15296,
    "index": 12
  },
  {
    "name": "Require(10) node_modules/.2.4.1@egg-development/config/config.default.js",
    "start": 1547028311504,
    "end": 1547028311504,
    "duration": 0,
    "pid": 15296,
    "index": 13
  },
  {
    "name": "Require(11) node_modules/.3.0.5@egg-logrotator/config/config.default.js",
    "start": 1547028311504,
    "end": 1547028311504,
    "duration": 0,
    "pid": 15296,
    "index": 14
  },
  {
    "name": "Require(12) node_modules/.2.1.1@egg-static/config/config.default.js",
    "start": 1547028311505,
    "end": 1547028311505,
    "duration": 0,
    "pid": 15296,
    "index": 15
  },
  {
    "name": "Require(13) node_modules/.2.1.1@egg-view/config/config.default.js",
    "start": 1547028311505,
    "end": 1547028311506,
    "duration": 1,
    "pid": 15296,
    "index": 16
  },
  {
    "name": "Require(14) node_modules/.2.14.2@egg/config/config.default.js",
    "start": 1547028311506,
    "end": 1547028311506,
    "duration": 0,
    "pid": 15296,
    "index": 17
  },
  {
    "name": "Require(15) config/config.default.ts",
    "start": 1547028311507,
    "end": 1547028311507,
    "duration": 0,
    "pid": 15296,
    "index": 18
  },
  {
    "name": "Require(16) node_modules/.2.4.2@egg-security/config/config.local.js",
    "start": 1547028311507,
    "end": 1547028311508,
    "duration": 1,
    "pid": 15296,
    "index": 19
  },
  {
    "name": "Require(17) node_modules/.3.1.0@egg-watcher/config/config.local.js",
    "start": 1547028311508,
    "end": 1547028311508,
    "duration": 0,
    "pid": 15296,
    "index": 20
  },
  {
    "name": "Require(18) node_modules/.2.1.1@egg-view/config/config.local.js",
    "start": 1547028311509,
    "end": 1547028311509,
    "duration": 0,
    "pid": 15296,
    "index": 21
  },
  {
    "name": "Require(19) node_modules/.2.14.2@egg/config/config.local.js",
    "start": 1547028311509,
    "end": 1547028311509,
    "duration": 0,
    "pid": 15296,
    "index": 22
  },
  {
    "name": "Require(20) config/config.local.ts",
    "start": 1547028311509,
    "end": 1547028311509,
    "duration": 0,
    "pid": 15296,
    "index": 23
  },
  {
    "name": "Load extend/application.js",
    "start": 1547028311511,
    "end": 1547028311521,
    "duration": 10,
    "pid": 15296,
    "index": 24
  },
  {
    "name": "Require(21) node_modules/.3.1.0@egg-session/app/extend/application.js",
    "start": 1547028311511,
    "end": 1547028311511,
    "duration": 0,
    "pid": 15296,
    "index": 25
  },
  {
    "name": "Require(22) node_modules/.2.4.2@egg-security/app/extend/application.js",
    "start": 1547028311511,
    "end": 1547028311512,
    "duration": 1,
    "pid": 15296,
    "index": 26
  },
  {
    "name": "Require(23) node_modules/.2.0.0@egg-jsonp/app/extend/application.js",
    "start": 1547028311512,
    "end": 1547028311513,
    "duration": 1,
    "pid": 15296,
    "index": 27
  },
  {
    "name": "Require(24) node_modules/.3.0.5@egg-logrotator/app/extend/application.js",
    "start": 1547028311514,
    "end": 1547028311517,
    "duration": 3,
    "pid": 15296,
    "index": 28
  },
  {
    "name": "Require(25) node_modules/.2.1.1@egg-view/app/extend/application.js",
    "start": 1547028311518,
    "end": 1547028311519,
    "duration": 1,
    "pid": 15296,
    "index": 29
  },
  {
    "name": "Load extend/request.js",
    "start": 1547028311521,
    "end": 1547028311525,
    "duration": 4,
    "pid": 15296,
    "index": 30
  },
  {
    "name": "Require(26) node_modules/.2.14.2@egg/app/extend/request.js",
    "start": 1547028311522,
    "end": 1547028311523,
    "duration": 1,
    "pid": 15296,
    "index": 31
  },
  {
    "name": "Load extend/response.js",
    "start": 1547028311525,
    "end": 1547028311529,
    "duration": 4,
    "pid": 15296,
    "index": 32
  },
  {
    "name": "Require(27) node_modules/.2.14.2@egg/app/extend/response.js",
    "start": 1547028311526,
    "end": 1547028311528,
    "duration": 2,
    "pid": 15296,
    "index": 33
  },
  {
    "name": "Load extend/context.js",
    "start": 1547028311529,
    "end": 1547028311586,
    "duration": 57,
    "pid": 15296,
    "index": 34
  },
  {
    "name": "Require(28) node_modules/.2.4.2@egg-security/app/extend/context.js",
    "start": 1547028311530,
    "end": 1547028311540,
    "duration": 10,
    "pid": 15296,
    "index": 35
  },
  {
    "name": "Require(29) node_modules/.2.0.0@egg-jsonp/app/extend/context.js",
    "start": 1547028311540,
    "end": 1547028311541,
    "duration": 1,
    "pid": 15296,
    "index": 36
  },
  {
    "name": "Require(30) node_modules/.2.0.0@egg-i18n/app/extend/context.js",
    "start": 1547028311541,
    "end": 1547028311541,
    "duration": 0,
    "pid": 15296,
    "index": 37
  },
  {
    "name": "Require(31) node_modules/.2.4.0@egg-multipart/app/extend/context.js",
    "start": 1547028311542,
    "end": 1547028311579,
    "duration": 37,
    "pid": 15296,
    "index": 38
  },
  {
    "name": "Require(32) node_modules/.2.1.1@egg-view/app/extend/context.js",
    "start": 1547028311580,
    "end": 1547028311581,
    "duration": 1,
    "pid": 15296,
    "index": 39
  },
  {
    "name": "Require(33) node_modules/.2.14.2@egg/app/extend/context.js",
    "start": 1547028311582,
    "end": 1547028311583,
    "duration": 1,
    "pid": 15296,
    "index": 40
  },
  {
    "name": "Load extend/helper.js",
    "start": 1547028311586,
    "end": 1547028311608,
    "duration": 22,
    "pid": 15296,
    "index": 41
  },
  {
    "name": "Require(34) node_modules/.2.4.2@egg-security/app/extend/helper.js",
    "start": 1547028311586,
    "end": 1547028311603,
    "duration": 17,
    "pid": 15296,
    "index": 42
  },
  {
    "name": "Require(35) node_modules/.2.14.2@egg/app/extend/helper.js",
    "start": 1547028311605,
    "end": 1547028311605,
    "duration": 0,
    "pid": 15296,
    "index": 43
  },
  {
    "name": "Load app.js",
    "start": 1547028311608,
    "end": 1547028311634,
    "duration": 26,
    "pid": 15296,
    "index": 44
  },
  {
    "name": "Require(36) node_modules/.3.1.0@egg-session/app.js",
    "start": 1547028311608,
    "end": 1547028311609,
    "duration": 1,
    "pid": 15296,
    "index": 45
  },
  {
    "name": "Require(37) node_modules/.2.4.2@egg-security/app.js",
    "start": 1547028311609,
    "end": 1547028311611,
    "duration": 2,
    "pid": 15296,
    "index": 46
  },
  {
    "name": "Require(38) node_modules/.2.1.0@egg-onerror/app.js",
    "start": 1547028311612,
    "end": 1547028311620,
    "duration": 8,
    "pid": 15296,
    "index": 47
  },
  {
    "name": "Require(39) node_modules/.2.0.0@egg-i18n/app.js",
    "start": 1547028311620,
    "end": 1547028311625,
    "duration": 5,
    "pid": 15296,
    "index": 48
  },
  {
    "name": "Require(40) node_modules/.3.1.0@egg-watcher/app.js",
    "start": 1547028311625,
    "end": 1547028311628,
    "duration": 3,
    "pid": 15296,
    "index": 49
  },
  {
    "name": "Require(41) node_modules/.3.6.0@egg-schedule/app.js",
    "start": 1547028311628,
    "end": 1547028311630,
    "duration": 2,
    "pid": 15296,
    "index": 50
  },
  {
    "name": "Require(42) node_modules/.2.4.0@egg-multipart/app.js",
    "start": 1547028311630,
    "end": 1547028311632,
    "duration": 2,
    "pid": 15296,
    "index": 51
  },
  {
    "name": "Require(43) node_modules/.2.4.1@egg-development/app.js",
    "start": 1547028311632,
    "end": 1547028311632,
    "duration": 0,
    "pid": 15296,
    "index": 52
  },
  {
    "name": "Require(44) node_modules/.3.0.5@egg-logrotator/app.js",
    "start": 1547028311633,
    "end": 1547028311633,
    "duration": 0,
    "pid": 15296,
    "index": 53
  },
  {
    "name": "Require(45) node_modules/.2.1.1@egg-static/app.js",
    "start": 1547028311633,
    "end": 1547028311633,
    "duration": 0,
    "pid": 15296,
    "index": 54
  },
  {
    "name": "Before Start in node_modules/.3.1.0@egg-watcher/lib/init.js:15:14",
    "start": 1547028311642,
    "end": 1547028313419,
    "duration": 1777,
    "pid": 15296,
    "index": 55
  },
  {
    "name": "Load Service",
    "start": 1547028311675,
    "end": 1547028311678,
    "duration": 3,
    "pid": 15296,
    "index": 56
  },
  {
    "name": "Load \"service\" to Context",
    "start": 1547028311675,
    "end": 1547028311678,
    "duration": 3,
    "pid": 15296,
    "index": 57
  },
  {
    "name": "Load Middleware",
    "start": 1547028311678,
    "end": 1547028311748,
    "duration": 70,
    "pid": 15296,
    "index": 58
  },
  {
    "name": "Load \"middlewares\" to Application",
    "start": 1547028311678,
    "end": 1547028311740,
    "duration": 62,
    "pid": 15296,
    "index": 59
  },
  {
    "name": "Load Controller",
    "start": 1547028311748,
    "end": 1547028313337,
    "duration": 1589,
    "pid": 15296,
    "index": 60
  },
  {
    "name": "Load \"controller\" to Application",
    "start": 1547028311748,
    "end": 1547028313337,
    "duration": 1589,
    "pid": 15296,
    "index": 61
  },
  {
    "name": "Load Router",
    "start": 1547028313337,
    "end": 1547028313340,
    "duration": 3,
    "pid": 15296,
    "index": 62
  },
  {
    "name": "Require(46) app/router.ts",
    "start": 1547028313337,
    "end": 1547028313337,
    "duration": 0,
    "pid": 15296,
    "index": 63
  },
  {
    "name": "Before Start in node_modules/.4.13.0@egg-core/lib/egg.js:287:10",
    "start": 1547028313338,
    "end": 1547028313353,
    "duration": 15,
    "pid": 15296,
    "index": 64
  }
]