[
  {
    "name": "Application Start",
    "start": 1547028372995,
    "end": 1547028373289,
    "duration": 294,
    "pid": 18848,
    "index": 0
  },
  {
    "name": "Load Plugin",
    "start": 1547028372998,
    "end": 1547028373010,
    "duration": 12,
    "pid": 18848,
    "index": 1
  },
  {
    "name": "Load Config",
    "start": 1547028373010,
    "end": 1547028373023,
    "duration": 13,
    "pid": 18848,
    "index": 2
  },
  {
    "name": "Require(0) config/config.default.ts",
    "start": 1547028373011,
    "end": 1547028373011,
    "duration": 0,
    "pid": 18848,
    "index": 3
  },
  {
    "name": "Require(1) config/config.local.ts",
    "start": 1547028373012,
    "end": 1547028373013,
    "duration": 1,
    "pid": 18848,
    "index": 4
  },
  {
    "name": "Require(2) node_modules/.3.1.0@egg-session/config/config.default.js",
    "start": 1547028373013,
    "end": 1547028373013,
    "duration": 0,
    "pid": 18848,
    "index": 5
  },
  {
    "name": "Require(3) node_modules/.2.4.2@egg-security/config/config.default.js",
    "start": 1547028373013,
    "end": 1547028373014,
    "duration": 1,
    "pid": 18848,
    "index": 6
  },
  {
    "name": "Require(4) node_modules/.2.0.0@egg-jsonp/config/config.default.js",
    "start": 1547028373015,
    "end": 1547028373015,
    "duration": 0,
    "pid": 18848,
    "index": 7
  },
  {
    "name": "Require(5) node_modules/.2.1.0@egg-onerror/config/config.default.js",
    "start": 1547028373015,
    "end": 1547028373015,
    "duration": 0,
    "pid": 18848,
    "index": 8
  },
  {
    "name": "Require(6) node_modules/.2.0.0@egg-i18n/config/config.default.js",
    "start": 1547028373016,
    "end": 1547028373016,
    "duration": 0,
    "pid": 18848,
    "index": 9
  },
  {
    "name": "Require(7) node_modules/.3.1.0@egg-watcher/config/config.default.js",
    "start": 1547028373016,
    "end": 1547028373016,
    "duration": 0,
    "pid": 18848,
    "index": 10
  },
  {
    "name": "Require(8) node_modules/.3.6.0@egg-schedule/config/config.default.js",
    "start": 1547028373017,
    "end": 1547028373017,
    "duration": 0,
    "pid": 18848,
    "index": 11
  },
  {
    "name": "Require(9) node_modules/.2.4.0@egg-multipart/config/config.default.js",
    "start": 1547028373017,
    "end": 1547028373017,
    "duration": 0,
    "pid": 18848,
    "index": 12
  },
  {
    "name": "Require(10) node_modules/.2.4.1@egg-development/config/config.default.js",
    "start": 1547028373018,
    "end": 1547028373018,
    "duration": 0,
    "pid": 18848,
    "index": 13
  },
  {
    "name": "Require(11) node_modules/.3.0.5@egg-logrotator/config/config.default.js",
    "start": 1547028373018,
    "end": 1547028373018,
    "duration": 0,
    "pid": 18848,
    "index": 14
  },
  {
    "name": "Require(12) node_modules/.2.1.1@egg-static/config/config.default.js",
    "start": 1547028373019,
    "end": 1547028373019,
    "duration": 0,
    "pid": 18848,
    "index": 15
  },
  {
    "name": "Require(13) node_modules/.2.1.1@egg-view/config/config.default.js",
    "start": 1547028373019,
    "end": 1547028373019,
    "duration": 0,
    "pid": 18848,
    "index": 16
  },
  {
    "name": "Require(14) node_modules/.2.14.2@egg/config/config.default.js",
    "start": 1547028373019,
    "end": 1547028373020,
    "duration": 1,
    "pid": 18848,
    "index": 17
  },
  {
    "name": "Require(15) config/config.default.ts",
    "start": 1547028373021,
    "end": 1547028373021,
    "duration": 0,
    "pid": 18848,
    "index": 18
  },
  {
    "name": "Require(16) node_modules/.2.4.2@egg-security/config/config.local.js",
    "start": 1547028373021,
    "end": 1547028373021,
    "duration": 0,
    "pid": 18848,
    "index": 19
  },
  {
    "name": "Require(17) node_modules/.3.1.0@egg-watcher/config/config.local.js",
    "start": 1547028373022,
    "end": 1547028373022,
    "duration": 0,
    "pid": 18848,
    "index": 20
  },
  {
    "name": "Require(18) node_modules/.2.1.1@egg-view/config/config.local.js",
    "start": 1547028373023,
    "end": 1547028373023,
    "duration": 0,
    "pid": 18848,
    "index": 21
  },
  {
    "name": "Require(19) node_modules/.2.14.2@egg/config/config.local.js",
    "start": 1547028373023,
    "end": 1547028373023,
    "duration": 0,
    "pid": 18848,
    "index": 22
  },
  {
    "name": "Require(20) config/config.local.ts",
    "start": 1547028373023,
    "end": 1547028373023,
    "duration": 0,
    "pid": 18848,
    "index": 23
  },
  {
    "name": "Load extend/application.js",
    "start": 1547028373025,
    "end": 1547028373034,
    "duration": 9,
    "pid": 18848,
    "index": 24
  },
  {
    "name": "Require(21) node_modules/.3.1.0@egg-session/app/extend/application.js",
    "start": 1547028373025,
    "end": 1547028373025,
    "duration": 0,
    "pid": 18848,
    "index": 25
  },
  {
    "name": "Require(22) node_modules/.2.4.2@egg-security/app/extend/application.js",
    "start": 1547028373026,
    "end": 1547028373026,
    "duration": 0,
    "pid": 18848,
    "index": 26
  },
  {
    "name": "Require(23) node_modules/.2.0.0@egg-jsonp/app/extend/application.js",
    "start": 1547028373026,
    "end": 1547028373028,
    "duration": 2,
    "pid": 18848,
    "index": 27
  },
  {
    "name": "Require(24) node_modules/.3.0.5@egg-logrotator/app/extend/application.js",
    "start": 1547028373029,
    "end": 1547028373030,
    "duration": 1,
    "pid": 18848,
    "index": 28
  },
  {
    "name": "Require(25) node_modules/.2.1.1@egg-view/app/extend/application.js",
    "start": 1547028373031,
    "end": 1547028373032,
    "duration": 1,
    "pid": 18848,
    "index": 29
  },
  {
    "name": "Load extend/request.js",
    "start": 1547028373034,
    "end": 1547028373038,
    "duration": 4,
    "pid": 18848,
    "index": 30
  },
  {
    "name": "Require(26) node_modules/.2.14.2@egg/app/extend/request.js",
    "start": 1547028373035,
    "end": 1547028373036,
    "duration": 1,
    "pid": 18848,
    "index": 31
  },
  {
    "name": "Load extend/response.js",
    "start": 1547028373038,
    "end": 1547028373047,
    "duration": 9,
    "pid": 18848,
    "index": 32
  },
  {
    "name": "Require(27) node_modules/.2.14.2@egg/app/extend/response.js",
    "start": 1547028373039,
    "end": 1547028373045,
    "duration": 6,
    "pid": 18848,
    "index": 33
  },
  {
    "name": "Load extend/context.js",
    "start": 1547028373048,
    "end": 1547028373108,
    "duration": 60,
    "pid": 18848,
    "index": 34
  },
  {
    "name": "Require(28) node_modules/.2.4.2@egg-security/app/extend/context.js",
    "start": 1547028373049,
    "end": 1547028373062,
    "duration": 13,
    "pid": 18848,
    "index": 35
  },
  {
    "name": "Require(29) node_modules/.2.0.0@egg-jsonp/app/extend/context.js",
    "start": 1547028373062,
    "end": 1547028373063,
    "duration": 1,
    "pid": 18848,
    "index": 36
  },
  {
    "name": "Require(30) node_modules/.2.0.0@egg-i18n/app/extend/context.js",
    "start": 1547028373063,
    "end": 1547028373064,
    "duration": 1,
    "pid": 18848,
    "index": 37
  },
  {
    "name": "Require(31) node_modules/.2.4.0@egg-multipart/app/extend/context.js",
    "start": 1547028373064,
    "end": 1547028373103,
    "duration": 39,
    "pid": 18848,
    "index": 38
  },
  {
    "name": "Require(32) node_modules/.2.1.1@egg-view/app/extend/context.js",
    "start": 1547028373104,
    "end": 1547028373105,
    "duration": 1,
    "pid": 18848,
    "index": 39
  },
  {
    "name": "Require(33) node_modules/.2.14.2@egg/app/extend/context.js",
    "start": 1547028373105,
    "end": 1547028373106,
    "duration": 1,
    "pid": 18848,
    "index": 40
  },
  {
    "name": "Load extend/helper.js",
    "start": 1547028373108,
    "end": 1547028373124,
    "duration": 16,
    "pid": 18848,
    "index": 41
  },
  {
    "name": "Require(34) node_modules/.2.4.2@egg-security/app/extend/helper.js",
    "start": 1547028373109,
    "end": 1547028373120,
    "duration": 11,
    "pid": 18848,
    "index": 42
  },
  {
    "name": "Require(35) node_modules/.2.14.2@egg/app/extend/helper.js",
    "start": 1547028373122,
    "end": 1547028373122,
    "duration": 0,
    "pid": 18848,
    "index": 43
  },
  {
    "name": "Load app.js",
    "start": 1547028373124,
    "end": 1547028373150,
    "duration": 26,
    "pid": 18848,
    "index": 44
  },
  {
    "name": "Require(36) node_modules/.3.1.0@egg-session/app.js",
    "start": 1547028373124,
    "end": 1547028373124,
    "duration": 0,
    "pid": 18848,
    "index": 45
  },
  {
    "name": "Require(37) node_modules/.2.4.2@egg-security/app.js",
    "start": 1547028373125,
    "end": 1547028373126,
    "duration": 1,
    "pid": 18848,
    "index": 46
  },
  {
    "name": "Require(38) node_modules/.2.1.0@egg-onerror/app.js",
    "start": 1547028373127,
    "end": 1547028373134,
    "duration": 7,
    "pid": 18848,
    "index": 47
  },
  {
    "name": "Require(39) node_modules/.2.0.0@egg-i18n/app.js",
    "start": 1547028373134,
    "end": 1547028373141,
    "duration": 7,
    "pid": 18848,
    "index": 48
  },
  {
    "name": "Require(40) node_modules/.3.1.0@egg-watcher/app.js",
    "start": 1547028373141,
    "end": 1547028373144,
    "duration": 3,
    "pid": 18848,
    "index": 49
  },
  {
    "name": "Require(41) node_modules/.3.6.0@egg-schedule/app.js",
    "start": 1547028373144,
    "end": 1547028373145,
    "duration": 1,
    "pid": 18848,
    "index": 50
  },
  {
    "name": "Require(42) node_modules/.2.4.0@egg-multipart/app.js",
    "start": 1547028373146,
    "end": 1547028373148,
    "duration": 2,
    "pid": 18848,
    "index": 51
  },
  {
    "name": "Require(43) node_modules/.2.4.1@egg-development/app.js",
    "start": 1547028373148,
    "end": 1547028373148,
    "duration": 0,
    "pid": 18848,
    "index": 52
  },
  {
    "name": "Require(44) node_modules/.3.0.5@egg-logrotator/app.js",
    "start": 1547028373148,
    "end": 1547028373148,
    "duration": 0,
    "pid": 18848,
    "index": 53
  },
  {
    "name": "Require(45) node_modules/.2.1.1@egg-static/app.js",
    "start": 1547028373148,
    "end": 1547028373149,
    "duration": 1,
    "pid": 18848,
    "index": 54
  },
  {
    "name": "Before Start in node_modules/.3.1.0@egg-watcher/lib/init.js:15:14",
    "start": 1547028373161,
    "end": 1547028373288,
    "duration": 127,
    "pid": 18848,
    "index": 55
  },
  {
    "name": "Load Service",
    "start": 1547028373192,
    "end": 1547028373195,
    "duration": 3,
    "pid": 18848,
    "index": 56
  },
  {
    "name": "Load \"service\" to Context",
    "start": 1547028373192,
    "end": 1547028373195,
    "duration": 3,
    "pid": 18848,
    "index": 57
  },
  {
    "name": "Load Middleware",
    "start": 1547028373196,
    "end": 1547028373267,
    "duration": 71,
    "pid": 18848,
    "index": 58
  },
  {
    "name": "Load \"middlewares\" to Application",
    "start": 1547028373196,
    "end": 1547028373259,
    "duration": 63,
    "pid": 18848,
    "index": 59
  },
  {
    "name": "Load Controller",
    "start": 1547028373267,
    "end": 1547028373272,
    "duration": 5,
    "pid": 18848,
    "index": 60
  },
  {
    "name": "Load \"controller\" to Application",
    "start": 1547028373267,
    "end": 1547028373272,
    "duration": 5,
    "pid": 18848,
    "index": 61
  },
  {
    "name": "Load Router",
    "start": 1547028373272,
    "end": 1547028373274,
    "duration": 2,
    "pid": 18848,
    "index": 62
  },
  {
    "name": "Require(46) app/router.ts",
    "start": 1547028373272,
    "end": 1547028373272,
    "duration": 0,
    "pid": 18848,
    "index": 63
  },
  {
    "name": "Before Start in node_modules/.4.13.0@egg-core/lib/egg.js:287:10",
    "start": 1547028373273,
    "end": 1547028373282,
    "duration": 9,
    "pid": 18848,
    "index": 64
  }
]