{
  "config": {
    "session": {
      "maxAge": 86400000,
      "key": "EGG_SESS",
      "httpOnly": true,
      "encrypt": true,
      "overwrite": true,
      "signed": true,
      "autoCommit": true,
      "encode": "<Function encode>",
      "decode": "<Function decode>",
      "genid": "<Function anonymous>"
    },
    "security": {
      "domainWhiteList": [],
      "protocolWhiteList": [],
      "defaultMiddleware": "csrf,hsts,methodnoallow,noopen,nosniff,csp,xssProtection,xframe,dta",
      "csrf": {
        "enable": true,
        "useSession": false,
        "ignoreJSON": false,
        "cookieName": "csrfToken",
        "sessionName": "csrfToken",
        "headerName": "x-csrf-token",
        "bodyName": "_csrf",
        "queryName": "_csrf",
        "matching": "<Function anonymous>"
      },
      "xframe": {
        "enable": true,
        "value": "SAMEORIGIN",
        "matching": "<Function anonymous>"
      },
      "hsts": {
        "enable": false,
        "maxAge": 31536000,
        "includeSubdomains": false
      },
      "dta": {
        "enable": true,
        "matching": "<Function anonymous>"
      },
      "methodnoallow": {
        "enable": true,
        "matching": "<Function anonymous>"
      },
      "noopen": {
        "enable": true,
        "matching": "<Function anonymous>"
      },
      "nosniff": {
        "enable": true,
        "matching": "<Function anonymous>"
      },
      "referrerPolicy": {
        "enable": false,
        "value": "no-referrer-when-downgrade"
      },
      "xssProtection": {
        "enable": true,
        "value": "1; mode=block",
        "matching": "<Function anonymous>"
      },
      "csp": {
        "enable": false,
        "policy": {}
      },
      "ssrf": {
        "ipBlackList": null,
        "checkAddress": null
      },
      "_protocolWhiteListSet": "<Set>"
    },
    "helper": {
      "shtml": {}
    },
    "jsonp": {
      "limit": 50,
      "callback": [
        "_callback",
        "callback"
      ],
      "csrf": false
    },
    "onerror": {
      "errorPageUrl": "",
      "appErrorFilter": null,
      "templatePath": "E:\\AAA2018\\Typescript\\e-wechat\\node_modules\\.2.1.0@egg-onerror\\lib\\onerror_page.mustache"
    },
    "i18n": {
      "defaultLocale": "en_US",
      "dirs": [
        "E:\\AAA2018\\Typescript\\e-wechat\\node_modules\\.3.1.0@egg-session\\config\\locales",
        "E:\\AAA2018\\Typescript\\e-wechat\\node_modules\\.2.4.2@egg-security\\config\\locales",
        "E:\\AAA2018\\Typescript\\e-wechat\\node_modules\\.2.0.0@egg-jsonp\\config\\locales",
        "E:\\AAA2018\\Typescript\\e-wechat\\node_modules\\.2.1.0@egg-onerror\\config\\locales",
        "E:\\AAA2018\\Typescript\\e-wechat\\node_modules\\.2.0.0@egg-i18n\\config\\locales",
        "E:\\AAA2018\\Typescript\\e-wechat\\node_modules\\.3.1.0@egg-watcher\\config\\locales",
        "E:\\AAA2018\\Typescript\\e-wechat\\node_modules\\.3.6.0@egg-schedule\\config\\locales",
        "E:\\AAA2018\\Typescript\\e-wechat\\node_modules\\.2.4.0@egg-multipart\\config\\locales",
        "E:\\AAA2018\\Typescript\\e-wechat\\node_modules\\.2.4.1@egg-development\\config\\locales",
        "E:\\AAA2018\\Typescript\\e-wechat\\node_modules\\.3.0.5@egg-logrotator\\config\\locales",
        "E:\\AAA2018\\Typescript\\e-wechat\\node_modules\\.2.1.1@egg-static\\config\\locales",
        "E:\\AAA2018\\Typescript\\e-wechat\\node_modules\\.2.1.1@egg-view\\config\\locales",
        "E:\\AAA2018\\Typescript\\e-wechat\\node_modules\\.2.14.2@egg\\config\\locales",
        "E:\\AAA2018\\Typescript\\e-wechat\\config\\locales"
      ],
      "queryField": "locale",
      "cookieField": "locale",
      "cookieMaxAge": "1y",
      "functionName": "__"
    },
    "watcher": {
      "type": "development",
      "eventSources": {
        "default": "E:\\AAA2018\\Typescript\\e-wechat\\node_modules\\.3.1.0@egg-watcher\\lib\\event-sources\\default",
        "development": "E:\\AAA2018\\Typescript\\e-wechat\\node_modules\\.3.1.0@egg-watcher\\lib\\event-sources\\development"
      }
    },
    "customLogger": {
      "scheduleLogger": {
        "consoleLevel": "NONE",
        "file": "E:\\AAA2018\\Typescript\\e-wechat\\logs\\e-wechat\\egg-schedule.log"
      }
    },
    "schedule": {
      "directory": []
    },
    "multipart": {
      "mode": "stream",
      "autoFields": false,
      "defaultCharset": "utf8",
      "fieldNameSize": 100,
      "fieldSize": 102400,
      "fields": 10,
      "fileSize": 10485760,
      "files": 10,
      "fileExtensions": [],
      "whitelist": null,
      "tmpdir": "C:\\Users\\dell\\AppData\\Local\\Temp\\egg-multipart-tmp\\e-wechat",
      "cleanSchedule": {
        "cron": "0 30 4 * * *"
      }
    },
    "development": {
      "watchDirs": [],
      "ignoreDirs": [],
      "fastReady": false,
      "reloadOnDebug": true,
      "overrideDefault": false
    },
    "logrotator": {
      "filesRotateByHour": null,
      "hourDelimiter": "-",
      "filesRotateBySize": null,
      "maxFileSize": 52428800,
      "maxFiles": 10,
      "rotateDuration": 60000,
      "maxDays": 31
    },
    "static": {
      "prefix": "/public/",
      "dir": "E:\\AAA2018\\Typescript\\e-wechat\\app\\public",
      "dynamic": true,
      "preload": false,
      "buffer": false,
      "maxFiles": 1000,
      "files": "<LRU>"
    },
    "view": {
      "root": "E:\\AAA2018\\Typescript\\e-wechat\\app\\view",
      "cache": false,
      "defaultExtension": ".html",
      "defaultViewEngine": "",
      "mapping": {}
    },
    "env": "local",
    "name": "e-wechat",
    "keys": "<String len: 27>",
    "proxy": false,
    "protocolHeaders": "x-forwarded-proto",
    "ipHeaders": "x-forwarded-for",
    "hostHeaders": "",
    "pkg": {
      "name": "e-wechat",
      "version": "1.0.0",
      "description": "typescript egg wechat",
      "private": true,
      "egg": {
        "typescript": true,
        "require": [
          "egg-ts-helper/register"
        ]
      },
      "scripts": {
        "start": "egg-scripts start --daemon --title=egg-server-e-wechat",
        "stop": "egg-scripts stop --title=egg-server-e-wechat",
        "dev": "egg-bin dev",
        "debug": "egg-bin debug",
        "test-local": "egg-bin test",
        "test": "npm run lint -- --fix && npm run test-local",
        "cov": "egg-bin cov",
        "tsc": "ets && tsc -p tsconfig.json",
        "ci": "npm run lint && npm run cov && npm run tsc",
        "autod": "autod",
        "lint": "tslint --project . -c tslint.json",
        "clean": "ets clean"
      },
      "dependencies": {
        "egg": "^2.6.1",
        "egg-scripts": "^2.6.0"
      },
      "devDependencies": {
        "@types/mocha": "^2.2.40",
        "@types/node": "^7.0.12",
        "@types/supertest": "^2.0.0",
        "autod": "^3.0.1",
        "autod-egg": "^1.1.0",
        "egg-ci": "^1.8.0",
        "egg-bin": "^4.6.2",
        "egg-mock": "^3.16.0",
        "egg-ts-helper": "^1.11.0",
        "tslib": "^1.9.0",
        "tslint": "^4.0.0",
        "typescript": "^3.0.0"
      },
      "engines": {
        "node": ">=8.9.0"
      },
      "ci": {
        "version": "8"
      },
      "repository": {
        "type": "git",
        "url": ""
      },
      "eslintIgnore": [
        "coverage"
      ],
      "author": "rich lee",
      "license": "MIT"
    },
    "baseDir": "E:\\AAA2018\\Typescript\\e-wechat",
    "HOME": "C:\\Users\\dell",
    "rundir": "E:\\AAA2018\\Typescript\\e-wechat\\run",
    "dump": {
      "ignore": "<Set>"
    },
    "confusedConfigurations": {
      "bodyparser": "bodyParser",
      "notFound": "notfound",
      "sitefile": "siteFile",
      "middlewares": "middleware",
      "httpClient": "httpclient"
    },
    "notfound": {
      "pageUrl": ""
    },
    "siteFile": {
      "/favicon.ico": "<Buffer len: 6463>"
    },
    "bodyParser": {
      "enable": true,
      "encoding": "utf8",
      "formLimit": "100kb",
      "jsonLimit": "100kb",
      "strict": true,
      "queryString": {
        "arrayLimit": 100,
        "depth": 5,
        "parameterLimit": 1000
      },
      "returnRawBody": true
    },
    "logger": {
      "dir": "E:\\AAA2018\\Typescript\\e-wechat\\logs\\e-wechat",
      "encoding": "utf8",
      "env": "local",
      "level": "INFO",
      "consoleLevel": "INFO",
      "disableConsoleAfterReady": false,
      "outputJSON": false,
      "buffer": true,
      "appLogName": "e-wechat-web.log",
      "coreLogName": "egg-web.log",
      "agentLogName": "egg-agent.log",
      "errorLogName": "common-error.log",
      "coreLogger": {
        "consoleLevel": "WARN"
      },
      "allowDebugAtProd": false,
      "type": "application"
    },
    "httpclient": {
      "enableDNSCache": false,
      "dnsCacheLookupInterval": 10000,
      "dnsCacheMaxLength": 1000,
      "request": {
        "timeout": 5000
      },
      "httpAgent": {
        "keepAlive": true,
        "freeSocketTimeout": 4000,
        "maxSockets": 9007199254740991,
        "maxFreeSockets": 256
      },
      "httpsAgent": {
        "keepAlive": true,
        "freeSocketTimeout": 4000,
        "maxSockets": 9007199254740991,
        "maxFreeSockets": 256
      }
    },
    "meta": {
      "enable": true,
      "logging": false
    },
    "coreMiddleware": [
      "meta",
      "siteFile",
      "notfound",
      "static",
      "bodyParser",
      "overrideMethod",
      "session",
      "securities",
      "i18n",
      "eggLoaderTrace"
    ],
    "workerStartTimeout": 600000,
    "serverTimeout": null,
    "cluster": {
      "listen": {
        "path": "",
        "port": 7001,
        "hostname": ""
      }
    },
    "clusterClient": {
      "maxWaitTime": 60000,
      "responseTimeout": 60000
    },
    "onClientError": null,
    "middleware": [],
    "sourceUrl": "https://github.com/eggjs/examples/tree/master/e-wechat",
    "coreMiddlewares": "~config~coreMiddleware",
    "appMiddlewares": "~config~middleware",
    "appMiddleware": "~config~middleware",
    "multipartParseOptions": {
      "autoFields": false,
      "defCharset": "utf8",
      "limits": {
        "fieldNameSize": 100,
        "fieldSize": 102400,
        "fields": 10,
        "fileSize": 10485760,
        "files": 10
      },
      "checkFile": "<Function checkFile>"
    }
  },
  "plugins": {
    "session": {
      "enable": true,
      "package": "egg-session",
      "name": "session",
      "dependencies": [],
      "optionalDependencies": [],
      "env": [],
      "from": "E:\\AAA2018\\Typescript\\e-wechat\\node_modules\\.2.14.2@egg\\config\\plugin.js",
      "path": "E:\\AAA2018\\Typescript\\e-wechat\\node_modules\\.3.1.0@egg-session",
      "version": "3.1.0"
    },
    "security": {
      "enable": true,
      "package": "egg-security",
      "name": "security",
      "dependencies": [],
      "optionalDependencies": [
        "session"
      ],
      "env": [],
      "from": "E:\\AAA2018\\Typescript\\e-wechat\\node_modules\\.2.14.2@egg\\config\\plugin.js",
      "path": "E:\\AAA2018\\Typescript\\e-wechat\\node_modules\\.2.4.2@egg-security",
      "version": "2.4.2"
    },
    "jsonp": {
      "enable": true,
      "package": "egg-jsonp",
      "name": "jsonp",
      "dependencies": [],
      "optionalDependencies": [
        "security"
      ],
      "env": [],
      "from": "E:\\AAA2018\\Typescript\\e-wechat\\node_modules\\.2.14.2@egg\\config\\plugin.js",
      "path": "E:\\AAA2018\\Typescript\\e-wechat\\node_modules\\.2.0.0@egg-jsonp",
      "version": "2.0.0"
    },
    "onerror": {
      "enable": true,
      "package": "egg-onerror",
      "name": "onerror",
      "dependencies": [],
      "optionalDependencies": [
        "jsonp"
      ],
      "env": [],
      "from": "E:\\AAA2018\\Typescript\\e-wechat\\node_modules\\.2.14.2@egg\\config\\plugin.js",
      "path": "E:\\AAA2018\\Typescript\\e-wechat\\node_modules\\.2.1.0@egg-onerror",
      "version": "2.1.0"
    },
    "i18n": {
      "enable": true,
      "package": "egg-i18n",
      "name": "i18n",
      "dependencies": [],
      "optionalDependencies": [],
      "env": [],
      "from": "E:\\AAA2018\\Typescript\\e-wechat\\node_modules\\.2.14.2@egg\\config\\plugin.js",
      "path": "E:\\AAA2018\\Typescript\\e-wechat\\node_modules\\.2.0.0@egg-i18n",
      "version": "2.0.0"
    },
    "watcher": {
      "enable": true,
      "package": "egg-watcher",
      "name": "watcher",
      "dependencies": [],
      "optionalDependencies": [],
      "env": [],
      "from": "E:\\AAA2018\\Typescript\\e-wechat\\node_modules\\.2.14.2@egg\\config\\plugin.js",
      "path": "E:\\AAA2018\\Typescript\\e-wechat\\node_modules\\.3.1.0@egg-watcher",
      "version": "3.1.0"
    },
    "schedule": {
      "enable": true,
      "package": "egg-schedule",
      "name": "schedule",
      "dependencies": [],
      "optionalDependencies": [],
      "env": [],
      "from": "E:\\AAA2018\\Typescript\\e-wechat\\node_modules\\.2.14.2@egg\\config\\plugin.js",
      "path": "E:\\AAA2018\\Typescript\\e-wechat\\node_modules\\.3.6.0@egg-schedule",
      "version": "3.6.0"
    },
    "multipart": {
      "enable": true,
      "package": "egg-multipart",
      "name": "multipart",
      "dependencies": [],
      "optionalDependencies": [
        "schedule"
      ],
      "env": [],
      "from": "E:\\AAA2018\\Typescript\\e-wechat\\node_modules\\.2.14.2@egg\\config\\plugin.js",
      "path": "E:\\AAA2018\\Typescript\\e-wechat\\node_modules\\.2.4.0@egg-multipart",
      "version": "2.4.0"
    },
    "development": {
      "enable": true,
      "package": "egg-development",
      "name": "development",
      "dependencies": [
        "watcher"
      ],
      "optionalDependencies": [],
      "env": [
        "local"
      ],
      "from": "E:\\AAA2018\\Typescript\\e-wechat\\node_modules\\.2.14.2@egg\\config\\plugin.js",
      "path": "E:\\AAA2018\\Typescript\\e-wechat\\node_modules\\.2.4.1@egg-development",
      "version": "2.4.1"
    },
    "logrotator": {
      "enable": true,
      "package": "egg-logrotator",
      "name": "logrotator",
      "dependencies": [
        "schedule"
      ],
      "optionalDependencies": [],
      "env": [],
      "from": "E:\\AAA2018\\Typescript\\e-wechat\\node_modules\\.2.14.2@egg\\config\\plugin.js",
      "path": "E:\\AAA2018\\Typescript\\e-wechat\\node_modules\\.3.0.5@egg-logrotator",
      "version": "3.0.5"
    },
    "static": {
      "enable": true,
      "package": "egg-static",
      "name": "static",
      "dependencies": [],
      "optionalDependencies": [],
      "env": [],
      "from": "E:\\AAA2018\\Typescript\\e-wechat\\node_modules\\.2.14.2@egg\\config\\plugin.js",
      "path": "E:\\AAA2018\\Typescript\\e-wechat\\node_modules\\.2.1.1@egg-static",
      "version": "2.1.1"
    },
    "view": {
      "enable": true,
      "package": "egg-view",
      "name": "view",
      "dependencies": [],
      "optionalDependencies": [],
      "env": [],
      "from": "E:\\AAA2018\\Typescript\\e-wechat\\node_modules\\.2.14.2@egg\\config\\plugin.js",
      "path": "E:\\AAA2018\\Typescript\\e-wechat\\node_modules\\.2.1.1@egg-view",
      "version": "2.1.1"
    }
  }
}