[
  {
    "name": "Application Start",
    "start": 1547030225357,
    "end": 1547030227377,
    "duration": 2020,
    "pid": 15236,
    "index": 0
  },
  {
    "name": "Load Plugin",
    "start": 1547030225360,
    "end": 1547030225373,
    "duration": 13,
    "pid": 15236,
    "index": 1
  },
  {
    "name": "Load Config",
    "start": 1547030225374,
    "end": 1547030225386,
    "duration": 12,
    "pid": 15236,
    "index": 2
  },
  {
    "name": "Require(0) config/config.default.ts",
    "start": 1547030225374,
    "end": 1547030225374,
    "duration": 0,
    "pid": 15236,
    "index": 3
  },
  {
    "name": "Require(1) config/config.local.ts",
    "start": 1547030225375,
    "end": 1547030225376,
    "duration": 1,
    "pid": 15236,
    "index": 4
  },
  {
    "name": "Require(2) node_modules/.3.1.0@egg-session/config/config.default.js",
    "start": 1547030225376,
    "end": 1547030225376,
    "duration": 0,
    "pid": 15236,
    "index": 5
  },
  {
    "name": "Require(3) node_modules/.2.4.2@egg-security/config/config.default.js",
    "start": 1547030225376,
    "end": 1547030225377,
    "duration": 1,
    "pid": 15236,
    "index": 6
  },
  {
    "name": "Require(4) node_modules/.2.0.0@egg-jsonp/config/config.default.js",
    "start": 1547030225377,
    "end": 1547030225377,
    "duration": 0,
    "pid": 15236,
    "index": 7
  },
  {
    "name": "Require(5) node_modules/.2.1.0@egg-onerror/config/config.default.js",
    "start": 1547030225378,
    "end": 1547030225378,
    "duration": 0,
    "pid": 15236,
    "index": 8
  },
  {
    "name": "Require(6) node_modules/.2.0.0@egg-i18n/config/config.default.js",
    "start": 1547030225378,
    "end": 1547030225378,
    "duration": 0,
    "pid": 15236,
    "index": 9
  },
  {
    "name": "Require(7) node_modules/.3.1.0@egg-watcher/config/config.default.js",
    "start": 1547030225379,
    "end": 1547030225379,
    "duration": 0,
    "pid": 15236,
    "index": 10
  },
  {
    "name": "Require(8) node_modules/.3.6.0@egg-schedule/config/config.default.js",
    "start": 1547030225379,
    "end": 1547030225379,
    "duration": 0,
    "pid": 15236,
    "index": 11
  },
  {
    "name": "Require(9) node_modules/.2.4.0@egg-multipart/config/config.default.js",
    "start": 1547030225380,
    "end": 1547030225380,
    "duration": 0,
    "pid": 15236,
    "index": 12
  },
  {
    "name": "Require(10) node_modules/.2.4.1@egg-development/config/config.default.js",
    "start": 1547030225380,
    "end": 1547030225380,
    "duration": 0,
    "pid": 15236,
    "index": 13
  },
  {
    "name": "Require(11) node_modules/.3.0.5@egg-logrotator/config/config.default.js",
    "start": 1547030225381,
    "end": 1547030225381,
    "duration": 0,
    "pid": 15236,
    "index": 14
  },
  {
    "name": "Require(12) node_modules/.2.1.1@egg-static/config/config.default.js",
    "start": 1547030225381,
    "end": 1547030225381,
    "duration": 0,
    "pid": 15236,
    "index": 15
  },
  {
    "name": "Require(13) node_modules/.2.1.1@egg-view/config/config.default.js",
    "start": 1547030225381,
    "end": 1547030225382,
    "duration": 1,
    "pid": 15236,
    "index": 16
  },
  {
    "name": "Require(14) node_modules/.2.14.2@egg/config/config.default.js",
    "start": 1547030225382,
    "end": 1547030225382,
    "duration": 0,
    "pid": 15236,
    "index": 17
  },
  {
    "name": "Require(15) config/config.default.ts",
    "start": 1547030225383,
    "end": 1547030225383,
    "duration": 0,
    "pid": 15236,
    "index": 18
  },
  {
    "name": "Require(16) node_modules/.2.4.2@egg-security/config/config.local.js",
    "start": 1547030225384,
    "end": 1547030225384,
    "duration": 0,
    "pid": 15236,
    "index": 19
  },
  {
    "name": "Require(17) node_modules/.3.1.0@egg-watcher/config/config.local.js",
    "start": 1547030225384,
    "end": 1547030225384,
    "duration": 0,
    "pid": 15236,
    "index": 20
  },
  {
    "name": "Require(18) node_modules/.2.1.1@egg-view/config/config.local.js",
    "start": 1547030225385,
    "end": 1547030225385,
    "duration": 0,
    "pid": 15236,
    "index": 21
  },
  {
    "name": "Require(19) node_modules/.2.14.2@egg/config/config.local.js",
    "start": 1547030225385,
    "end": 1547030225385,
    "duration": 0,
    "pid": 15236,
    "index": 22
  },
  {
    "name": "Require(20) config/config.local.ts",
    "start": 1547030225386,
    "end": 1547030225386,
    "duration": 0,
    "pid": 15236,
    "index": 23
  },
  {
    "name": "Load extend/application.js",
    "start": 1547030225387,
    "end": 1547030225395,
    "duration": 8,
    "pid": 15236,
    "index": 24
  },
  {
    "name": "Require(21) node_modules/.3.1.0@egg-session/app/extend/application.js",
    "start": 1547030225387,
    "end": 1547030225387,
    "duration": 0,
    "pid": 15236,
    "index": 25
  },
  {
    "name": "Require(22) node_modules/.2.4.2@egg-security/app/extend/application.js",
    "start": 1547030225388,
    "end": 1547030225388,
    "duration": 0,
    "pid": 15236,
    "index": 26
  },
  {
    "name": "Require(23) node_modules/.2.0.0@egg-jsonp/app/extend/application.js",
    "start": 1547030225388,
    "end": 1547030225390,
    "duration": 2,
    "pid": 15236,
    "index": 27
  },
  {
    "name": "Require(24) node_modules/.3.0.5@egg-logrotator/app/extend/application.js",
    "start": 1547030225391,
    "end": 1547030225392,
    "duration": 1,
    "pid": 15236,
    "index": 28
  },
  {
    "name": "Require(25) node_modules/.2.1.1@egg-view/app/extend/application.js",
    "start": 1547030225393,
    "end": 1547030225394,
    "duration": 1,
    "pid": 15236,
    "index": 29
  },
  {
    "name": "Load extend/request.js",
    "start": 1547030225395,
    "end": 1547030225400,
    "duration": 5,
    "pid": 15236,
    "index": 30
  },
  {
    "name": "Require(26) node_modules/.2.14.2@egg/app/extend/request.js",
    "start": 1547030225397,
    "end": 1547030225398,
    "duration": 1,
    "pid": 15236,
    "index": 31
  },
  {
    "name": "Load extend/response.js",
    "start": 1547030225400,
    "end": 1547030225404,
    "duration": 4,
    "pid": 15236,
    "index": 32
  },
  {
    "name": "Require(27) node_modules/.2.14.2@egg/app/extend/response.js",
    "start": 1547030225401,
    "end": 1547030225403,
    "duration": 2,
    "pid": 15236,
    "index": 33
  },
  {
    "name": "Load extend/context.js",
    "start": 1547030225404,
    "end": 1547030225460,
    "duration": 56,
    "pid": 15236,
    "index": 34
  },
  {
    "name": "Require(28) node_modules/.2.4.2@egg-security/app/extend/context.js",
    "start": 1547030225405,
    "end": 1547030225415,
    "duration": 10,
    "pid": 15236,
    "index": 35
  },
  {
    "name": "Require(29) node_modules/.2.0.0@egg-jsonp/app/extend/context.js",
    "start": 1547030225416,
    "end": 1547030225417,
    "duration": 1,
    "pid": 15236,
    "index": 36
  },
  {
    "name": "Require(30) node_modules/.2.0.0@egg-i18n/app/extend/context.js",
    "start": 1547030225417,
    "end": 1547030225417,
    "duration": 0,
    "pid": 15236,
    "index": 37
  },
  {
    "name": "Require(31) node_modules/.2.4.0@egg-multipart/app/extend/context.js",
    "start": 1547030225417,
    "end": 1547030225456,
    "duration": 39,
    "pid": 15236,
    "index": 38
  },
  {
    "name": "Require(32) node_modules/.2.1.1@egg-view/app/extend/context.js",
    "start": 1547030225456,
    "end": 1547030225457,
    "duration": 1,
    "pid": 15236,
    "index": 39
  },
  {
    "name": "Require(33) node_modules/.2.14.2@egg/app/extend/context.js",
    "start": 1547030225457,
    "end": 1547030225459,
    "duration": 2,
    "pid": 15236,
    "index": 40
  },
  {
    "name": "Load extend/helper.js",
    "start": 1547030225460,
    "end": 1547030225474,
    "duration": 14,
    "pid": 15236,
    "index": 41
  },
  {
    "name": "Require(34) node_modules/.2.4.2@egg-security/app/extend/helper.js",
    "start": 1547030225461,
    "end": 1547030225471,
    "duration": 10,
    "pid": 15236,
    "index": 42
  },
  {
    "name": "Require(35) node_modules/.2.14.2@egg/app/extend/helper.js",
    "start": 1547030225472,
    "end": 1547030225472,
    "duration": 0,
    "pid": 15236,
    "index": 43
  },
  {
    "name": "Load app.js",
    "start": 1547030225474,
    "end": 1547030225501,
    "duration": 27,
    "pid": 15236,
    "index": 44
  },
  {
    "name": "Require(36) node_modules/.3.1.0@egg-session/app.js",
    "start": 1547030225474,
    "end": 1547030225474,
    "duration": 0,
    "pid": 15236,
    "index": 45
  },
  {
    "name": "Require(37) node_modules/.2.4.2@egg-security/app.js",
    "start": 1547030225475,
    "end": 1547030225476,
    "duration": 1,
    "pid": 15236,
    "index": 46
  },
  {
    "name": "Require(38) node_modules/.2.1.0@egg-onerror/app.js",
    "start": 1547030225477,
    "end": 1547030225485,
    "duration": 8,
    "pid": 15236,
    "index": 47
  },
  {
    "name": "Require(39) node_modules/.2.0.0@egg-i18n/app.js",
    "start": 1547030225485,
    "end": 1547030225492,
    "duration": 7,
    "pid": 15236,
    "index": 48
  },
  {
    "name": "Require(40) node_modules/.3.1.0@egg-watcher/app.js",
    "start": 1547030225492,
    "end": 1547030225495,
    "duration": 3,
    "pid": 15236,
    "index": 49
  },
  {
    "name": "Require(41) node_modules/.3.6.0@egg-schedule/app.js",
    "start": 1547030225495,
    "end": 1547030225496,
    "duration": 1,
    "pid": 15236,
    "index": 50
  },
  {
    "name": "Require(42) node_modules/.2.4.0@egg-multipart/app.js",
    "start": 1547030225496,
    "end": 1547030225499,
    "duration": 3,
    "pid": 15236,
    "index": 51
  },
  {
    "name": "Require(43) node_modules/.2.4.1@egg-development/app.js",
    "start": 1547030225499,
    "end": 1547030225499,
    "duration": 0,
    "pid": 15236,
    "index": 52
  },
  {
    "name": "Require(44) node_modules/.3.0.5@egg-logrotator/app.js",
    "start": 1547030225499,
    "end": 1547030225499,
    "duration": 0,
    "pid": 15236,
    "index": 53
  },
  {
    "name": "Require(45) node_modules/.2.1.1@egg-static/app.js",
    "start": 1547030225499,
    "end": 1547030225500,
    "duration": 1,
    "pid": 15236,
    "index": 54
  },
  {
    "name": "Before Start in node_modules/.3.1.0@egg-watcher/lib/init.js:15:14",
    "start": 1547030225510,
    "end": 1547030227376,
    "duration": 1866,
    "pid": 15236,
    "index": 55
  },
  {
    "name": "Load Service",
    "start": 1547030225541,
    "end": 1547030225544,
    "duration": 3,
    "pid": 15236,
    "index": 56
  },
  {
    "name": "Load \"service\" to Context",
    "start": 1547030225541,
    "end": 1547030225544,
    "duration": 3,
    "pid": 15236,
    "index": 57
  },
  {
    "name": "Load Middleware",
    "start": 1547030225544,
    "end": 1547030225629,
    "duration": 85,
    "pid": 15236,
    "index": 58
  },
  {
    "name": "Load \"middlewares\" to Application",
    "start": 1547030225544,
    "end": 1547030225618,
    "duration": 74,
    "pid": 15236,
    "index": 59
  },
  {
    "name": "Load Controller",
    "start": 1547030225629,
    "end": 1547030227288,
    "duration": 1659,
    "pid": 15236,
    "index": 60
  },
  {
    "name": "Load \"controller\" to Application",
    "start": 1547030225629,
    "end": 1547030227288,
    "duration": 1659,
    "pid": 15236,
    "index": 61
  },
  {
    "name": "Load Router",
    "start": 1547030227288,
    "end": 1547030227289,
    "duration": 1,
    "pid": 15236,
    "index": 62
  },
  {
    "name": "Require(46) app/router.ts",
    "start": 1547030227288,
    "end": 1547030227288,
    "duration": 0,
    "pid": 15236,
    "index": 63
  },
  {
    "name": "Before Start in node_modules/.4.13.0@egg-core/lib/egg.js:287:10",
    "start": 1547030227288,
    "end": 1547030227298,
    "duration": 10,
    "pid": 15236,
    "index": 64
  }
]