[
  {
    "name": "Application Start",
    "start": 1547029356166,
    "end": 1547029358023,
    "duration": 1857,
    "pid": 10512,
    "index": 0
  },
  {
    "name": "Load Plugin",
    "start": 1547029356169,
    "end": 1547029356183,
    "duration": 14,
    "pid": 10512,
    "index": 1
  },
  {
    "name": "Load Config",
    "start": 1547029356183,
    "end": 1547029356195,
    "duration": 12,
    "pid": 10512,
    "index": 2
  },
  {
    "name": "Require(0) config/config.default.ts",
    "start": 1547029356183,
    "end": 1547029356184,
    "duration": 1,
    "pid": 10512,
    "index": 3
  },
  {
    "name": "Require(1) config/config.local.ts",
    "start": 1547029356184,
    "end": 1547029356185,
    "duration": 1,
    "pid": 10512,
    "index": 4
  },
  {
    "name": "Require(2) node_modules/.3.1.0@egg-session/config/config.default.js",
    "start": 1547029356185,
    "end": 1547029356185,
    "duration": 0,
    "pid": 10512,
    "index": 5
  },
  {
    "name": "Require(3) node_modules/.2.4.2@egg-security/config/config.default.js",
    "start": 1547029356186,
    "end": 1547029356186,
    "duration": 0,
    "pid": 10512,
    "index": 6
  },
  {
    "name": "Require(4) node_modules/.2.0.0@egg-jsonp/config/config.default.js",
    "start": 1547029356186,
    "end": 1547029356187,
    "duration": 1,
    "pid": 10512,
    "index": 7
  },
  {
    "name": "Require(5) node_modules/.2.1.0@egg-onerror/config/config.default.js",
    "start": 1547029356187,
    "end": 1547029356187,
    "duration": 0,
    "pid": 10512,
    "index": 8
  },
  {
    "name": "Require(6) node_modules/.2.0.0@egg-i18n/config/config.default.js",
    "start": 1547029356187,
    "end": 1547029356187,
    "duration": 0,
    "pid": 10512,
    "index": 9
  },
  {
    "name": "Require(7) node_modules/.3.1.0@egg-watcher/config/config.default.js",
    "start": 1547029356188,
    "end": 1547029356188,
    "duration": 0,
    "pid": 10512,
    "index": 10
  },
  {
    "name": "Require(8) node_modules/.3.6.0@egg-schedule/config/config.default.js",
    "start": 1547029356188,
    "end": 1547029356188,
    "duration": 0,
    "pid": 10512,
    "index": 11
  },
  {
    "name": "Require(9) node_modules/.2.4.0@egg-multipart/config/config.default.js",
    "start": 1547029356189,
    "end": 1547029356189,
    "duration": 0,
    "pid": 10512,
    "index": 12
  },
  {
    "name": "Require(10) node_modules/.2.4.1@egg-development/config/config.default.js",
    "start": 1547029356190,
    "end": 1547029356190,
    "duration": 0,
    "pid": 10512,
    "index": 13
  },
  {
    "name": "Require(11) node_modules/.3.0.5@egg-logrotator/config/config.default.js",
    "start": 1547029356190,
    "end": 1547029356190,
    "duration": 0,
    "pid": 10512,
    "index": 14
  },
  {
    "name": "Require(12) node_modules/.2.1.1@egg-static/config/config.default.js",
    "start": 1547029356190,
    "end": 1547029356191,
    "duration": 1,
    "pid": 10512,
    "index": 15
  },
  {
    "name": "Require(13) node_modules/.2.1.1@egg-view/config/config.default.js",
    "start": 1547029356191,
    "end": 1547029356191,
    "duration": 0,
    "pid": 10512,
    "index": 16
  },
  {
    "name": "Require(14) node_modules/.2.14.2@egg/config/config.default.js",
    "start": 1547029356191,
    "end": 1547029356192,
    "duration": 1,
    "pid": 10512,
    "index": 17
  },
  {
    "name": "Require(15) config/config.default.ts",
    "start": 1547029356193,
    "end": 1547029356193,
    "duration": 0,
    "pid": 10512,
    "index": 18
  },
  {
    "name": "Require(16) node_modules/.2.4.2@egg-security/config/config.local.js",
    "start": 1547029356193,
    "end": 1547029356193,
    "duration": 0,
    "pid": 10512,
    "index": 19
  },
  {
    "name": "Require(17) node_modules/.3.1.0@egg-watcher/config/config.local.js",
    "start": 1547029356194,
    "end": 1547029356194,
    "duration": 0,
    "pid": 10512,
    "index": 20
  },
  {
    "name": "Require(18) node_modules/.2.1.1@egg-view/config/config.local.js",
    "start": 1547029356195,
    "end": 1547029356195,
    "duration": 0,
    "pid": 10512,
    "index": 21
  },
  {
    "name": "Require(19) node_modules/.2.14.2@egg/config/config.local.js",
    "start": 1547029356195,
    "end": 1547029356195,
    "duration": 0,
    "pid": 10512,
    "index": 22
  },
  {
    "name": "Require(20) config/config.local.ts",
    "start": 1547029356195,
    "end": 1547029356195,
    "duration": 0,
    "pid": 10512,
    "index": 23
  },
  {
    "name": "Load extend/application.js",
    "start": 1547029356196,
    "end": 1547029356206,
    "duration": 10,
    "pid": 10512,
    "index": 24
  },
  {
    "name": "Require(21) node_modules/.3.1.0@egg-session/app/extend/application.js",
    "start": 1547029356197,
    "end": 1547029356197,
    "duration": 0,
    "pid": 10512,
    "index": 25
  },
  {
    "name": "Require(22) node_modules/.2.4.2@egg-security/app/extend/application.js",
    "start": 1547029356197,
    "end": 1547029356198,
    "duration": 1,
    "pid": 10512,
    "index": 26
  },
  {
    "name": "Require(23) node_modules/.2.0.0@egg-jsonp/app/extend/application.js",
    "start": 1547029356198,
    "end": 1547029356199,
    "duration": 1,
    "pid": 10512,
    "index": 27
  },
  {
    "name": "Require(24) node_modules/.3.0.5@egg-logrotator/app/extend/application.js",
    "start": 1547029356200,
    "end": 1547029356202,
    "duration": 2,
    "pid": 10512,
    "index": 28
  },
  {
    "name": "Require(25) node_modules/.2.1.1@egg-view/app/extend/application.js",
    "start": 1547029356202,
    "end": 1547029356203,
    "duration": 1,
    "pid": 10512,
    "index": 29
  },
  {
    "name": "Load extend/request.js",
    "start": 1547029356206,
    "end": 1547029356210,
    "duration": 4,
    "pid": 10512,
    "index": 30
  },
  {
    "name": "Require(26) node_modules/.2.14.2@egg/app/extend/request.js",
    "start": 1547029356207,
    "end": 1547029356208,
    "duration": 1,
    "pid": 10512,
    "index": 31
  },
  {
    "name": "Load extend/response.js",
    "start": 1547029356210,
    "end": 1547029356215,
    "duration": 5,
    "pid": 10512,
    "index": 32
  },
  {
    "name": "Require(27) node_modules/.2.14.2@egg/app/extend/response.js",
    "start": 1547029356212,
    "end": 1547029356213,
    "duration": 1,
    "pid": 10512,
    "index": 33
  },
  {
    "name": "Load extend/context.js",
    "start": 1547029356215,
    "end": 1547029356270,
    "duration": 55,
    "pid": 10512,
    "index": 34
  },
  {
    "name": "Require(28) node_modules/.2.4.2@egg-security/app/extend/context.js",
    "start": 1547029356215,
    "end": 1547029356227,
    "duration": 12,
    "pid": 10512,
    "index": 35
  },
  {
    "name": "Require(29) node_modules/.2.0.0@egg-jsonp/app/extend/context.js",
    "start": 1547029356227,
    "end": 1547029356228,
    "duration": 1,
    "pid": 10512,
    "index": 36
  },
  {
    "name": "Require(30) node_modules/.2.0.0@egg-i18n/app/extend/context.js",
    "start": 1547029356229,
    "end": 1547029356229,
    "duration": 0,
    "pid": 10512,
    "index": 37
  },
  {
    "name": "Require(31) node_modules/.2.4.0@egg-multipart/app/extend/context.js",
    "start": 1547029356229,
    "end": 1547029356266,
    "duration": 37,
    "pid": 10512,
    "index": 38
  },
  {
    "name": "Require(32) node_modules/.2.1.1@egg-view/app/extend/context.js",
    "start": 1547029356266,
    "end": 1547029356267,
    "duration": 1,
    "pid": 10512,
    "index": 39
  },
  {
    "name": "Require(33) node_modules/.2.14.2@egg/app/extend/context.js",
    "start": 1547029356267,
    "end": 1547029356268,
    "duration": 1,
    "pid": 10512,
    "index": 40
  },
  {
    "name": "Load extend/helper.js",
    "start": 1547029356270,
    "end": 1547029356283,
    "duration": 13,
    "pid": 10512,
    "index": 41
  },
  {
    "name": "Require(34) node_modules/.2.4.2@egg-security/app/extend/helper.js",
    "start": 1547029356270,
    "end": 1547029356280,
    "duration": 10,
    "pid": 10512,
    "index": 42
  },
  {
    "name": "Require(35) node_modules/.2.14.2@egg/app/extend/helper.js",
    "start": 1547029356281,
    "end": 1547029356282,
    "duration": 1,
    "pid": 10512,
    "index": 43
  },
  {
    "name": "Load app.js",
    "start": 1547029356283,
    "end": 1547029356309,
    "duration": 26,
    "pid": 10512,
    "index": 44
  },
  {
    "name": "Require(36) node_modules/.3.1.0@egg-session/app.js",
    "start": 1547029356284,
    "end": 1547029356284,
    "duration": 0,
    "pid": 10512,
    "index": 45
  },
  {
    "name": "Require(37) node_modules/.2.4.2@egg-security/app.js",
    "start": 1547029356284,
    "end": 1547029356285,
    "duration": 1,
    "pid": 10512,
    "index": 46
  },
  {
    "name": "Require(38) node_modules/.2.1.0@egg-onerror/app.js",
    "start": 1547029356286,
    "end": 1547029356295,
    "duration": 9,
    "pid": 10512,
    "index": 47
  },
  {
    "name": "Require(39) node_modules/.2.0.0@egg-i18n/app.js",
    "start": 1547029356295,
    "end": 1547029356300,
    "duration": 5,
    "pid": 10512,
    "index": 48
  },
  {
    "name": "Require(40) node_modules/.3.1.0@egg-watcher/app.js",
    "start": 1547029356300,
    "end": 1547029356303,
    "duration": 3,
    "pid": 10512,
    "index": 49
  },
  {
    "name": "Require(41) node_modules/.3.6.0@egg-schedule/app.js",
    "start": 1547029356303,
    "end": 1547029356304,
    "duration": 1,
    "pid": 10512,
    "index": 50
  },
  {
    "name": "Require(42) node_modules/.2.4.0@egg-multipart/app.js",
    "start": 1547029356305,
    "end": 1547029356307,
    "duration": 2,
    "pid": 10512,
    "index": 51
  },
  {
    "name": "Require(43) node_modules/.2.4.1@egg-development/app.js",
    "start": 1547029356307,
    "end": 1547029356307,
    "duration": 0,
    "pid": 10512,
    "index": 52
  },
  {
    "name": "Require(44) node_modules/.3.0.5@egg-logrotator/app.js",
    "start": 1547029356307,
    "end": 1547029356308,
    "duration": 1,
    "pid": 10512,
    "index": 53
  },
  {
    "name": "Require(45) node_modules/.2.1.1@egg-static/app.js",
    "start": 1547029356308,
    "end": 1547029356308,
    "duration": 0,
    "pid": 10512,
    "index": 54
  },
  {
    "name": "Before Start in node_modules/.3.1.0@egg-watcher/lib/init.js:15:14",
    "start": 1547029356318,
    "end": 1547029358023,
    "duration": 1705,
    "pid": 10512,
    "index": 55
  },
  {
    "name": "Load Service",
    "start": 1547029356349,
    "end": 1547029356353,
    "duration": 4,
    "pid": 10512,
    "index": 56
  },
  {
    "name": "Load \"service\" to Context",
    "start": 1547029356349,
    "end": 1547029356353,
    "duration": 4,
    "pid": 10512,
    "index": 57
  },
  {
    "name": "Load Middleware",
    "start": 1547029356353,
    "end": 1547029356426,
    "duration": 73,
    "pid": 10512,
    "index": 58
  },
  {
    "name": "Load \"middlewares\" to Application",
    "start": 1547029356353,
    "end": 1547029356416,
    "duration": 63,
    "pid": 10512,
    "index": 59
  },
  {
    "name": "Load Controller",
    "start": 1547029356426,
    "end": 1547029357933,
    "duration": 1507,
    "pid": 10512,
    "index": 60
  },
  {
    "name": "Load \"controller\" to Application",
    "start": 1547029356426,
    "end": 1547029357933,
    "duration": 1507,
    "pid": 10512,
    "index": 61
  },
  {
    "name": "Load Router",
    "start": 1547029357933,
    "end": 1547029357935,
    "duration": 2,
    "pid": 10512,
    "index": 62
  },
  {
    "name": "Require(46) app/router.ts",
    "start": 1547029357933,
    "end": 1547029357933,
    "duration": 0,
    "pid": 10512,
    "index": 63
  },
  {
    "name": "Before Start in node_modules/.4.13.0@egg-core/lib/egg.js:287:10",
    "start": 1547029357934,
    "end": 1547029357945,
    "duration": 11,
    "pid": 10512,
    "index": 64
  }
]