[
  {
    "name": "Application Start",
    "start": 1547025682533,
    "end": 1547025682804,
    "duration": 271,
    "pid": 20600,
    "index": 0
  },
  {
    "name": "Load Plugin",
    "start": 1547025682536,
    "end": 1547025682548,
    "duration": 12,
    "pid": 20600,
    "index": 1
  },
  {
    "name": "Load Config",
    "start": 1547025682549,
    "end": 1547025682561,
    "duration": 12,
    "pid": 20600,
    "index": 2
  },
  {
    "name": "Require(0) config/config.default.ts",
    "start": 1547025682549,
    "end": 1547025682549,
    "duration": 0,
    "pid": 20600,
    "index": 3
  },
  {
    "name": "Require(1) config/config.local.ts",
    "start": 1547025682550,
    "end": 1547025682550,
    "duration": 0,
    "pid": 20600,
    "index": 4
  },
  {
    "name": "Require(2) node_modules/.3.1.0@egg-session/config/config.default.js",
    "start": 1547025682551,
    "end": 1547025682551,
    "duration": 0,
    "pid": 20600,
    "index": 5
  },
  {
    "name": "Require(3) node_modules/.2.4.2@egg-security/config/config.default.js",
    "start": 1547025682551,
    "end": 1547025682551,
    "duration": 0,
    "pid": 20600,
    "index": 6
  },
  {
    "name": "Require(4) node_modules/.2.0.0@egg-jsonp/config/config.default.js",
    "start": 1547025682552,
    "end": 1547025682552,
    "duration": 0,
    "pid": 20600,
    "index": 7
  },
  {
    "name": "Require(5) node_modules/.2.1.0@egg-onerror/config/config.default.js",
    "start": 1547025682552,
    "end": 1547025682552,
    "duration": 0,
    "pid": 20600,
    "index": 8
  },
  {
    "name": "Require(6) node_modules/.2.0.0@egg-i18n/config/config.default.js",
    "start": 1547025682553,
    "end": 1547025682553,
    "duration": 0,
    "pid": 20600,
    "index": 9
  },
  {
    "name": "Require(7) node_modules/.3.1.0@egg-watcher/config/config.default.js",
    "start": 1547025682554,
    "end": 1547025682554,
    "duration": 0,
    "pid": 20600,
    "index": 10
  },
  {
    "name": "Require(8) node_modules/.3.6.0@egg-schedule/config/config.default.js",
    "start": 1547025682554,
    "end": 1547025682554,
    "duration": 0,
    "pid": 20600,
    "index": 11
  },
  {
    "name": "Require(9) node_modules/.2.4.0@egg-multipart/config/config.default.js",
    "start": 1547025682555,
    "end": 1547025682555,
    "duration": 0,
    "pid": 20600,
    "index": 12
  },
  {
    "name": "Require(10) node_modules/.2.4.1@egg-development/config/config.default.js",
    "start": 1547025682555,
    "end": 1547025682555,
    "duration": 0,
    "pid": 20600,
    "index": 13
  },
  {
    "name": "Require(11) node_modules/.3.0.5@egg-logrotator/config/config.default.js",
    "start": 1547025682556,
    "end": 1547025682556,
    "duration": 0,
    "pid": 20600,
    "index": 14
  },
  {
    "name": "Require(12) node_modules/.2.1.1@egg-static/config/config.default.js",
    "start": 1547025682556,
    "end": 1547025682556,
    "duration": 0,
    "pid": 20600,
    "index": 15
  },
  {
    "name": "Require(13) node_modules/.2.1.1@egg-view/config/config.default.js",
    "start": 1547025682557,
    "end": 1547025682557,
    "duration": 0,
    "pid": 20600,
    "index": 16
  },
  {
    "name": "Require(14) node_modules/.2.14.2@egg/config/config.default.js",
    "start": 1547025682557,
    "end": 1547025682557,
    "duration": 0,
    "pid": 20600,
    "index": 17
  },
  {
    "name": "Require(15) config/config.default.ts",
    "start": 1547025682558,
    "end": 1547025682558,
    "duration": 0,
    "pid": 20600,
    "index": 18
  },
  {
    "name": "Require(16) node_modules/.2.4.2@egg-security/config/config.local.js",
    "start": 1547025682559,
    "end": 1547025682559,
    "duration": 0,
    "pid": 20600,
    "index": 19
  },
  {
    "name": "Require(17) node_modules/.3.1.0@egg-watcher/config/config.local.js",
    "start": 1547025682559,
    "end": 1547025682560,
    "duration": 1,
    "pid": 20600,
    "index": 20
  },
  {
    "name": "Require(18) node_modules/.2.1.1@egg-view/config/config.local.js",
    "start": 1547025682560,
    "end": 1547025682560,
    "duration": 0,
    "pid": 20600,
    "index": 21
  },
  {
    "name": "Require(19) node_modules/.2.14.2@egg/config/config.local.js",
    "start": 1547025682561,
    "end": 1547025682561,
    "duration": 0,
    "pid": 20600,
    "index": 22
  },
  {
    "name": "Require(20) config/config.local.ts",
    "start": 1547025682561,
    "end": 1547025682561,
    "duration": 0,
    "pid": 20600,
    "index": 23
  },
  {
    "name": "Load extend/application.js",
    "start": 1547025682562,
    "end": 1547025682571,
    "duration": 9,
    "pid": 20600,
    "index": 24
  },
  {
    "name": "Require(21) node_modules/.3.1.0@egg-session/app/extend/application.js",
    "start": 1547025682562,
    "end": 1547025682563,
    "duration": 1,
    "pid": 20600,
    "index": 25
  },
  {
    "name": "Require(22) node_modules/.2.4.2@egg-security/app/extend/application.js",
    "start": 1547025682563,
    "end": 1547025682563,
    "duration": 0,
    "pid": 20600,
    "index": 26
  },
  {
    "name": "Require(23) node_modules/.2.0.0@egg-jsonp/app/extend/application.js",
    "start": 1547025682564,
    "end": 1547025682565,
    "duration": 1,
    "pid": 20600,
    "index": 27
  },
  {
    "name": "Require(24) node_modules/.3.0.5@egg-logrotator/app/extend/application.js",
    "start": 1547025682566,
    "end": 1547025682567,
    "duration": 1,
    "pid": 20600,
    "index": 28
  },
  {
    "name": "Require(25) node_modules/.2.1.1@egg-view/app/extend/application.js",
    "start": 1547025682568,
    "end": 1547025682569,
    "duration": 1,
    "pid": 20600,
    "index": 29
  },
  {
    "name": "Load extend/request.js",
    "start": 1547025682571,
    "end": 1547025682575,
    "duration": 4,
    "pid": 20600,
    "index": 30
  },
  {
    "name": "Require(26) node_modules/.2.14.2@egg/app/extend/request.js",
    "start": 1547025682572,
    "end": 1547025682573,
    "duration": 1,
    "pid": 20600,
    "index": 31
  },
  {
    "name": "Load extend/response.js",
    "start": 1547025682575,
    "end": 1547025682580,
    "duration": 5,
    "pid": 20600,
    "index": 32
  },
  {
    "name": "Require(27) node_modules/.2.14.2@egg/app/extend/response.js",
    "start": 1547025682577,
    "end": 1547025682578,
    "duration": 1,
    "pid": 20600,
    "index": 33
  },
  {
    "name": "Load extend/context.js",
    "start": 1547025682580,
    "end": 1547025682632,
    "duration": 52,
    "pid": 20600,
    "index": 34
  },
  {
    "name": "Require(28) node_modules/.2.4.2@egg-security/app/extend/context.js",
    "start": 1547025682580,
    "end": 1547025682590,
    "duration": 10,
    "pid": 20600,
    "index": 35
  },
  {
    "name": "Require(29) node_modules/.2.0.0@egg-jsonp/app/extend/context.js",
    "start": 1547025682590,
    "end": 1547025682591,
    "duration": 1,
    "pid": 20600,
    "index": 36
  },
  {
    "name": "Require(30) node_modules/.2.0.0@egg-i18n/app/extend/context.js",
    "start": 1547025682592,
    "end": 1547025682592,
    "duration": 0,
    "pid": 20600,
    "index": 37
  },
  {
    "name": "Require(31) node_modules/.2.4.0@egg-multipart/app/extend/context.js",
    "start": 1547025682592,
    "end": 1547025682627,
    "duration": 35,
    "pid": 20600,
    "index": 38
  },
  {
    "name": "Require(32) node_modules/.2.1.1@egg-view/app/extend/context.js",
    "start": 1547025682628,
    "end": 1547025682629,
    "duration": 1,
    "pid": 20600,
    "index": 39
  },
  {
    "name": "Require(33) node_modules/.2.14.2@egg/app/extend/context.js",
    "start": 1547025682629,
    "end": 1547025682630,
    "duration": 1,
    "pid": 20600,
    "index": 40
  },
  {
    "name": "Load extend/helper.js",
    "start": 1547025682632,
    "end": 1547025682645,
    "duration": 13,
    "pid": 20600,
    "index": 41
  },
  {
    "name": "Require(34) node_modules/.2.4.2@egg-security/app/extend/helper.js",
    "start": 1547025682632,
    "end": 1547025682642,
    "duration": 10,
    "pid": 20600,
    "index": 42
  },
  {
    "name": "Require(35) node_modules/.2.14.2@egg/app/extend/helper.js",
    "start": 1547025682644,
    "end": 1547025682644,
    "duration": 0,
    "pid": 20600,
    "index": 43
  },
  {
    "name": "Load app.js",
    "start": 1547025682645,
    "end": 1547025682671,
    "duration": 26,
    "pid": 20600,
    "index": 44
  },
  {
    "name": "Require(36) node_modules/.3.1.0@egg-session/app.js",
    "start": 1547025682646,
    "end": 1547025682646,
    "duration": 0,
    "pid": 20600,
    "index": 45
  },
  {
    "name": "Require(37) node_modules/.2.4.2@egg-security/app.js",
    "start": 1547025682647,
    "end": 1547025682648,
    "duration": 1,
    "pid": 20600,
    "index": 46
  },
  {
    "name": "Require(38) node_modules/.2.1.0@egg-onerror/app.js",
    "start": 1547025682649,
    "end": 1547025682657,
    "duration": 8,
    "pid": 20600,
    "index": 47
  },
  {
    "name": "Require(39) node_modules/.2.0.0@egg-i18n/app.js",
    "start": 1547025682657,
    "end": 1547025682662,
    "duration": 5,
    "pid": 20600,
    "index": 48
  },
  {
    "name": "Require(40) node_modules/.3.1.0@egg-watcher/app.js",
    "start": 1547025682662,
    "end": 1547025682665,
    "duration": 3,
    "pid": 20600,
    "index": 49
  },
  {
    "name": "Require(41) node_modules/.3.6.0@egg-schedule/app.js",
    "start": 1547025682665,
    "end": 1547025682667,
    "duration": 2,
    "pid": 20600,
    "index": 50
  },
  {
    "name": "Require(42) node_modules/.2.4.0@egg-multipart/app.js",
    "start": 1547025682667,
    "end": 1547025682669,
    "duration": 2,
    "pid": 20600,
    "index": 51
  },
  {
    "name": "Require(43) node_modules/.2.4.1@egg-development/app.js",
    "start": 1547025682669,
    "end": 1547025682670,
    "duration": 1,
    "pid": 20600,
    "index": 52
  },
  {
    "name": "Require(44) node_modules/.3.0.5@egg-logrotator/app.js",
    "start": 1547025682670,
    "end": 1547025682670,
    "duration": 0,
    "pid": 20600,
    "index": 53
  },
  {
    "name": "Require(45) node_modules/.2.1.1@egg-static/app.js",
    "start": 1547025682670,
    "end": 1547025682670,
    "duration": 0,
    "pid": 20600,
    "index": 54
  },
  {
    "name": "Before Start in node_modules/.3.1.0@egg-watcher/lib/init.js:15:14",
    "start": 1547025682679,
    "end": 1547025682804,
    "duration": 125,
    "pid": 20600,
    "index": 55
  },
  {
    "name": "Load Service",
    "start": 1547025682711,
    "end": 1547025682715,
    "duration": 4,
    "pid": 20600,
    "index": 56
  },
  {
    "name": "Load \"service\" to Context",
    "start": 1547025682711,
    "end": 1547025682715,
    "duration": 4,
    "pid": 20600,
    "index": 57
  },
  {
    "name": "Load Middleware",
    "start": 1547025682715,
    "end": 1547025682785,
    "duration": 70,
    "pid": 20600,
    "index": 58
  },
  {
    "name": "Load \"middlewares\" to Application",
    "start": 1547025682715,
    "end": 1547025682777,
    "duration": 62,
    "pid": 20600,
    "index": 59
  },
  {
    "name": "Load Controller",
    "start": 1547025682785,
    "end": 1547025682787,
    "duration": 2,
    "pid": 20600,
    "index": 60
  },
  {
    "name": "Load \"controller\" to Application",
    "start": 1547025682785,
    "end": 1547025682787,
    "duration": 2,
    "pid": 20600,
    "index": 61
  },
  {
    "name": "Load Router",
    "start": 1547025682787,
    "end": 1547025682789,
    "duration": 2,
    "pid": 20600,
    "index": 62
  },
  {
    "name": "Require(46) app/router.ts",
    "start": 1547025682787,
    "end": 1547025682787,
    "duration": 0,
    "pid": 20600,
    "index": 63
  },
  {
    "name": "Before Start in node_modules/.4.13.0@egg-core/lib/egg.js:287:10",
    "start": 1547025682788,
    "end": 1547025682796,
    "duration": 8,
    "pid": 20600,
    "index": 64
  }
]