[
  {
    "name": "Application Start",
    "start": 1547028940508,
    "end": 1547028942329,
    "duration": 1821,
    "pid": 11816,
    "index": 0
  },
  {
    "name": "Load Plugin",
    "start": 1547028940512,
    "end": 1547028940526,
    "duration": 14,
    "pid": 11816,
    "index": 1
  },
  {
    "name": "Load Config",
    "start": 1547028940526,
    "end": 1547028940539,
    "duration": 13,
    "pid": 11816,
    "index": 2
  },
  {
    "name": "Require(0) config/config.default.ts",
    "start": 1547028940527,
    "end": 1547028940527,
    "duration": 0,
    "pid": 11816,
    "index": 3
  },
  {
    "name": "Require(1) config/config.local.ts",
    "start": 1547028940528,
    "end": 1547028940528,
    "duration": 0,
    "pid": 11816,
    "index": 4
  },
  {
    "name": "Require(2) node_modules/.3.1.0@egg-session/config/config.default.js",
    "start": 1547028940529,
    "end": 1547028940529,
    "duration": 0,
    "pid": 11816,
    "index": 5
  },
  {
    "name": "Require(3) node_modules/.2.4.2@egg-security/config/config.default.js",
    "start": 1547028940529,
    "end": 1547028940530,
    "duration": 1,
    "pid": 11816,
    "index": 6
  },
  {
    "name": "Require(4) node_modules/.2.0.0@egg-jsonp/config/config.default.js",
    "start": 1547028940530,
    "end": 1547028940530,
    "duration": 0,
    "pid": 11816,
    "index": 7
  },
  {
    "name": "Require(5) node_modules/.2.1.0@egg-onerror/config/config.default.js",
    "start": 1547028940531,
    "end": 1547028940531,
    "duration": 0,
    "pid": 11816,
    "index": 8
  },
  {
    "name": "Require(6) node_modules/.2.0.0@egg-i18n/config/config.default.js",
    "start": 1547028940531,
    "end": 1547028940531,
    "duration": 0,
    "pid": 11816,
    "index": 9
  },
  {
    "name": "Require(7) node_modules/.3.1.0@egg-watcher/config/config.default.js",
    "start": 1547028940532,
    "end": 1547028940532,
    "duration": 0,
    "pid": 11816,
    "index": 10
  },
  {
    "name": "Require(8) node_modules/.3.6.0@egg-schedule/config/config.default.js",
    "start": 1547028940532,
    "end": 1547028940532,
    "duration": 0,
    "pid": 11816,
    "index": 11
  },
  {
    "name": "Require(9) node_modules/.2.4.0@egg-multipart/config/config.default.js",
    "start": 1547028940533,
    "end": 1547028940533,
    "duration": 0,
    "pid": 11816,
    "index": 12
  },
  {
    "name": "Require(10) node_modules/.2.4.1@egg-development/config/config.default.js",
    "start": 1547028940533,
    "end": 1547028940533,
    "duration": 0,
    "pid": 11816,
    "index": 13
  },
  {
    "name": "Require(11) node_modules/.3.0.5@egg-logrotator/config/config.default.js",
    "start": 1547028940534,
    "end": 1547028940534,
    "duration": 0,
    "pid": 11816,
    "index": 14
  },
  {
    "name": "Require(12) node_modules/.2.1.1@egg-static/config/config.default.js",
    "start": 1547028940534,
    "end": 1547028940534,
    "duration": 0,
    "pid": 11816,
    "index": 15
  },
  {
    "name": "Require(13) node_modules/.2.1.1@egg-view/config/config.default.js",
    "start": 1547028940535,
    "end": 1547028940535,
    "duration": 0,
    "pid": 11816,
    "index": 16
  },
  {
    "name": "Require(14) node_modules/.2.14.2@egg/config/config.default.js",
    "start": 1547028940535,
    "end": 1547028940535,
    "duration": 0,
    "pid": 11816,
    "index": 17
  },
  {
    "name": "Require(15) config/config.default.ts",
    "start": 1547028940536,
    "end": 1547028940536,
    "duration": 0,
    "pid": 11816,
    "index": 18
  },
  {
    "name": "Require(16) node_modules/.2.4.2@egg-security/config/config.local.js",
    "start": 1547028940537,
    "end": 1547028940537,
    "duration": 0,
    "pid": 11816,
    "index": 19
  },
  {
    "name": "Require(17) node_modules/.3.1.0@egg-watcher/config/config.local.js",
    "start": 1547028940537,
    "end": 1547028940538,
    "duration": 1,
    "pid": 11816,
    "index": 20
  },
  {
    "name": "Require(18) node_modules/.2.1.1@egg-view/config/config.local.js",
    "start": 1547028940538,
    "end": 1547028940539,
    "duration": 1,
    "pid": 11816,
    "index": 21
  },
  {
    "name": "Require(19) node_modules/.2.14.2@egg/config/config.local.js",
    "start": 1547028940539,
    "end": 1547028940539,
    "duration": 0,
    "pid": 11816,
    "index": 22
  },
  {
    "name": "Require(20) config/config.local.ts",
    "start": 1547028940539,
    "end": 1547028940539,
    "duration": 0,
    "pid": 11816,
    "index": 23
  },
  {
    "name": "Load extend/application.js",
    "start": 1547028940540,
    "end": 1547028940549,
    "duration": 9,
    "pid": 11816,
    "index": 24
  },
  {
    "name": "Require(21) node_modules/.3.1.0@egg-session/app/extend/application.js",
    "start": 1547028940541,
    "end": 1547028940541,
    "duration": 0,
    "pid": 11816,
    "index": 25
  },
  {
    "name": "Require(22) node_modules/.2.4.2@egg-security/app/extend/application.js",
    "start": 1547028940541,
    "end": 1547028940542,
    "duration": 1,
    "pid": 11816,
    "index": 26
  },
  {
    "name": "Require(23) node_modules/.2.0.0@egg-jsonp/app/extend/application.js",
    "start": 1547028940542,
    "end": 1547028940543,
    "duration": 1,
    "pid": 11816,
    "index": 27
  },
  {
    "name": "Require(24) node_modules/.3.0.5@egg-logrotator/app/extend/application.js",
    "start": 1547028940544,
    "end": 1547028940546,
    "duration": 2,
    "pid": 11816,
    "index": 28
  },
  {
    "name": "Require(25) node_modules/.2.1.1@egg-view/app/extend/application.js",
    "start": 1547028940546,
    "end": 1547028940547,
    "duration": 1,
    "pid": 11816,
    "index": 29
  },
  {
    "name": "Load extend/request.js",
    "start": 1547028940549,
    "end": 1547028940554,
    "duration": 5,
    "pid": 11816,
    "index": 30
  },
  {
    "name": "Require(26) node_modules/.2.14.2@egg/app/extend/request.js",
    "start": 1547028940551,
    "end": 1547028940552,
    "duration": 1,
    "pid": 11816,
    "index": 31
  },
  {
    "name": "Load extend/response.js",
    "start": 1547028940554,
    "end": 1547028940559,
    "duration": 5,
    "pid": 11816,
    "index": 32
  },
  {
    "name": "Require(27) node_modules/.2.14.2@egg/app/extend/response.js",
    "start": 1547028940555,
    "end": 1547028940557,
    "duration": 2,
    "pid": 11816,
    "index": 33
  },
  {
    "name": "Load extend/context.js",
    "start": 1547028940559,
    "end": 1547028940615,
    "duration": 56,
    "pid": 11816,
    "index": 34
  },
  {
    "name": "Require(28) node_modules/.2.4.2@egg-security/app/extend/context.js",
    "start": 1547028940559,
    "end": 1547028940569,
    "duration": 10,
    "pid": 11816,
    "index": 35
  },
  {
    "name": "Require(29) node_modules/.2.0.0@egg-jsonp/app/extend/context.js",
    "start": 1547028940569,
    "end": 1547028940570,
    "duration": 1,
    "pid": 11816,
    "index": 36
  },
  {
    "name": "Require(30) node_modules/.2.0.0@egg-i18n/app/extend/context.js",
    "start": 1547028940570,
    "end": 1547028940570,
    "duration": 0,
    "pid": 11816,
    "index": 37
  },
  {
    "name": "Require(31) node_modules/.2.4.0@egg-multipart/app/extend/context.js",
    "start": 1547028940571,
    "end": 1547028940609,
    "duration": 38,
    "pid": 11816,
    "index": 38
  },
  {
    "name": "Require(32) node_modules/.2.1.1@egg-view/app/extend/context.js",
    "start": 1547028940610,
    "end": 1547028940612,
    "duration": 2,
    "pid": 11816,
    "index": 39
  },
  {
    "name": "Require(33) node_modules/.2.14.2@egg/app/extend/context.js",
    "start": 1547028940612,
    "end": 1547028940613,
    "duration": 1,
    "pid": 11816,
    "index": 40
  },
  {
    "name": "Load extend/helper.js",
    "start": 1547028940615,
    "end": 1547028940630,
    "duration": 15,
    "pid": 11816,
    "index": 41
  },
  {
    "name": "Require(34) node_modules/.2.4.2@egg-security/app/extend/helper.js",
    "start": 1547028940616,
    "end": 1547028940627,
    "duration": 11,
    "pid": 11816,
    "index": 42
  },
  {
    "name": "Require(35) node_modules/.2.14.2@egg/app/extend/helper.js",
    "start": 1547028940629,
    "end": 1547028940629,
    "duration": 0,
    "pid": 11816,
    "index": 43
  },
  {
    "name": "Load app.js",
    "start": 1547028940630,
    "end": 1547028940656,
    "duration": 26,
    "pid": 11816,
    "index": 44
  },
  {
    "name": "Require(36) node_modules/.3.1.0@egg-session/app.js",
    "start": 1547028940631,
    "end": 1547028940631,
    "duration": 0,
    "pid": 11816,
    "index": 45
  },
  {
    "name": "Require(37) node_modules/.2.4.2@egg-security/app.js",
    "start": 1547028940631,
    "end": 1547028940632,
    "duration": 1,
    "pid": 11816,
    "index": 46
  },
  {
    "name": "Require(38) node_modules/.2.1.0@egg-onerror/app.js",
    "start": 1547028940633,
    "end": 1547028940641,
    "duration": 8,
    "pid": 11816,
    "index": 47
  },
  {
    "name": "Require(39) node_modules/.2.0.0@egg-i18n/app.js",
    "start": 1547028940642,
    "end": 1547028940647,
    "duration": 5,
    "pid": 11816,
    "index": 48
  },
  {
    "name": "Require(40) node_modules/.3.1.0@egg-watcher/app.js",
    "start": 1547028940647,
    "end": 1547028940649,
    "duration": 2,
    "pid": 11816,
    "index": 49
  },
  {
    "name": "Require(41) node_modules/.3.6.0@egg-schedule/app.js",
    "start": 1547028940650,
    "end": 1547028940651,
    "duration": 1,
    "pid": 11816,
    "index": 50
  },
  {
    "name": "Require(42) node_modules/.2.4.0@egg-multipart/app.js",
    "start": 1547028940651,
    "end": 1547028940653,
    "duration": 2,
    "pid": 11816,
    "index": 51
  },
  {
    "name": "Require(43) node_modules/.2.4.1@egg-development/app.js",
    "start": 1547028940654,
    "end": 1547028940654,
    "duration": 0,
    "pid": 11816,
    "index": 52
  },
  {
    "name": "Require(44) node_modules/.3.0.5@egg-logrotator/app.js",
    "start": 1547028940654,
    "end": 1547028940654,
    "duration": 0,
    "pid": 11816,
    "index": 53
  },
  {
    "name": "Require(45) node_modules/.2.1.1@egg-static/app.js",
    "start": 1547028940655,
    "end": 1547028940655,
    "duration": 0,
    "pid": 11816,
    "index": 54
  },
  {
    "name": "Before Start in node_modules/.3.1.0@egg-watcher/lib/init.js:15:14",
    "start": 1547028940665,
    "end": 1547028942328,
    "duration": 1663,
    "pid": 11816,
    "index": 55
  },
  {
    "name": "Load Service",
    "start": 1547028940698,
    "end": 1547028940702,
    "duration": 4,
    "pid": 11816,
    "index": 56
  },
  {
    "name": "Load \"service\" to Context",
    "start": 1547028940698,
    "end": 1547028940702,
    "duration": 4,
    "pid": 11816,
    "index": 57
  },
  {
    "name": "Load Middleware",
    "start": 1547028940702,
    "end": 1547028940776,
    "duration": 74,
    "pid": 11816,
    "index": 58
  },
  {
    "name": "Load \"middlewares\" to Application",
    "start": 1547028940702,
    "end": 1547028940768,
    "duration": 66,
    "pid": 11816,
    "index": 59
  },
  {
    "name": "Load Controller",
    "start": 1547028940776,
    "end": 1547028942241,
    "duration": 1465,
    "pid": 11816,
    "index": 60
  },
  {
    "name": "Load \"controller\" to Application",
    "start": 1547028940776,
    "end": 1547028942241,
    "duration": 1465,
    "pid": 11816,
    "index": 61
  },
  {
    "name": "Load Router",
    "start": 1547028942241,
    "end": 1547028942243,
    "duration": 2,
    "pid": 11816,
    "index": 62
  },
  {
    "name": "Require(46) app/router.ts",
    "start": 1547028942241,
    "end": 1547028942241,
    "duration": 0,
    "pid": 11816,
    "index": 63
  },
  {
    "name": "Before Start in node_modules/.4.13.0@egg-core/lib/egg.js:287:10",
    "start": 1547028942242,
    "end": 1547028942251,
    "duration": 9,
    "pid": 11816,
    "index": 64
  }
]