[
  {
    "name": "Application Start",
    "start": 1547025130752,
    "end": 1547025131273,
    "duration": 521,
    "pid": 2416,
    "index": 0
  },
  {
    "name": "Load Plugin",
    "start": 1547025130756,
    "end": 1547025130780,
    "duration": 24,
    "pid": 2416,
    "index": 1
  },
  {
    "name": "Load Config",
    "start": 1547025130780,
    "end": 1547025130802,
    "duration": 22,
    "pid": 2416,
    "index": 2
  },
  {
    "name": "Require(0) config/config.default.ts",
    "start": 1547025130782,
    "end": 1547025130782,
    "duration": 0,
    "pid": 2416,
    "index": 3
  },
  {
    "name": "Require(1) config/config.local.ts",
    "start": 1547025130784,
    "end": 1547025130784,
    "duration": 0,
    "pid": 2416,
    "index": 4
  },
  {
    "name": "Require(2) node_modules/.3.1.0@egg-session/config/config.default.js",
    "start": 1547025130785,
    "end": 1547025130785,
    "duration": 0,
    "pid": 2416,
    "index": 5
  },
  {
    "name": "Require(3) node_modules/.2.4.2@egg-security/config/config.default.js",
    "start": 1547025130786,
    "end": 1547025130786,
    "duration": 0,
    "pid": 2416,
    "index": 6
  },
  {
    "name": "Require(4) node_modules/.2.0.0@egg-jsonp/config/config.default.js",
    "start": 1547025130788,
    "end": 1547025130789,
    "duration": 1,
    "pid": 2416,
    "index": 7
  },
  {
    "name": "Require(5) node_modules/.2.1.0@egg-onerror/config/config.default.js",
    "start": 1547025130789,
    "end": 1547025130789,
    "duration": 0,
    "pid": 2416,
    "index": 8
  },
  {
    "name": "Require(6) node_modules/.2.0.0@egg-i18n/config/config.default.js",
    "start": 1547025130790,
    "end": 1547025130792,
    "duration": 2,
    "pid": 2416,
    "index": 9
  },
  {
    "name": "Require(7) node_modules/.3.1.0@egg-watcher/config/config.default.js",
    "start": 1547025130792,
    "end": 1547025130793,
    "duration": 1,
    "pid": 2416,
    "index": 10
  },
  {
    "name": "Require(8) node_modules/.3.6.0@egg-schedule/config/config.default.js",
    "start": 1547025130793,
    "end": 1547025130794,
    "duration": 1,
    "pid": 2416,
    "index": 11
  },
  {
    "name": "Require(9) node_modules/.2.4.0@egg-multipart/config/config.default.js",
    "start": 1547025130794,
    "end": 1547025130795,
    "duration": 1,
    "pid": 2416,
    "index": 12
  },
  {
    "name": "Require(10) node_modules/.2.4.1@egg-development/config/config.default.js",
    "start": 1547025130795,
    "end": 1547025130795,
    "duration": 0,
    "pid": 2416,
    "index": 13
  },
  {
    "name": "Require(11) node_modules/.3.0.5@egg-logrotator/config/config.default.js",
    "start": 1547025130796,
    "end": 1547025130796,
    "duration": 0,
    "pid": 2416,
    "index": 14
  },
  {
    "name": "Require(12) node_modules/.2.1.1@egg-static/config/config.default.js",
    "start": 1547025130796,
    "end": 1547025130796,
    "duration": 0,
    "pid": 2416,
    "index": 15
  },
  {
    "name": "Require(13) node_modules/.2.1.1@egg-view/config/config.default.js",
    "start": 1547025130797,
    "end": 1547025130797,
    "duration": 0,
    "pid": 2416,
    "index": 16
  },
  {
    "name": "Require(14) node_modules/.2.14.2@egg/config/config.default.js",
    "start": 1547025130798,
    "end": 1547025130798,
    "duration": 0,
    "pid": 2416,
    "index": 17
  },
  {
    "name": "Require(15) config/config.default.ts",
    "start": 1547025130800,
    "end": 1547025130800,
    "duration": 0,
    "pid": 2416,
    "index": 18
  },
  {
    "name": "Require(16) node_modules/.2.4.2@egg-security/config/config.local.js",
    "start": 1547025130800,
    "end": 1547025130800,
    "duration": 0,
    "pid": 2416,
    "index": 19
  },
  {
    "name": "Require(17) node_modules/.3.1.0@egg-watcher/config/config.local.js",
    "start": 1547025130801,
    "end": 1547025130801,
    "duration": 0,
    "pid": 2416,
    "index": 20
  },
  {
    "name": "Require(18) node_modules/.2.1.1@egg-view/config/config.local.js",
    "start": 1547025130802,
    "end": 1547025130802,
    "duration": 0,
    "pid": 2416,
    "index": 21
  },
  {
    "name": "Require(19) node_modules/.2.14.2@egg/config/config.local.js",
    "start": 1547025130802,
    "end": 1547025130802,
    "duration": 0,
    "pid": 2416,
    "index": 22
  },
  {
    "name": "Require(20) config/config.local.ts",
    "start": 1547025130802,
    "end": 1547025130802,
    "duration": 0,
    "pid": 2416,
    "index": 23
  },
  {
    "name": "Load extend/application.js",
    "start": 1547025130803,
    "end": 1547025130821,
    "duration": 18,
    "pid": 2416,
    "index": 24
  },
  {
    "name": "Require(21) node_modules/.3.1.0@egg-session/app/extend/application.js",
    "start": 1547025130804,
    "end": 1547025130804,
    "duration": 0,
    "pid": 2416,
    "index": 25
  },
  {
    "name": "Require(22) node_modules/.2.4.2@egg-security/app/extend/application.js",
    "start": 1547025130805,
    "end": 1547025130810,
    "duration": 5,
    "pid": 2416,
    "index": 26
  },
  {
    "name": "Require(23) node_modules/.2.0.0@egg-jsonp/app/extend/application.js",
    "start": 1547025130810,
    "end": 1547025130812,
    "duration": 2,
    "pid": 2416,
    "index": 27
  },
  {
    "name": "Require(24) node_modules/.3.0.5@egg-logrotator/app/extend/application.js",
    "start": 1547025130814,
    "end": 1547025130817,
    "duration": 3,
    "pid": 2416,
    "index": 28
  },
  {
    "name": "Require(25) node_modules/.2.1.1@egg-view/app/extend/application.js",
    "start": 1547025130818,
    "end": 1547025130819,
    "duration": 1,
    "pid": 2416,
    "index": 29
  },
  {
    "name": "Load extend/request.js",
    "start": 1547025130821,
    "end": 1547025130826,
    "duration": 5,
    "pid": 2416,
    "index": 30
  },
  {
    "name": "Require(26) node_modules/.2.14.2@egg/app/extend/request.js",
    "start": 1547025130823,
    "end": 1547025130824,
    "duration": 1,
    "pid": 2416,
    "index": 31
  },
  {
    "name": "Load extend/response.js",
    "start": 1547025130826,
    "end": 1547025130830,
    "duration": 4,
    "pid": 2416,
    "index": 32
  },
  {
    "name": "Require(27) node_modules/.2.14.2@egg/app/extend/response.js",
    "start": 1547025130827,
    "end": 1547025130829,
    "duration": 2,
    "pid": 2416,
    "index": 33
  },
  {
    "name": "Load extend/context.js",
    "start": 1547025130830,
    "end": 1547025130942,
    "duration": 112,
    "pid": 2416,
    "index": 34
  },
  {
    "name": "Require(28) node_modules/.2.4.2@egg-security/app/extend/context.js",
    "start": 1547025130831,
    "end": 1547025130855,
    "duration": 24,
    "pid": 2416,
    "index": 35
  },
  {
    "name": "Require(29) node_modules/.2.0.0@egg-jsonp/app/extend/context.js",
    "start": 1547025130857,
    "end": 1547025130858,
    "duration": 1,
    "pid": 2416,
    "index": 36
  },
  {
    "name": "Require(30) node_modules/.2.0.0@egg-i18n/app/extend/context.js",
    "start": 1547025130859,
    "end": 1547025130859,
    "duration": 0,
    "pid": 2416,
    "index": 37
  },
  {
    "name": "Require(31) node_modules/.2.4.0@egg-multipart/app/extend/context.js",
    "start": 1547025130859,
    "end": 1547025130932,
    "duration": 73,
    "pid": 2416,
    "index": 38
  },
  {
    "name": "Require(32) node_modules/.2.1.1@egg-view/app/extend/context.js",
    "start": 1547025130933,
    "end": 1547025130933,
    "duration": 0,
    "pid": 2416,
    "index": 39
  },
  {
    "name": "Require(33) node_modules/.2.14.2@egg/app/extend/context.js",
    "start": 1547025130935,
    "end": 1547025130939,
    "duration": 4,
    "pid": 2416,
    "index": 40
  },
  {
    "name": "Load extend/helper.js",
    "start": 1547025130942,
    "end": 1547025130961,
    "duration": 19,
    "pid": 2416,
    "index": 41
  },
  {
    "name": "Require(34) node_modules/.2.4.2@egg-security/app/extend/helper.js",
    "start": 1547025130943,
    "end": 1547025130958,
    "duration": 15,
    "pid": 2416,
    "index": 42
  },
  {
    "name": "Require(35) node_modules/.2.14.2@egg/app/extend/helper.js",
    "start": 1547025130959,
    "end": 1547025130959,
    "duration": 0,
    "pid": 2416,
    "index": 43
  },
  {
    "name": "Load app.js",
    "start": 1547025130961,
    "end": 1547025130993,
    "duration": 32,
    "pid": 2416,
    "index": 44
  },
  {
    "name": "Require(36) node_modules/.3.1.0@egg-session/app.js",
    "start": 1547025130961,
    "end": 1547025130962,
    "duration": 1,
    "pid": 2416,
    "index": 45
  },
  {
    "name": "Require(37) node_modules/.2.4.2@egg-security/app.js",
    "start": 1547025130962,
    "end": 1547025130963,
    "duration": 1,
    "pid": 2416,
    "index": 46
  },
  {
    "name": "Require(38) node_modules/.2.1.0@egg-onerror/app.js",
    "start": 1547025130963,
    "end": 1547025130972,
    "duration": 9,
    "pid": 2416,
    "index": 47
  },
  {
    "name": "Require(39) node_modules/.2.0.0@egg-i18n/app.js",
    "start": 1547025130972,
    "end": 1547025130979,
    "duration": 7,
    "pid": 2416,
    "index": 48
  },
  {
    "name": "Require(40) node_modules/.3.1.0@egg-watcher/app.js",
    "start": 1547025130979,
    "end": 1547025130984,
    "duration": 5,
    "pid": 2416,
    "index": 49
  },
  {
    "name": "Require(41) node_modules/.3.6.0@egg-schedule/app.js",
    "start": 1547025130984,
    "end": 1547025130986,
    "duration": 2,
    "pid": 2416,
    "index": 50
  },
  {
    "name": "Require(42) node_modules/.2.4.0@egg-multipart/app.js",
    "start": 1547025130986,
    "end": 1547025130990,
    "duration": 4,
    "pid": 2416,
    "index": 51
  },
  {
    "name": "Require(43) node_modules/.2.4.1@egg-development/app.js",
    "start": 1547025130991,
    "end": 1547025130991,
    "duration": 0,
    "pid": 2416,
    "index": 52
  },
  {
    "name": "Require(44) node_modules/.3.0.5@egg-logrotator/app.js",
    "start": 1547025130991,
    "end": 1547025130991,
    "duration": 0,
    "pid": 2416,
    "index": 53
  },
  {
    "name": "Require(45) node_modules/.2.1.1@egg-static/app.js",
    "start": 1547025130992,
    "end": 1547025130992,
    "duration": 0,
    "pid": 2416,
    "index": 54
  },
  {
    "name": "Before Start in node_modules/.3.1.0@egg-watcher/lib/init.js:15:14",
    "start": 1547025131005,
    "end": 1547025131272,
    "duration": 267,
    "pid": 2416,
    "index": 55
  },
  {
    "name": "Load Service",
    "start": 1547025131070,
    "end": 1547025131076,
    "duration": 6,
    "pid": 2416,
    "index": 56
  },
  {
    "name": "Load \"service\" to Context",
    "start": 1547025131070,
    "end": 1547025131076,
    "duration": 6,
    "pid": 2416,
    "index": 57
  },
  {
    "name": "Load Middleware",
    "start": 1547025131076,
    "end": 1547025131195,
    "duration": 119,
    "pid": 2416,
    "index": 58
  },
  {
    "name": "Load \"middlewares\" to Application",
    "start": 1547025131076,
    "end": 1547025131176,
    "duration": 100,
    "pid": 2416,
    "index": 59
  },
  {
    "name": "Load Controller",
    "start": 1547025131195,
    "end": 1547025131196,
    "duration": 1,
    "pid": 2416,
    "index": 60
  },
  {
    "name": "Load \"controller\" to Application",
    "start": 1547025131195,
    "end": 1547025131196,
    "duration": 1,
    "pid": 2416,
    "index": 61
  },
  {
    "name": "Load Router",
    "start": 1547025131196,
    "end": 1547025131208,
    "duration": 12,
    "pid": 2416,
    "index": 62
  },
  {
    "name": "Require(46) app/router.ts",
    "start": 1547025131197,
    "end": 1547025131197,
    "duration": 0,
    "pid": 2416,
    "index": 63
  },
  {
    "name": "Before Start in node_modules/.4.13.0@egg-core/lib/egg.js:287:10",
    "start": 1547025131198,
    "end": 1547025131219,
    "duration": 21,
    "pid": 2416,
    "index": 64
  }
]