[
  {
    "name": "Application Start",
    "start": 1547025128670,
    "end": 1547025129025,
    "duration": 355,
    "pid": 5504,
    "index": 0
  },
  {
    "name": "Load Plugin",
    "start": 1547025128674,
    "end": 1547025128690,
    "duration": 16,
    "pid": 5504,
    "index": 1
  },
  {
    "name": "Load Config",
    "start": 1547025128690,
    "end": 1547025128706,
    "duration": 16,
    "pid": 5504,
    "index": 2
  },
  {
    "name": "Require(0) config/config.default.ts",
    "start": 1547025128691,
    "end": 1547025128691,
    "duration": 0,
    "pid": 5504,
    "index": 3
  },
  {
    "name": "Require(1) config/config.local.ts",
    "start": 1547025128692,
    "end": 1547025128692,
    "duration": 0,
    "pid": 5504,
    "index": 4
  },
  {
    "name": "Require(2) node_modules/.3.1.0@egg-session/config/config.default.js",
    "start": 1547025128693,
    "end": 1547025128693,
    "duration": 0,
    "pid": 5504,
    "index": 5
  },
  {
    "name": "Require(3) node_modules/.2.4.2@egg-security/config/config.default.js",
    "start": 1547025128694,
    "end": 1547025128694,
    "duration": 0,
    "pid": 5504,
    "index": 6
  },
  {
    "name": "Require(4) node_modules/.2.0.0@egg-jsonp/config/config.default.js",
    "start": 1547025128694,
    "end": 1547025128695,
    "duration": 1,
    "pid": 5504,
    "index": 7
  },
  {
    "name": "Require(5) node_modules/.2.1.0@egg-onerror/config/config.default.js",
    "start": 1547025128695,
    "end": 1547025128695,
    "duration": 0,
    "pid": 5504,
    "index": 8
  },
  {
    "name": "Require(6) node_modules/.2.0.0@egg-i18n/config/config.default.js",
    "start": 1547025128696,
    "end": 1547025128696,
    "duration": 0,
    "pid": 5504,
    "index": 9
  },
  {
    "name": "Require(7) node_modules/.3.1.0@egg-watcher/config/config.default.js",
    "start": 1547025128696,
    "end": 1547025128697,
    "duration": 1,
    "pid": 5504,
    "index": 10
  },
  {
    "name": "Require(8) node_modules/.3.6.0@egg-schedule/config/config.default.js",
    "start": 1547025128697,
    "end": 1547025128697,
    "duration": 0,
    "pid": 5504,
    "index": 11
  },
  {
    "name": "Require(9) node_modules/.2.4.0@egg-multipart/config/config.default.js",
    "start": 1547025128698,
    "end": 1547025128698,
    "duration": 0,
    "pid": 5504,
    "index": 12
  },
  {
    "name": "Require(10) node_modules/.2.4.1@egg-development/config/config.default.js",
    "start": 1547025128698,
    "end": 1547025128699,
    "duration": 1,
    "pid": 5504,
    "index": 13
  },
  {
    "name": "Require(11) node_modules/.3.0.5@egg-logrotator/config/config.default.js",
    "start": 1547025128699,
    "end": 1547025128699,
    "duration": 0,
    "pid": 5504,
    "index": 14
  },
  {
    "name": "Require(12) node_modules/.2.1.1@egg-static/config/config.default.js",
    "start": 1547025128699,
    "end": 1547025128699,
    "duration": 0,
    "pid": 5504,
    "index": 15
  },
  {
    "name": "Require(13) node_modules/.2.1.1@egg-view/config/config.default.js",
    "start": 1547025128700,
    "end": 1547025128700,
    "duration": 0,
    "pid": 5504,
    "index": 16
  },
  {
    "name": "Require(14) node_modules/.2.14.2@egg/config/config.default.js",
    "start": 1547025128700,
    "end": 1547025128701,
    "duration": 1,
    "pid": 5504,
    "index": 17
  },
  {
    "name": "Require(15) config/config.default.ts",
    "start": 1547025128702,
    "end": 1547025128702,
    "duration": 0,
    "pid": 5504,
    "index": 18
  },
  {
    "name": "Require(16) node_modules/.2.4.2@egg-security/config/config.local.js",
    "start": 1547025128702,
    "end": 1547025128702,
    "duration": 0,
    "pid": 5504,
    "index": 19
  },
  {
    "name": "Require(17) node_modules/.3.1.0@egg-watcher/config/config.local.js",
    "start": 1547025128704,
    "end": 1547025128704,
    "duration": 0,
    "pid": 5504,
    "index": 20
  },
  {
    "name": "Require(18) node_modules/.2.1.1@egg-view/config/config.local.js",
    "start": 1547025128705,
    "end": 1547025128706,
    "duration": 1,
    "pid": 5504,
    "index": 21
  },
  {
    "name": "Require(19) node_modules/.2.14.2@egg/config/config.local.js",
    "start": 1547025128706,
    "end": 1547025128706,
    "duration": 0,
    "pid": 5504,
    "index": 22
  },
  {
    "name": "Require(20) config/config.local.ts",
    "start": 1547025128706,
    "end": 1547025128706,
    "duration": 0,
    "pid": 5504,
    "index": 23
  },
  {
    "name": "Load extend/application.js",
    "start": 1547025128708,
    "end": 1547025128721,
    "duration": 13,
    "pid": 5504,
    "index": 24
  },
  {
    "name": "Require(21) node_modules/.3.1.0@egg-session/app/extend/application.js",
    "start": 1547025128708,
    "end": 1547025128708,
    "duration": 0,
    "pid": 5504,
    "index": 25
  },
  {
    "name": "Require(22) node_modules/.2.4.2@egg-security/app/extend/application.js",
    "start": 1547025128709,
    "end": 1547025128709,
    "duration": 0,
    "pid": 5504,
    "index": 26
  },
  {
    "name": "Require(23) node_modules/.2.0.0@egg-jsonp/app/extend/application.js",
    "start": 1547025128709,
    "end": 1547025128711,
    "duration": 2,
    "pid": 5504,
    "index": 27
  },
  {
    "name": "Require(24) node_modules/.3.0.5@egg-logrotator/app/extend/application.js",
    "start": 1547025128713,
    "end": 1547025128716,
    "duration": 3,
    "pid": 5504,
    "index": 28
  },
  {
    "name": "Require(25) node_modules/.2.1.1@egg-view/app/extend/application.js",
    "start": 1547025128717,
    "end": 1547025128719,
    "duration": 2,
    "pid": 5504,
    "index": 29
  },
  {
    "name": "Load extend/request.js",
    "start": 1547025128721,
    "end": 1547025128726,
    "duration": 5,
    "pid": 5504,
    "index": 30
  },
  {
    "name": "Require(26) node_modules/.2.14.2@egg/app/extend/request.js",
    "start": 1547025128723,
    "end": 1547025128724,
    "duration": 1,
    "pid": 5504,
    "index": 31
  },
  {
    "name": "Load extend/response.js",
    "start": 1547025128726,
    "end": 1547025128731,
    "duration": 5,
    "pid": 5504,
    "index": 32
  },
  {
    "name": "Require(27) node_modules/.2.14.2@egg/app/extend/response.js",
    "start": 1547025128728,
    "end": 1547025128729,
    "duration": 1,
    "pid": 5504,
    "index": 33
  },
  {
    "name": "Load extend/context.js",
    "start": 1547025128731,
    "end": 1547025128804,
    "duration": 73,
    "pid": 5504,
    "index": 34
  },
  {
    "name": "Require(28) node_modules/.2.4.2@egg-security/app/extend/context.js",
    "start": 1547025128732,
    "end": 1547025128744,
    "duration": 12,
    "pid": 5504,
    "index": 35
  },
  {
    "name": "Require(29) node_modules/.2.0.0@egg-jsonp/app/extend/context.js",
    "start": 1547025128744,
    "end": 1547025128745,
    "duration": 1,
    "pid": 5504,
    "index": 36
  },
  {
    "name": "Require(30) node_modules/.2.0.0@egg-i18n/app/extend/context.js",
    "start": 1547025128746,
    "end": 1547025128746,
    "duration": 0,
    "pid": 5504,
    "index": 37
  },
  {
    "name": "Require(31) node_modules/.2.4.0@egg-multipart/app/extend/context.js",
    "start": 1547025128747,
    "end": 1547025128795,
    "duration": 48,
    "pid": 5504,
    "index": 38
  },
  {
    "name": "Require(32) node_modules/.2.1.1@egg-view/app/extend/context.js",
    "start": 1547025128797,
    "end": 1547025128798,
    "duration": 1,
    "pid": 5504,
    "index": 39
  },
  {
    "name": "Require(33) node_modules/.2.14.2@egg/app/extend/context.js",
    "start": 1547025128799,
    "end": 1547025128801,
    "duration": 2,
    "pid": 5504,
    "index": 40
  },
  {
    "name": "Load extend/helper.js",
    "start": 1547025128804,
    "end": 1547025128821,
    "duration": 17,
    "pid": 5504,
    "index": 41
  },
  {
    "name": "Require(34) node_modules/.2.4.2@egg-security/app/extend/helper.js",
    "start": 1547025128804,
    "end": 1547025128817,
    "duration": 13,
    "pid": 5504,
    "index": 42
  },
  {
    "name": "Require(35) node_modules/.2.14.2@egg/app/extend/helper.js",
    "start": 1547025128819,
    "end": 1547025128820,
    "duration": 1,
    "pid": 5504,
    "index": 43
  },
  {
    "name": "Load app.js",
    "start": 1547025128821,
    "end": 1547025128854,
    "duration": 33,
    "pid": 5504,
    "index": 44
  },
  {
    "name": "Require(36) node_modules/.3.1.0@egg-session/app.js",
    "start": 1547025128822,
    "end": 1547025128822,
    "duration": 0,
    "pid": 5504,
    "index": 45
  },
  {
    "name": "Require(37) node_modules/.2.4.2@egg-security/app.js",
    "start": 1547025128823,
    "end": 1547025128825,
    "duration": 2,
    "pid": 5504,
    "index": 46
  },
  {
    "name": "Require(38) node_modules/.2.1.0@egg-onerror/app.js",
    "start": 1547025128826,
    "end": 1547025128838,
    "duration": 12,
    "pid": 5504,
    "index": 47
  },
  {
    "name": "Require(39) node_modules/.2.0.0@egg-i18n/app.js",
    "start": 1547025128838,
    "end": 1547025128843,
    "duration": 5,
    "pid": 5504,
    "index": 48
  },
  {
    "name": "Require(40) node_modules/.3.1.0@egg-watcher/app.js",
    "start": 1547025128844,
    "end": 1547025128847,
    "duration": 3,
    "pid": 5504,
    "index": 49
  },
  {
    "name": "Require(41) node_modules/.3.6.0@egg-schedule/app.js",
    "start": 1547025128847,
    "end": 1547025128848,
    "duration": 1,
    "pid": 5504,
    "index": 50
  },
  {
    "name": "Require(42) node_modules/.2.4.0@egg-multipart/app.js",
    "start": 1547025128849,
    "end": 1547025128851,
    "duration": 2,
    "pid": 5504,
    "index": 51
  },
  {
    "name": "Require(43) node_modules/.2.4.1@egg-development/app.js",
    "start": 1547025128851,
    "end": 1547025128852,
    "duration": 1,
    "pid": 5504,
    "index": 52
  },
  {
    "name": "Require(44) node_modules/.3.0.5@egg-logrotator/app.js",
    "start": 1547025128852,
    "end": 1547025128852,
    "duration": 0,
    "pid": 5504,
    "index": 53
  },
  {
    "name": "Require(45) node_modules/.2.1.1@egg-static/app.js",
    "start": 1547025128852,
    "end": 1547025128853,
    "duration": 1,
    "pid": 5504,
    "index": 54
  },
  {
    "name": "Before Start in node_modules/.3.1.0@egg-watcher/lib/init.js:15:14",
    "start": 1547025128863,
    "end": 1547025129023,
    "duration": 160,
    "pid": 5504,
    "index": 55
  },
  {
    "name": "Load Service",
    "start": 1547025128902,
    "end": 1547025128907,
    "duration": 5,
    "pid": 5504,
    "index": 56
  },
  {
    "name": "Load \"service\" to Context",
    "start": 1547025128902,
    "end": 1547025128907,
    "duration": 5,
    "pid": 5504,
    "index": 57
  },
  {
    "name": "Load Middleware",
    "start": 1547025128907,
    "end": 1547025128996,
    "duration": 89,
    "pid": 5504,
    "index": 58
  },
  {
    "name": "Load \"middlewares\" to Application",
    "start": 1547025128907,
    "end": 1547025128984,
    "duration": 77,
    "pid": 5504,
    "index": 59
  },
  {
    "name": "Load Controller",
    "start": 1547025128996,
    "end": 1547025128997,
    "duration": 1,
    "pid": 5504,
    "index": 60
  },
  {
    "name": "Load \"controller\" to Application",
    "start": 1547025128996,
    "end": 1547025128997,
    "duration": 1,
    "pid": 5504,
    "index": 61
  },
  {
    "name": "Load Router",
    "start": 1547025128997,
    "end": 1547025129004,
    "duration": 7,
    "pid": 5504,
    "index": 62
  },
  {
    "name": "Require(46) app/router.ts",
    "start": 1547025128997,
    "end": 1547025128998,
    "duration": 1,
    "pid": 5504,
    "index": 63
  },
  {
    "name": "Before Start in node_modules/.4.13.0@egg-core/lib/egg.js:287:10",
    "start": 1547025128998,
    "end": 1547025129014,
    "duration": 16,
    "pid": 5504,
    "index": 64
  }
]