[
  {
    "name": "Application Start",
    "start": 1547029870747,
    "end": 1547029872592,
    "duration": 1845,
    "pid": 4748,
    "index": 0
  },
  {
    "name": "Load Plugin",
    "start": 1547029870750,
    "end": 1547029870764,
    "duration": 14,
    "pid": 4748,
    "index": 1
  },
  {
    "name": "Load Config",
    "start": 1547029870764,
    "end": 1547029870780,
    "duration": 16,
    "pid": 4748,
    "index": 2
  },
  {
    "name": "Require(0) config/config.default.ts",
    "start": 1547029870765,
    "end": 1547029870765,
    "duration": 0,
    "pid": 4748,
    "index": 3
  },
  {
    "name": "Require(1) config/config.local.ts",
    "start": 1547029870766,
    "end": 1547029870766,
    "duration": 0,
    "pid": 4748,
    "index": 4
  },
  {
    "name": "Require(2) node_modules/.3.1.0@egg-session/config/config.default.js",
    "start": 1547029870767,
    "end": 1547029870767,
    "duration": 0,
    "pid": 4748,
    "index": 5
  },
  {
    "name": "Require(3) node_modules/.2.4.2@egg-security/config/config.default.js",
    "start": 1547029870767,
    "end": 1547029870768,
    "duration": 1,
    "pid": 4748,
    "index": 6
  },
  {
    "name": "Require(4) node_modules/.2.0.0@egg-jsonp/config/config.default.js",
    "start": 1547029870768,
    "end": 1547029870768,
    "duration": 0,
    "pid": 4748,
    "index": 7
  },
  {
    "name": "Require(5) node_modules/.2.1.0@egg-onerror/config/config.default.js",
    "start": 1547029870768,
    "end": 1547029870769,
    "duration": 1,
    "pid": 4748,
    "index": 8
  },
  {
    "name": "Require(6) node_modules/.2.0.0@egg-i18n/config/config.default.js",
    "start": 1547029870769,
    "end": 1547029870769,
    "duration": 0,
    "pid": 4748,
    "index": 9
  },
  {
    "name": "Require(7) node_modules/.3.1.0@egg-watcher/config/config.default.js",
    "start": 1547029870770,
    "end": 1547029870770,
    "duration": 0,
    "pid": 4748,
    "index": 10
  },
  {
    "name": "Require(8) node_modules/.3.6.0@egg-schedule/config/config.default.js",
    "start": 1547029870770,
    "end": 1547029870771,
    "duration": 1,
    "pid": 4748,
    "index": 11
  },
  {
    "name": "Require(9) node_modules/.2.4.0@egg-multipart/config/config.default.js",
    "start": 1547029870771,
    "end": 1547029870771,
    "duration": 0,
    "pid": 4748,
    "index": 12
  },
  {
    "name": "Require(10) node_modules/.2.4.1@egg-development/config/config.default.js",
    "start": 1547029870772,
    "end": 1547029870772,
    "duration": 0,
    "pid": 4748,
    "index": 13
  },
  {
    "name": "Require(11) node_modules/.3.0.5@egg-logrotator/config/config.default.js",
    "start": 1547029870772,
    "end": 1547029870772,
    "duration": 0,
    "pid": 4748,
    "index": 14
  },
  {
    "name": "Require(12) node_modules/.2.1.1@egg-static/config/config.default.js",
    "start": 1547029870772,
    "end": 1547029870773,
    "duration": 1,
    "pid": 4748,
    "index": 15
  },
  {
    "name": "Require(13) node_modules/.2.1.1@egg-view/config/config.default.js",
    "start": 1547029870773,
    "end": 1547029870773,
    "duration": 0,
    "pid": 4748,
    "index": 16
  },
  {
    "name": "Require(14) node_modules/.2.14.2@egg/config/config.default.js",
    "start": 1547029870773,
    "end": 1547029870774,
    "duration": 1,
    "pid": 4748,
    "index": 17
  },
  {
    "name": "Require(15) config/config.default.ts",
    "start": 1547029870776,
    "end": 1547029870776,
    "duration": 0,
    "pid": 4748,
    "index": 18
  },
  {
    "name": "Require(16) node_modules/.2.4.2@egg-security/config/config.local.js",
    "start": 1547029870776,
    "end": 1547029870777,
    "duration": 1,
    "pid": 4748,
    "index": 19
  },
  {
    "name": "Require(17) node_modules/.3.1.0@egg-watcher/config/config.local.js",
    "start": 1547029870778,
    "end": 1547029870778,
    "duration": 0,
    "pid": 4748,
    "index": 20
  },
  {
    "name": "Require(18) node_modules/.2.1.1@egg-view/config/config.local.js",
    "start": 1547029870780,
    "end": 1547029870780,
    "duration": 0,
    "pid": 4748,
    "index": 21
  },
  {
    "name": "Require(19) node_modules/.2.14.2@egg/config/config.local.js",
    "start": 1547029870780,
    "end": 1547029870780,
    "duration": 0,
    "pid": 4748,
    "index": 22
  },
  {
    "name": "Require(20) config/config.local.ts",
    "start": 1547029870780,
    "end": 1547029870780,
    "duration": 0,
    "pid": 4748,
    "index": 23
  },
  {
    "name": "Load extend/application.js",
    "start": 1547029870781,
    "end": 1547029870791,
    "duration": 10,
    "pid": 4748,
    "index": 24
  },
  {
    "name": "Require(21) node_modules/.3.1.0@egg-session/app/extend/application.js",
    "start": 1547029870782,
    "end": 1547029870782,
    "duration": 0,
    "pid": 4748,
    "index": 25
  },
  {
    "name": "Require(22) node_modules/.2.4.2@egg-security/app/extend/application.js",
    "start": 1547029870782,
    "end": 1547029870783,
    "duration": 1,
    "pid": 4748,
    "index": 26
  },
  {
    "name": "Require(23) node_modules/.2.0.0@egg-jsonp/app/extend/application.js",
    "start": 1547029870783,
    "end": 1547029870785,
    "duration": 2,
    "pid": 4748,
    "index": 27
  },
  {
    "name": "Require(24) node_modules/.3.0.5@egg-logrotator/app/extend/application.js",
    "start": 1547029870786,
    "end": 1547029870787,
    "duration": 1,
    "pid": 4748,
    "index": 28
  },
  {
    "name": "Require(25) node_modules/.2.1.1@egg-view/app/extend/application.js",
    "start": 1547029870788,
    "end": 1547029870789,
    "duration": 1,
    "pid": 4748,
    "index": 29
  },
  {
    "name": "Load extend/request.js",
    "start": 1547029870791,
    "end": 1547029870795,
    "duration": 4,
    "pid": 4748,
    "index": 30
  },
  {
    "name": "Require(26) node_modules/.2.14.2@egg/app/extend/request.js",
    "start": 1547029870793,
    "end": 1547029870794,
    "duration": 1,
    "pid": 4748,
    "index": 31
  },
  {
    "name": "Load extend/response.js",
    "start": 1547029870795,
    "end": 1547029870800,
    "duration": 5,
    "pid": 4748,
    "index": 32
  },
  {
    "name": "Require(27) node_modules/.2.14.2@egg/app/extend/response.js",
    "start": 1547029870797,
    "end": 1547029870798,
    "duration": 1,
    "pid": 4748,
    "index": 33
  },
  {
    "name": "Load extend/context.js",
    "start": 1547029870800,
    "end": 1547029870856,
    "duration": 56,
    "pid": 4748,
    "index": 34
  },
  {
    "name": "Require(28) node_modules/.2.4.2@egg-security/app/extend/context.js",
    "start": 1547029870800,
    "end": 1547029870810,
    "duration": 10,
    "pid": 4748,
    "index": 35
  },
  {
    "name": "Require(29) node_modules/.2.0.0@egg-jsonp/app/extend/context.js",
    "start": 1547029870811,
    "end": 1547029870812,
    "duration": 1,
    "pid": 4748,
    "index": 36
  },
  {
    "name": "Require(30) node_modules/.2.0.0@egg-i18n/app/extend/context.js",
    "start": 1547029870812,
    "end": 1547029870812,
    "duration": 0,
    "pid": 4748,
    "index": 37
  },
  {
    "name": "Require(31) node_modules/.2.4.0@egg-multipart/app/extend/context.js",
    "start": 1547029870813,
    "end": 1547029870850,
    "duration": 37,
    "pid": 4748,
    "index": 38
  },
  {
    "name": "Require(32) node_modules/.2.1.1@egg-view/app/extend/context.js",
    "start": 1547029870851,
    "end": 1547029870852,
    "duration": 1,
    "pid": 4748,
    "index": 39
  },
  {
    "name": "Require(33) node_modules/.2.14.2@egg/app/extend/context.js",
    "start": 1547029870852,
    "end": 1547029870854,
    "duration": 2,
    "pid": 4748,
    "index": 40
  },
  {
    "name": "Load extend/helper.js",
    "start": 1547029870856,
    "end": 1547029870870,
    "duration": 14,
    "pid": 4748,
    "index": 41
  },
  {
    "name": "Require(34) node_modules/.2.4.2@egg-security/app/extend/helper.js",
    "start": 1547029870857,
    "end": 1547029870867,
    "duration": 10,
    "pid": 4748,
    "index": 42
  },
  {
    "name": "Require(35) node_modules/.2.14.2@egg/app/extend/helper.js",
    "start": 1547029870868,
    "end": 1547029870869,
    "duration": 1,
    "pid": 4748,
    "index": 43
  },
  {
    "name": "Load app.js",
    "start": 1547029870870,
    "end": 1547029870897,
    "duration": 27,
    "pid": 4748,
    "index": 44
  },
  {
    "name": "Require(36) node_modules/.3.1.0@egg-session/app.js",
    "start": 1547029870871,
    "end": 1547029870871,
    "duration": 0,
    "pid": 4748,
    "index": 45
  },
  {
    "name": "Require(37) node_modules/.2.4.2@egg-security/app.js",
    "start": 1547029870871,
    "end": 1547029870873,
    "duration": 2,
    "pid": 4748,
    "index": 46
  },
  {
    "name": "Require(38) node_modules/.2.1.0@egg-onerror/app.js",
    "start": 1547029870873,
    "end": 1547029870881,
    "duration": 8,
    "pid": 4748,
    "index": 47
  },
  {
    "name": "Require(39) node_modules/.2.0.0@egg-i18n/app.js",
    "start": 1547029870882,
    "end": 1547029870887,
    "duration": 5,
    "pid": 4748,
    "index": 48
  },
  {
    "name": "Require(40) node_modules/.3.1.0@egg-watcher/app.js",
    "start": 1547029870887,
    "end": 1547029870891,
    "duration": 4,
    "pid": 4748,
    "index": 49
  },
  {
    "name": "Require(41) node_modules/.3.6.0@egg-schedule/app.js",
    "start": 1547029870891,
    "end": 1547029870893,
    "duration": 2,
    "pid": 4748,
    "index": 50
  },
  {
    "name": "Require(42) node_modules/.2.4.0@egg-multipart/app.js",
    "start": 1547029870893,
    "end": 1547029870895,
    "duration": 2,
    "pid": 4748,
    "index": 51
  },
  {
    "name": "Require(43) node_modules/.2.4.1@egg-development/app.js",
    "start": 1547029870895,
    "end": 1547029870895,
    "duration": 0,
    "pid": 4748,
    "index": 52
  },
  {
    "name": "Require(44) node_modules/.3.0.5@egg-logrotator/app.js",
    "start": 1547029870896,
    "end": 1547029870896,
    "duration": 0,
    "pid": 4748,
    "index": 53
  },
  {
    "name": "Require(45) node_modules/.2.1.1@egg-static/app.js",
    "start": 1547029870896,
    "end": 1547029870896,
    "duration": 0,
    "pid": 4748,
    "index": 54
  },
  {
    "name": "Before Start in node_modules/.3.1.0@egg-watcher/lib/init.js:15:14",
    "start": 1547029870906,
    "end": 1547029872592,
    "duration": 1686,
    "pid": 4748,
    "index": 55
  },
  {
    "name": "Load Service",
    "start": 1547029870938,
    "end": 1547029870941,
    "duration": 3,
    "pid": 4748,
    "index": 56
  },
  {
    "name": "Load \"service\" to Context",
    "start": 1547029870938,
    "end": 1547029870941,
    "duration": 3,
    "pid": 4748,
    "index": 57
  },
  {
    "name": "Load Middleware",
    "start": 1547029870941,
    "end": 1547029871015,
    "duration": 74,
    "pid": 4748,
    "index": 58
  },
  {
    "name": "Load \"middlewares\" to Application",
    "start": 1547029870941,
    "end": 1547029871005,
    "duration": 64,
    "pid": 4748,
    "index": 59
  },
  {
    "name": "Load Controller",
    "start": 1547029871015,
    "end": 1547029872498,
    "duration": 1483,
    "pid": 4748,
    "index": 60
  },
  {
    "name": "Load \"controller\" to Application",
    "start": 1547029871015,
    "end": 1547029872498,
    "duration": 1483,
    "pid": 4748,
    "index": 61
  },
  {
    "name": "Load Router",
    "start": 1547029872498,
    "end": 1547029872499,
    "duration": 1,
    "pid": 4748,
    "index": 62
  },
  {
    "name": "Require(46) app/router.ts",
    "start": 1547029872498,
    "end": 1547029872498,
    "duration": 0,
    "pid": 4748,
    "index": 63
  },
  {
    "name": "Before Start in node_modules/.4.13.0@egg-core/lib/egg.js:287:10",
    "start": 1547029872498,
    "end": 1547029872509,
    "duration": 11,
    "pid": 4748,
    "index": 64
  }
]