[
  {
    "name": "Application Start",
    "start": 1547029360452,
    "end": 1547029362316,
    "duration": 1864,
    "pid": 16348,
    "index": 0
  },
  {
    "name": "Load Plugin",
    "start": 1547029360456,
    "end": 1547029360469,
    "duration": 13,
    "pid": 16348,
    "index": 1
  },
  {
    "name": "Load Config",
    "start": 1547029360469,
    "end": 1547029360484,
    "duration": 15,
    "pid": 16348,
    "index": 2
  },
  {
    "name": "Require(0) config/config.default.ts",
    "start": 1547029360470,
    "end": 1547029360470,
    "duration": 0,
    "pid": 16348,
    "index": 3
  },
  {
    "name": "Require(1) config/config.local.ts",
    "start": 1547029360471,
    "end": 1547029360471,
    "duration": 0,
    "pid": 16348,
    "index": 4
  },
  {
    "name": "Require(2) node_modules/.3.1.0@egg-session/config/config.default.js",
    "start": 1547029360471,
    "end": 1547029360471,
    "duration": 0,
    "pid": 16348,
    "index": 5
  },
  {
    "name": "Require(3) node_modules/.2.4.2@egg-security/config/config.default.js",
    "start": 1547029360472,
    "end": 1547029360472,
    "duration": 0,
    "pid": 16348,
    "index": 6
  },
  {
    "name": "Require(4) node_modules/.2.0.0@egg-jsonp/config/config.default.js",
    "start": 1547029360473,
    "end": 1547029360473,
    "duration": 0,
    "pid": 16348,
    "index": 7
  },
  {
    "name": "Require(5) node_modules/.2.1.0@egg-onerror/config/config.default.js",
    "start": 1547029360473,
    "end": 1547029360473,
    "duration": 0,
    "pid": 16348,
    "index": 8
  },
  {
    "name": "Require(6) node_modules/.2.0.0@egg-i18n/config/config.default.js",
    "start": 1547029360473,
    "end": 1547029360474,
    "duration": 1,
    "pid": 16348,
    "index": 9
  },
  {
    "name": "Require(7) node_modules/.3.1.0@egg-watcher/config/config.default.js",
    "start": 1547029360474,
    "end": 1547029360474,
    "duration": 0,
    "pid": 16348,
    "index": 10
  },
  {
    "name": "Require(8) node_modules/.3.6.0@egg-schedule/config/config.default.js",
    "start": 1547029360474,
    "end": 1547029360475,
    "duration": 1,
    "pid": 16348,
    "index": 11
  },
  {
    "name": "Require(9) node_modules/.2.4.0@egg-multipart/config/config.default.js",
    "start": 1547029360475,
    "end": 1547029360475,
    "duration": 0,
    "pid": 16348,
    "index": 12
  },
  {
    "name": "Require(10) node_modules/.2.4.1@egg-development/config/config.default.js",
    "start": 1547029360476,
    "end": 1547029360476,
    "duration": 0,
    "pid": 16348,
    "index": 13
  },
  {
    "name": "Require(11) node_modules/.3.0.5@egg-logrotator/config/config.default.js",
    "start": 1547029360476,
    "end": 1547029360476,
    "duration": 0,
    "pid": 16348,
    "index": 14
  },
  {
    "name": "Require(12) node_modules/.2.1.1@egg-static/config/config.default.js",
    "start": 1547029360476,
    "end": 1547029360477,
    "duration": 1,
    "pid": 16348,
    "index": 15
  },
  {
    "name": "Require(13) node_modules/.2.1.1@egg-view/config/config.default.js",
    "start": 1547029360477,
    "end": 1547029360477,
    "duration": 0,
    "pid": 16348,
    "index": 16
  },
  {
    "name": "Require(14) node_modules/.2.14.2@egg/config/config.default.js",
    "start": 1547029360478,
    "end": 1547029360478,
    "duration": 0,
    "pid": 16348,
    "index": 17
  },
  {
    "name": "Require(15) config/config.default.ts",
    "start": 1547029360480,
    "end": 1547029360480,
    "duration": 0,
    "pid": 16348,
    "index": 18
  },
  {
    "name": "Require(16) node_modules/.2.4.2@egg-security/config/config.local.js",
    "start": 1547029360481,
    "end": 1547029360481,
    "duration": 0,
    "pid": 16348,
    "index": 19
  },
  {
    "name": "Require(17) node_modules/.3.1.0@egg-watcher/config/config.local.js",
    "start": 1547029360482,
    "end": 1547029360482,
    "duration": 0,
    "pid": 16348,
    "index": 20
  },
  {
    "name": "Require(18) node_modules/.2.1.1@egg-view/config/config.local.js",
    "start": 1547029360483,
    "end": 1547029360483,
    "duration": 0,
    "pid": 16348,
    "index": 21
  },
  {
    "name": "Require(19) node_modules/.2.14.2@egg/config/config.local.js",
    "start": 1547029360483,
    "end": 1547029360484,
    "duration": 1,
    "pid": 16348,
    "index": 22
  },
  {
    "name": "Require(20) config/config.local.ts",
    "start": 1547029360484,
    "end": 1547029360484,
    "duration": 0,
    "pid": 16348,
    "index": 23
  },
  {
    "name": "Load extend/application.js",
    "start": 1547029360485,
    "end": 1547029360496,
    "duration": 11,
    "pid": 16348,
    "index": 24
  },
  {
    "name": "Require(21) node_modules/.3.1.0@egg-session/app/extend/application.js",
    "start": 1547029360485,
    "end": 1547029360486,
    "duration": 1,
    "pid": 16348,
    "index": 25
  },
  {
    "name": "Require(22) node_modules/.2.4.2@egg-security/app/extend/application.js",
    "start": 1547029360486,
    "end": 1547029360487,
    "duration": 1,
    "pid": 16348,
    "index": 26
  },
  {
    "name": "Require(23) node_modules/.2.0.0@egg-jsonp/app/extend/application.js",
    "start": 1547029360488,
    "end": 1547029360490,
    "duration": 2,
    "pid": 16348,
    "index": 27
  },
  {
    "name": "Require(24) node_modules/.3.0.5@egg-logrotator/app/extend/application.js",
    "start": 1547029360490,
    "end": 1547029360492,
    "duration": 2,
    "pid": 16348,
    "index": 28
  },
  {
    "name": "Require(25) node_modules/.2.1.1@egg-view/app/extend/application.js",
    "start": 1547029360493,
    "end": 1547029360494,
    "duration": 1,
    "pid": 16348,
    "index": 29
  },
  {
    "name": "Load extend/request.js",
    "start": 1547029360496,
    "end": 1547029360500,
    "duration": 4,
    "pid": 16348,
    "index": 30
  },
  {
    "name": "Require(26) node_modules/.2.14.2@egg/app/extend/request.js",
    "start": 1547029360497,
    "end": 1547029360499,
    "duration": 2,
    "pid": 16348,
    "index": 31
  },
  {
    "name": "Load extend/response.js",
    "start": 1547029360500,
    "end": 1547029360505,
    "duration": 5,
    "pid": 16348,
    "index": 32
  },
  {
    "name": "Require(27) node_modules/.2.14.2@egg/app/extend/response.js",
    "start": 1547029360502,
    "end": 1547029360503,
    "duration": 1,
    "pid": 16348,
    "index": 33
  },
  {
    "name": "Load extend/context.js",
    "start": 1547029360505,
    "end": 1547029360562,
    "duration": 57,
    "pid": 16348,
    "index": 34
  },
  {
    "name": "Require(28) node_modules/.2.4.2@egg-security/app/extend/context.js",
    "start": 1547029360505,
    "end": 1547029360518,
    "duration": 13,
    "pid": 16348,
    "index": 35
  },
  {
    "name": "Require(29) node_modules/.2.0.0@egg-jsonp/app/extend/context.js",
    "start": 1547029360519,
    "end": 1547029360520,
    "duration": 1,
    "pid": 16348,
    "index": 36
  },
  {
    "name": "Require(30) node_modules/.2.0.0@egg-i18n/app/extend/context.js",
    "start": 1547029360520,
    "end": 1547029360520,
    "duration": 0,
    "pid": 16348,
    "index": 37
  },
  {
    "name": "Require(31) node_modules/.2.4.0@egg-multipart/app/extend/context.js",
    "start": 1547029360521,
    "end": 1547029360558,
    "duration": 37,
    "pid": 16348,
    "index": 38
  },
  {
    "name": "Require(32) node_modules/.2.1.1@egg-view/app/extend/context.js",
    "start": 1547029360559,
    "end": 1547029360559,
    "duration": 0,
    "pid": 16348,
    "index": 39
  },
  {
    "name": "Require(33) node_modules/.2.14.2@egg/app/extend/context.js",
    "start": 1547029360559,
    "end": 1547029360561,
    "duration": 2,
    "pid": 16348,
    "index": 40
  },
  {
    "name": "Load extend/helper.js",
    "start": 1547029360562,
    "end": 1547029360576,
    "duration": 14,
    "pid": 16348,
    "index": 41
  },
  {
    "name": "Require(34) node_modules/.2.4.2@egg-security/app/extend/helper.js",
    "start": 1547029360563,
    "end": 1547029360573,
    "duration": 10,
    "pid": 16348,
    "index": 42
  },
  {
    "name": "Require(35) node_modules/.2.14.2@egg/app/extend/helper.js",
    "start": 1547029360574,
    "end": 1547029360575,
    "duration": 1,
    "pid": 16348,
    "index": 43
  },
  {
    "name": "Load app.js",
    "start": 1547029360577,
    "end": 1547029360601,
    "duration": 24,
    "pid": 16348,
    "index": 44
  },
  {
    "name": "Require(36) node_modules/.3.1.0@egg-session/app.js",
    "start": 1547029360577,
    "end": 1547029360577,
    "duration": 0,
    "pid": 16348,
    "index": 45
  },
  {
    "name": "Require(37) node_modules/.2.4.2@egg-security/app.js",
    "start": 1547029360577,
    "end": 1547029360579,
    "duration": 2,
    "pid": 16348,
    "index": 46
  },
  {
    "name": "Require(38) node_modules/.2.1.0@egg-onerror/app.js",
    "start": 1547029360579,
    "end": 1547029360587,
    "duration": 8,
    "pid": 16348,
    "index": 47
  },
  {
    "name": "Require(39) node_modules/.2.0.0@egg-i18n/app.js",
    "start": 1547029360587,
    "end": 1547029360592,
    "duration": 5,
    "pid": 16348,
    "index": 48
  },
  {
    "name": "Require(40) node_modules/.3.1.0@egg-watcher/app.js",
    "start": 1547029360593,
    "end": 1547029360595,
    "duration": 2,
    "pid": 16348,
    "index": 49
  },
  {
    "name": "Require(41) node_modules/.3.6.0@egg-schedule/app.js",
    "start": 1547029360595,
    "end": 1547029360597,
    "duration": 2,
    "pid": 16348,
    "index": 50
  },
  {
    "name": "Require(42) node_modules/.2.4.0@egg-multipart/app.js",
    "start": 1547029360597,
    "end": 1547029360599,
    "duration": 2,
    "pid": 16348,
    "index": 51
  },
  {
    "name": "Require(43) node_modules/.2.4.1@egg-development/app.js",
    "start": 1547029360599,
    "end": 1547029360599,
    "duration": 0,
    "pid": 16348,
    "index": 52
  },
  {
    "name": "Require(44) node_modules/.3.0.5@egg-logrotator/app.js",
    "start": 1547029360599,
    "end": 1547029360600,
    "duration": 1,
    "pid": 16348,
    "index": 53
  },
  {
    "name": "Require(45) node_modules/.2.1.1@egg-static/app.js",
    "start": 1547029360600,
    "end": 1547029360600,
    "duration": 0,
    "pid": 16348,
    "index": 54
  },
  {
    "name": "Before Start in node_modules/.3.1.0@egg-watcher/lib/init.js:15:14",
    "start": 1547029360610,
    "end": 1547029362316,
    "duration": 1706,
    "pid": 16348,
    "index": 55
  },
  {
    "name": "Load Service",
    "start": 1547029360641,
    "end": 1547029360644,
    "duration": 3,
    "pid": 16348,
    "index": 56
  },
  {
    "name": "Load \"service\" to Context",
    "start": 1547029360641,
    "end": 1547029360644,
    "duration": 3,
    "pid": 16348,
    "index": 57
  },
  {
    "name": "Load Middleware",
    "start": 1547029360644,
    "end": 1547029360722,
    "duration": 78,
    "pid": 16348,
    "index": 58
  },
  {
    "name": "Load \"middlewares\" to Application",
    "start": 1547029360644,
    "end": 1547029360711,
    "duration": 67,
    "pid": 16348,
    "index": 59
  },
  {
    "name": "Load Controller",
    "start": 1547029360722,
    "end": 1547029362227,
    "duration": 1505,
    "pid": 16348,
    "index": 60
  },
  {
    "name": "Load \"controller\" to Application",
    "start": 1547029360722,
    "end": 1547029362227,
    "duration": 1505,
    "pid": 16348,
    "index": 61
  },
  {
    "name": "Load Router",
    "start": 1547029362227,
    "end": 1547029362229,
    "duration": 2,
    "pid": 16348,
    "index": 62
  },
  {
    "name": "Require(46) app/router.ts",
    "start": 1547029362227,
    "end": 1547029362227,
    "duration": 0,
    "pid": 16348,
    "index": 63
  },
  {
    "name": "Before Start in node_modules/.4.13.0@egg-core/lib/egg.js:287:10",
    "start": 1547029362228,
    "end": 1547029362239,
    "duration": 11,
    "pid": 16348,
    "index": 64
  }
]