[
  {
    "name": "Application Start",
    "start": 1547029660125,
    "end": 1547029660423,
    "duration": 298,
    "pid": 20884,
    "index": 0
  },
  {
    "name": "Load Plugin",
    "start": 1547029660129,
    "end": 1547029660142,
    "duration": 13,
    "pid": 20884,
    "index": 1
  },
  {
    "name": "Load Config",
    "start": 1547029660142,
    "end": 1547029660154,
    "duration": 12,
    "pid": 20884,
    "index": 2
  },
  {
    "name": "Require(0) config/config.default.ts",
    "start": 1547029660143,
    "end": 1547029660143,
    "duration": 0,
    "pid": 20884,
    "index": 3
  },
  {
    "name": "Require(1) config/config.local.ts",
    "start": 1547029660144,
    "end": 1547029660144,
    "duration": 0,
    "pid": 20884,
    "index": 4
  },
  {
    "name": "Require(2) node_modules/.3.1.0@egg-session/config/config.default.js",
    "start": 1547029660144,
    "end": 1547029660144,
    "duration": 0,
    "pid": 20884,
    "index": 5
  },
  {
    "name": "Require(3) node_modules/.2.4.2@egg-security/config/config.default.js",
    "start": 1547029660145,
    "end": 1547029660145,
    "duration": 0,
    "pid": 20884,
    "index": 6
  },
  {
    "name": "Require(4) node_modules/.2.0.0@egg-jsonp/config/config.default.js",
    "start": 1547029660145,
    "end": 1547029660145,
    "duration": 0,
    "pid": 20884,
    "index": 7
  },
  {
    "name": "Require(5) node_modules/.2.1.0@egg-onerror/config/config.default.js",
    "start": 1547029660146,
    "end": 1547029660146,
    "duration": 0,
    "pid": 20884,
    "index": 8
  },
  {
    "name": "Require(6) node_modules/.2.0.0@egg-i18n/config/config.default.js",
    "start": 1547029660146,
    "end": 1547029660146,
    "duration": 0,
    "pid": 20884,
    "index": 9
  },
  {
    "name": "Require(7) node_modules/.3.1.0@egg-watcher/config/config.default.js",
    "start": 1547029660147,
    "end": 1547029660147,
    "duration": 0,
    "pid": 20884,
    "index": 10
  },
  {
    "name": "Require(8) node_modules/.3.6.0@egg-schedule/config/config.default.js",
    "start": 1547029660147,
    "end": 1547029660147,
    "duration": 0,
    "pid": 20884,
    "index": 11
  },
  {
    "name": "Require(9) node_modules/.2.4.0@egg-multipart/config/config.default.js",
    "start": 1547029660148,
    "end": 1547029660148,
    "duration": 0,
    "pid": 20884,
    "index": 12
  },
  {
    "name": "Require(10) node_modules/.2.4.1@egg-development/config/config.default.js",
    "start": 1547029660148,
    "end": 1547029660148,
    "duration": 0,
    "pid": 20884,
    "index": 13
  },
  {
    "name": "Require(11) node_modules/.3.0.5@egg-logrotator/config/config.default.js",
    "start": 1547029660149,
    "end": 1547029660149,
    "duration": 0,
    "pid": 20884,
    "index": 14
  },
  {
    "name": "Require(12) node_modules/.2.1.1@egg-static/config/config.default.js",
    "start": 1547029660149,
    "end": 1547029660149,
    "duration": 0,
    "pid": 20884,
    "index": 15
  },
  {
    "name": "Require(13) node_modules/.2.1.1@egg-view/config/config.default.js",
    "start": 1547029660150,
    "end": 1547029660150,
    "duration": 0,
    "pid": 20884,
    "index": 16
  },
  {
    "name": "Require(14) node_modules/.2.14.2@egg/config/config.default.js",
    "start": 1547029660150,
    "end": 1547029660150,
    "duration": 0,
    "pid": 20884,
    "index": 17
  },
  {
    "name": "Require(15) config/config.default.ts",
    "start": 1547029660151,
    "end": 1547029660151,
    "duration": 0,
    "pid": 20884,
    "index": 18
  },
  {
    "name": "Require(16) node_modules/.2.4.2@egg-security/config/config.local.js",
    "start": 1547029660152,
    "end": 1547029660152,
    "duration": 0,
    "pid": 20884,
    "index": 19
  },
  {
    "name": "Require(17) node_modules/.3.1.0@egg-watcher/config/config.local.js",
    "start": 1547029660152,
    "end": 1547029660153,
    "duration": 1,
    "pid": 20884,
    "index": 20
  },
  {
    "name": "Require(18) node_modules/.2.1.1@egg-view/config/config.local.js",
    "start": 1547029660153,
    "end": 1547029660153,
    "duration": 0,
    "pid": 20884,
    "index": 21
  },
  {
    "name": "Require(19) node_modules/.2.14.2@egg/config/config.local.js",
    "start": 1547029660154,
    "end": 1547029660154,
    "duration": 0,
    "pid": 20884,
    "index": 22
  },
  {
    "name": "Require(20) config/config.local.ts",
    "start": 1547029660154,
    "end": 1547029660154,
    "duration": 0,
    "pid": 20884,
    "index": 23
  },
  {
    "name": "Load extend/application.js",
    "start": 1547029660155,
    "end": 1547029660164,
    "duration": 9,
    "pid": 20884,
    "index": 24
  },
  {
    "name": "Require(21) node_modules/.3.1.0@egg-session/app/extend/application.js",
    "start": 1547029660155,
    "end": 1547029660156,
    "duration": 1,
    "pid": 20884,
    "index": 25
  },
  {
    "name": "Require(22) node_modules/.2.4.2@egg-security/app/extend/application.js",
    "start": 1547029660156,
    "end": 1547029660156,
    "duration": 0,
    "pid": 20884,
    "index": 26
  },
  {
    "name": "Require(23) node_modules/.2.0.0@egg-jsonp/app/extend/application.js",
    "start": 1547029660157,
    "end": 1547029660158,
    "duration": 1,
    "pid": 20884,
    "index": 27
  },
  {
    "name": "Require(24) node_modules/.3.0.5@egg-logrotator/app/extend/application.js",
    "start": 1547029660159,
    "end": 1547029660160,
    "duration": 1,
    "pid": 20884,
    "index": 28
  },
  {
    "name": "Require(25) node_modules/.2.1.1@egg-view/app/extend/application.js",
    "start": 1547029660161,
    "end": 1547029660162,
    "duration": 1,
    "pid": 20884,
    "index": 29
  },
  {
    "name": "Load extend/request.js",
    "start": 1547029660164,
    "end": 1547029660169,
    "duration": 5,
    "pid": 20884,
    "index": 30
  },
  {
    "name": "Require(26) node_modules/.2.14.2@egg/app/extend/request.js",
    "start": 1547029660166,
    "end": 1547029660167,
    "duration": 1,
    "pid": 20884,
    "index": 31
  },
  {
    "name": "Load extend/response.js",
    "start": 1547029660169,
    "end": 1547029660174,
    "duration": 5,
    "pid": 20884,
    "index": 32
  },
  {
    "name": "Require(27) node_modules/.2.14.2@egg/app/extend/response.js",
    "start": 1547029660170,
    "end": 1547029660171,
    "duration": 1,
    "pid": 20884,
    "index": 33
  },
  {
    "name": "Load extend/context.js",
    "start": 1547029660174,
    "end": 1547029660229,
    "duration": 55,
    "pid": 20884,
    "index": 34
  },
  {
    "name": "Require(28) node_modules/.2.4.2@egg-security/app/extend/context.js",
    "start": 1547029660174,
    "end": 1547029660184,
    "duration": 10,
    "pid": 20884,
    "index": 35
  },
  {
    "name": "Require(29) node_modules/.2.0.0@egg-jsonp/app/extend/context.js",
    "start": 1547029660184,
    "end": 1547029660185,
    "duration": 1,
    "pid": 20884,
    "index": 36
  },
  {
    "name": "Require(30) node_modules/.2.0.0@egg-i18n/app/extend/context.js",
    "start": 1547029660185,
    "end": 1547029660185,
    "duration": 0,
    "pid": 20884,
    "index": 37
  },
  {
    "name": "Require(31) node_modules/.2.4.0@egg-multipart/app/extend/context.js",
    "start": 1547029660186,
    "end": 1547029660223,
    "duration": 37,
    "pid": 20884,
    "index": 38
  },
  {
    "name": "Require(32) node_modules/.2.1.1@egg-view/app/extend/context.js",
    "start": 1547029660223,
    "end": 1547029660224,
    "duration": 1,
    "pid": 20884,
    "index": 39
  },
  {
    "name": "Require(33) node_modules/.2.14.2@egg/app/extend/context.js",
    "start": 1547029660225,
    "end": 1547029660227,
    "duration": 2,
    "pid": 20884,
    "index": 40
  },
  {
    "name": "Load extend/helper.js",
    "start": 1547029660229,
    "end": 1547029660249,
    "duration": 20,
    "pid": 20884,
    "index": 41
  },
  {
    "name": "Require(34) node_modules/.2.4.2@egg-security/app/extend/helper.js",
    "start": 1547029660230,
    "end": 1547029660246,
    "duration": 16,
    "pid": 20884,
    "index": 42
  },
  {
    "name": "Require(35) node_modules/.2.14.2@egg/app/extend/helper.js",
    "start": 1547029660248,
    "end": 1547029660248,
    "duration": 0,
    "pid": 20884,
    "index": 43
  },
  {
    "name": "Load app.js",
    "start": 1547029660249,
    "end": 1547029660274,
    "duration": 25,
    "pid": 20884,
    "index": 44
  },
  {
    "name": "Require(36) node_modules/.3.1.0@egg-session/app.js",
    "start": 1547029660250,
    "end": 1547029660250,
    "duration": 0,
    "pid": 20884,
    "index": 45
  },
  {
    "name": "Require(37) node_modules/.2.4.2@egg-security/app.js",
    "start": 1547029660250,
    "end": 1547029660251,
    "duration": 1,
    "pid": 20884,
    "index": 46
  },
  {
    "name": "Require(38) node_modules/.2.1.0@egg-onerror/app.js",
    "start": 1547029660252,
    "end": 1547029660260,
    "duration": 8,
    "pid": 20884,
    "index": 47
  },
  {
    "name": "Require(39) node_modules/.2.0.0@egg-i18n/app.js",
    "start": 1547029660260,
    "end": 1547029660265,
    "duration": 5,
    "pid": 20884,
    "index": 48
  },
  {
    "name": "Require(40) node_modules/.3.1.0@egg-watcher/app.js",
    "start": 1547029660265,
    "end": 1547029660268,
    "duration": 3,
    "pid": 20884,
    "index": 49
  },
  {
    "name": "Require(41) node_modules/.3.6.0@egg-schedule/app.js",
    "start": 1547029660268,
    "end": 1547029660270,
    "duration": 2,
    "pid": 20884,
    "index": 50
  },
  {
    "name": "Require(42) node_modules/.2.4.0@egg-multipart/app.js",
    "start": 1547029660270,
    "end": 1547029660272,
    "duration": 2,
    "pid": 20884,
    "index": 51
  },
  {
    "name": "Require(43) node_modules/.2.4.1@egg-development/app.js",
    "start": 1547029660272,
    "end": 1547029660272,
    "duration": 0,
    "pid": 20884,
    "index": 52
  },
  {
    "name": "Require(44) node_modules/.3.0.5@egg-logrotator/app.js",
    "start": 1547029660272,
    "end": 1547029660273,
    "duration": 1,
    "pid": 20884,
    "index": 53
  },
  {
    "name": "Require(45) node_modules/.2.1.1@egg-static/app.js",
    "start": 1547029660273,
    "end": 1547029660273,
    "duration": 0,
    "pid": 20884,
    "index": 54
  },
  {
    "name": "Before Start in node_modules/.3.1.0@egg-watcher/lib/init.js:15:14",
    "start": 1547029660283,
    "end": 1547029660423,
    "duration": 140,
    "pid": 20884,
    "index": 55
  },
  {
    "name": "Load Service",
    "start": 1547029660320,
    "end": 1547029660324,
    "duration": 4,
    "pid": 20884,
    "index": 56
  },
  {
    "name": "Load \"service\" to Context",
    "start": 1547029660321,
    "end": 1547029660324,
    "duration": 3,
    "pid": 20884,
    "index": 57
  },
  {
    "name": "Load Middleware",
    "start": 1547029660324,
    "end": 1547029660398,
    "duration": 74,
    "pid": 20884,
    "index": 58
  },
  {
    "name": "Load \"middlewares\" to Application",
    "start": 1547029660324,
    "end": 1547029660389,
    "duration": 65,
    "pid": 20884,
    "index": 59
  },
  {
    "name": "Load Controller",
    "start": 1547029660398,
    "end": 1547029660404,
    "duration": 6,
    "pid": 20884,
    "index": 60
  },
  {
    "name": "Load \"controller\" to Application",
    "start": 1547029660398,
    "end": 1547029660404,
    "duration": 6,
    "pid": 20884,
    "index": 61
  },
  {
    "name": "Load Router",
    "start": 1547029660404,
    "end": 1547029660405,
    "duration": 1,
    "pid": 20884,
    "index": 62
  },
  {
    "name": "Require(46) app/router.ts",
    "start": 1547029660404,
    "end": 1547029660404,
    "duration": 0,
    "pid": 20884,
    "index": 63
  },
  {
    "name": "Before Start in node_modules/.4.13.0@egg-core/lib/egg.js:287:10",
    "start": 1547029660404,
    "end": 1547029660414,
    "duration": 10,
    "pid": 20884,
    "index": 64
  }
]