[
  {
    "name": "Application Start",
    "start": 1547025672874,
    "end": 1547025673159,
    "duration": 285,
    "pid": 13032,
    "index": 0
  },
  {
    "name": "Load Plugin",
    "start": 1547025672878,
    "end": 1547025672891,
    "duration": 13,
    "pid": 13032,
    "index": 1
  },
  {
    "name": "Load Config",
    "start": 1547025672892,
    "end": 1547025672905,
    "duration": 13,
    "pid": 13032,
    "index": 2
  },
  {
    "name": "Require(0) config/config.default.ts",
    "start": 1547025672892,
    "end": 1547025672893,
    "duration": 1,
    "pid": 13032,
    "index": 3
  },
  {
    "name": "Require(1) config/config.local.ts",
    "start": 1547025672893,
    "end": 1547025672893,
    "duration": 0,
    "pid": 13032,
    "index": 4
  },
  {
    "name": "Require(2) node_modules/.3.1.0@egg-session/config/config.default.js",
    "start": 1547025672894,
    "end": 1547025672894,
    "duration": 0,
    "pid": 13032,
    "index": 5
  },
  {
    "name": "Require(3) node_modules/.2.4.2@egg-security/config/config.default.js",
    "start": 1547025672894,
    "end": 1547025672894,
    "duration": 0,
    "pid": 13032,
    "index": 6
  },
  {
    "name": "Require(4) node_modules/.2.0.0@egg-jsonp/config/config.default.js",
    "start": 1547025672895,
    "end": 1547025672895,
    "duration": 0,
    "pid": 13032,
    "index": 7
  },
  {
    "name": "Require(5) node_modules/.2.1.0@egg-onerror/config/config.default.js",
    "start": 1547025672895,
    "end": 1547025672895,
    "duration": 0,
    "pid": 13032,
    "index": 8
  },
  {
    "name": "Require(6) node_modules/.2.0.0@egg-i18n/config/config.default.js",
    "start": 1547025672896,
    "end": 1547025672896,
    "duration": 0,
    "pid": 13032,
    "index": 9
  },
  {
    "name": "Require(7) node_modules/.3.1.0@egg-watcher/config/config.default.js",
    "start": 1547025672896,
    "end": 1547025672896,
    "duration": 0,
    "pid": 13032,
    "index": 10
  },
  {
    "name": "Require(8) node_modules/.3.6.0@egg-schedule/config/config.default.js",
    "start": 1547025672897,
    "end": 1547025672897,
    "duration": 0,
    "pid": 13032,
    "index": 11
  },
  {
    "name": "Require(9) node_modules/.2.4.0@egg-multipart/config/config.default.js",
    "start": 1547025672897,
    "end": 1547025672897,
    "duration": 0,
    "pid": 13032,
    "index": 12
  },
  {
    "name": "Require(10) node_modules/.2.4.1@egg-development/config/config.default.js",
    "start": 1547025672898,
    "end": 1547025672898,
    "duration": 0,
    "pid": 13032,
    "index": 13
  },
  {
    "name": "Require(11) node_modules/.3.0.5@egg-logrotator/config/config.default.js",
    "start": 1547025672898,
    "end": 1547025672898,
    "duration": 0,
    "pid": 13032,
    "index": 14
  },
  {
    "name": "Require(12) node_modules/.2.1.1@egg-static/config/config.default.js",
    "start": 1547025672899,
    "end": 1547025672899,
    "duration": 0,
    "pid": 13032,
    "index": 15
  },
  {
    "name": "Require(13) node_modules/.2.1.1@egg-view/config/config.default.js",
    "start": 1547025672900,
    "end": 1547025672900,
    "duration": 0,
    "pid": 13032,
    "index": 16
  },
  {
    "name": "Require(14) node_modules/.2.14.2@egg/config/config.default.js",
    "start": 1547025672900,
    "end": 1547025672900,
    "duration": 0,
    "pid": 13032,
    "index": 17
  },
  {
    "name": "Require(15) config/config.default.ts",
    "start": 1547025672901,
    "end": 1547025672901,
    "duration": 0,
    "pid": 13032,
    "index": 18
  },
  {
    "name": "Require(16) node_modules/.2.4.2@egg-security/config/config.local.js",
    "start": 1547025672902,
    "end": 1547025672902,
    "duration": 0,
    "pid": 13032,
    "index": 19
  },
  {
    "name": "Require(17) node_modules/.3.1.0@egg-watcher/config/config.local.js",
    "start": 1547025672903,
    "end": 1547025672903,
    "duration": 0,
    "pid": 13032,
    "index": 20
  },
  {
    "name": "Require(18) node_modules/.2.1.1@egg-view/config/config.local.js",
    "start": 1547025672904,
    "end": 1547025672904,
    "duration": 0,
    "pid": 13032,
    "index": 21
  },
  {
    "name": "Require(19) node_modules/.2.14.2@egg/config/config.local.js",
    "start": 1547025672904,
    "end": 1547025672905,
    "duration": 1,
    "pid": 13032,
    "index": 22
  },
  {
    "name": "Require(20) config/config.local.ts",
    "start": 1547025672905,
    "end": 1547025672905,
    "duration": 0,
    "pid": 13032,
    "index": 23
  },
  {
    "name": "Load extend/application.js",
    "start": 1547025672906,
    "end": 1547025672915,
    "duration": 9,
    "pid": 13032,
    "index": 24
  },
  {
    "name": "Require(21) node_modules/.3.1.0@egg-session/app/extend/application.js",
    "start": 1547025672906,
    "end": 1547025672906,
    "duration": 0,
    "pid": 13032,
    "index": 25
  },
  {
    "name": "Require(22) node_modules/.2.4.2@egg-security/app/extend/application.js",
    "start": 1547025672907,
    "end": 1547025672907,
    "duration": 0,
    "pid": 13032,
    "index": 26
  },
  {
    "name": "Require(23) node_modules/.2.0.0@egg-jsonp/app/extend/application.js",
    "start": 1547025672908,
    "end": 1547025672909,
    "duration": 1,
    "pid": 13032,
    "index": 27
  },
  {
    "name": "Require(24) node_modules/.3.0.5@egg-logrotator/app/extend/application.js",
    "start": 1547025672910,
    "end": 1547025672911,
    "duration": 1,
    "pid": 13032,
    "index": 28
  },
  {
    "name": "Require(25) node_modules/.2.1.1@egg-view/app/extend/application.js",
    "start": 1547025672911,
    "end": 1547025672913,
    "duration": 2,
    "pid": 13032,
    "index": 29
  },
  {
    "name": "Load extend/request.js",
    "start": 1547025672915,
    "end": 1547025672919,
    "duration": 4,
    "pid": 13032,
    "index": 30
  },
  {
    "name": "Require(26) node_modules/.2.14.2@egg/app/extend/request.js",
    "start": 1547025672917,
    "end": 1547025672918,
    "duration": 1,
    "pid": 13032,
    "index": 31
  },
  {
    "name": "Load extend/response.js",
    "start": 1547025672920,
    "end": 1547025672924,
    "duration": 4,
    "pid": 13032,
    "index": 32
  },
  {
    "name": "Require(27) node_modules/.2.14.2@egg/app/extend/response.js",
    "start": 1547025672921,
    "end": 1547025672922,
    "duration": 1,
    "pid": 13032,
    "index": 33
  },
  {
    "name": "Load extend/context.js",
    "start": 1547025672924,
    "end": 1547025672978,
    "duration": 54,
    "pid": 13032,
    "index": 34
  },
  {
    "name": "Require(28) node_modules/.2.4.2@egg-security/app/extend/context.js",
    "start": 1547025672924,
    "end": 1547025672934,
    "duration": 10,
    "pid": 13032,
    "index": 35
  },
  {
    "name": "Require(29) node_modules/.2.0.0@egg-jsonp/app/extend/context.js",
    "start": 1547025672935,
    "end": 1547025672936,
    "duration": 1,
    "pid": 13032,
    "index": 36
  },
  {
    "name": "Require(30) node_modules/.2.0.0@egg-i18n/app/extend/context.js",
    "start": 1547025672936,
    "end": 1547025672936,
    "duration": 0,
    "pid": 13032,
    "index": 37
  },
  {
    "name": "Require(31) node_modules/.2.4.0@egg-multipart/app/extend/context.js",
    "start": 1547025672937,
    "end": 1547025672974,
    "duration": 37,
    "pid": 13032,
    "index": 38
  },
  {
    "name": "Require(32) node_modules/.2.1.1@egg-view/app/extend/context.js",
    "start": 1547025672974,
    "end": 1547025672975,
    "duration": 1,
    "pid": 13032,
    "index": 39
  },
  {
    "name": "Require(33) node_modules/.2.14.2@egg/app/extend/context.js",
    "start": 1547025672975,
    "end": 1547025672976,
    "duration": 1,
    "pid": 13032,
    "index": 40
  },
  {
    "name": "Load extend/helper.js",
    "start": 1547025672978,
    "end": 1547025672992,
    "duration": 14,
    "pid": 13032,
    "index": 41
  },
  {
    "name": "Require(34) node_modules/.2.4.2@egg-security/app/extend/helper.js",
    "start": 1547025672978,
    "end": 1547025672989,
    "duration": 11,
    "pid": 13032,
    "index": 42
  },
  {
    "name": "Require(35) node_modules/.2.14.2@egg/app/extend/helper.js",
    "start": 1547025672990,
    "end": 1547025672990,
    "duration": 0,
    "pid": 13032,
    "index": 43
  },
  {
    "name": "Load app.js",
    "start": 1547025672993,
    "end": 1547025673017,
    "duration": 24,
    "pid": 13032,
    "index": 44
  },
  {
    "name": "Require(36) node_modules/.3.1.0@egg-session/app.js",
    "start": 1547025672993,
    "end": 1547025672993,
    "duration": 0,
    "pid": 13032,
    "index": 45
  },
  {
    "name": "Require(37) node_modules/.2.4.2@egg-security/app.js",
    "start": 1547025672993,
    "end": 1547025672994,
    "duration": 1,
    "pid": 13032,
    "index": 46
  },
  {
    "name": "Require(38) node_modules/.2.1.0@egg-onerror/app.js",
    "start": 1547025672995,
    "end": 1547025673003,
    "duration": 8,
    "pid": 13032,
    "index": 47
  },
  {
    "name": "Require(39) node_modules/.2.0.0@egg-i18n/app.js",
    "start": 1547025673003,
    "end": 1547025673008,
    "duration": 5,
    "pid": 13032,
    "index": 48
  },
  {
    "name": "Require(40) node_modules/.3.1.0@egg-watcher/app.js",
    "start": 1547025673008,
    "end": 1547025673011,
    "duration": 3,
    "pid": 13032,
    "index": 49
  },
  {
    "name": "Require(41) node_modules/.3.6.0@egg-schedule/app.js",
    "start": 1547025673012,
    "end": 1547025673013,
    "duration": 1,
    "pid": 13032,
    "index": 50
  },
  {
    "name": "Require(42) node_modules/.2.4.0@egg-multipart/app.js",
    "start": 1547025673013,
    "end": 1547025673015,
    "duration": 2,
    "pid": 13032,
    "index": 51
  },
  {
    "name": "Require(43) node_modules/.2.4.1@egg-development/app.js",
    "start": 1547025673015,
    "end": 1547025673015,
    "duration": 0,
    "pid": 13032,
    "index": 52
  },
  {
    "name": "Require(44) node_modules/.3.0.5@egg-logrotator/app.js",
    "start": 1547025673016,
    "end": 1547025673016,
    "duration": 0,
    "pid": 13032,
    "index": 53
  },
  {
    "name": "Require(45) node_modules/.2.1.1@egg-static/app.js",
    "start": 1547025673016,
    "end": 1547025673016,
    "duration": 0,
    "pid": 13032,
    "index": 54
  },
  {
    "name": "Before Start in node_modules/.3.1.0@egg-watcher/lib/init.js:15:14",
    "start": 1547025673027,
    "end": 1547025673158,
    "duration": 131,
    "pid": 13032,
    "index": 55
  },
  {
    "name": "Load Service",
    "start": 1547025673058,
    "end": 1547025673062,
    "duration": 4,
    "pid": 13032,
    "index": 56
  },
  {
    "name": "Load \"service\" to Context",
    "start": 1547025673059,
    "end": 1547025673062,
    "duration": 3,
    "pid": 13032,
    "index": 57
  },
  {
    "name": "Load Middleware",
    "start": 1547025673062,
    "end": 1547025673136,
    "duration": 74,
    "pid": 13032,
    "index": 58
  },
  {
    "name": "Load \"middlewares\" to Application",
    "start": 1547025673062,
    "end": 1547025673127,
    "duration": 65,
    "pid": 13032,
    "index": 59
  },
  {
    "name": "Load Controller",
    "start": 1547025673136,
    "end": 1547025673138,
    "duration": 2,
    "pid": 13032,
    "index": 60
  },
  {
    "name": "Load \"controller\" to Application",
    "start": 1547025673136,
    "end": 1547025673138,
    "duration": 2,
    "pid": 13032,
    "index": 61
  },
  {
    "name": "Load Router",
    "start": 1547025673138,
    "end": 1547025673142,
    "duration": 4,
    "pid": 13032,
    "index": 62
  },
  {
    "name": "Require(46) app/router.ts",
    "start": 1547025673138,
    "end": 1547025673138,
    "duration": 0,
    "pid": 13032,
    "index": 63
  },
  {
    "name": "Before Start in node_modules/.4.13.0@egg-core/lib/egg.js:287:10",
    "start": 1547025673138,
    "end": 1547025673151,
    "duration": 13,
    "pid": 13032,
    "index": 64
  }
]