[
  {
    "name": "Application Start",
    "start": 1547029074694,
    "end": 1547029075007,
    "duration": 313,
    "pid": 15004,
    "index": 0
  },
  {
    "name": "Load Plugin",
    "start": 1547029074697,
    "end": 1547029074711,
    "duration": 14,
    "pid": 15004,
    "index": 1
  },
  {
    "name": "Load Config",
    "start": 1547029074711,
    "end": 1547029074723,
    "duration": 12,
    "pid": 15004,
    "index": 2
  },
  {
    "name": "Require(0) config/config.default.ts",
    "start": 1547029074711,
    "end": 1547029074712,
    "duration": 1,
    "pid": 15004,
    "index": 3
  },
  {
    "name": "Require(1) config/config.local.ts",
    "start": 1547029074713,
    "end": 1547029074713,
    "duration": 0,
    "pid": 15004,
    "index": 4
  },
  {
    "name": "Require(2) node_modules/.3.1.0@egg-session/config/config.default.js",
    "start": 1547029074713,
    "end": 1547029074713,
    "duration": 0,
    "pid": 15004,
    "index": 5
  },
  {
    "name": "Require(3) node_modules/.2.4.2@egg-security/config/config.default.js",
    "start": 1547029074714,
    "end": 1547029074714,
    "duration": 0,
    "pid": 15004,
    "index": 6
  },
  {
    "name": "Require(4) node_modules/.2.0.0@egg-jsonp/config/config.default.js",
    "start": 1547029074714,
    "end": 1547029074715,
    "duration": 1,
    "pid": 15004,
    "index": 7
  },
  {
    "name": "Require(5) node_modules/.2.1.0@egg-onerror/config/config.default.js",
    "start": 1547029074715,
    "end": 1547029074715,
    "duration": 0,
    "pid": 15004,
    "index": 8
  },
  {
    "name": "Require(6) node_modules/.2.0.0@egg-i18n/config/config.default.js",
    "start": 1547029074715,
    "end": 1547029074716,
    "duration": 1,
    "pid": 15004,
    "index": 9
  },
  {
    "name": "Require(7) node_modules/.3.1.0@egg-watcher/config/config.default.js",
    "start": 1547029074716,
    "end": 1547029074716,
    "duration": 0,
    "pid": 15004,
    "index": 10
  },
  {
    "name": "Require(8) node_modules/.3.6.0@egg-schedule/config/config.default.js",
    "start": 1547029074716,
    "end": 1547029074717,
    "duration": 1,
    "pid": 15004,
    "index": 11
  },
  {
    "name": "Require(9) node_modules/.2.4.0@egg-multipart/config/config.default.js",
    "start": 1547029074717,
    "end": 1547029074717,
    "duration": 0,
    "pid": 15004,
    "index": 12
  },
  {
    "name": "Require(10) node_modules/.2.4.1@egg-development/config/config.default.js",
    "start": 1547029074717,
    "end": 1547029074718,
    "duration": 1,
    "pid": 15004,
    "index": 13
  },
  {
    "name": "Require(11) node_modules/.3.0.5@egg-logrotator/config/config.default.js",
    "start": 1547029074718,
    "end": 1547029074718,
    "duration": 0,
    "pid": 15004,
    "index": 14
  },
  {
    "name": "Require(12) node_modules/.2.1.1@egg-static/config/config.default.js",
    "start": 1547029074718,
    "end": 1547029074719,
    "duration": 1,
    "pid": 15004,
    "index": 15
  },
  {
    "name": "Require(13) node_modules/.2.1.1@egg-view/config/config.default.js",
    "start": 1547029074719,
    "end": 1547029074719,
    "duration": 0,
    "pid": 15004,
    "index": 16
  },
  {
    "name": "Require(14) node_modules/.2.14.2@egg/config/config.default.js",
    "start": 1547029074719,
    "end": 1547029074720,
    "duration": 1,
    "pid": 15004,
    "index": 17
  },
  {
    "name": "Require(15) config/config.default.ts",
    "start": 1547029074721,
    "end": 1547029074721,
    "duration": 0,
    "pid": 15004,
    "index": 18
  },
  {
    "name": "Require(16) node_modules/.2.4.2@egg-security/config/config.local.js",
    "start": 1547029074721,
    "end": 1547029074721,
    "duration": 0,
    "pid": 15004,
    "index": 19
  },
  {
    "name": "Require(17) node_modules/.3.1.0@egg-watcher/config/config.local.js",
    "start": 1547029074722,
    "end": 1547029074722,
    "duration": 0,
    "pid": 15004,
    "index": 20
  },
  {
    "name": "Require(18) node_modules/.2.1.1@egg-view/config/config.local.js",
    "start": 1547029074723,
    "end": 1547029074723,
    "duration": 0,
    "pid": 15004,
    "index": 21
  },
  {
    "name": "Require(19) node_modules/.2.14.2@egg/config/config.local.js",
    "start": 1547029074723,
    "end": 1547029074723,
    "duration": 0,
    "pid": 15004,
    "index": 22
  },
  {
    "name": "Require(20) config/config.local.ts",
    "start": 1547029074723,
    "end": 1547029074723,
    "duration": 0,
    "pid": 15004,
    "index": 23
  },
  {
    "name": "Load extend/application.js",
    "start": 1547029074724,
    "end": 1547029074734,
    "duration": 10,
    "pid": 15004,
    "index": 24
  },
  {
    "name": "Require(21) node_modules/.3.1.0@egg-session/app/extend/application.js",
    "start": 1547029074725,
    "end": 1547029074725,
    "duration": 0,
    "pid": 15004,
    "index": 25
  },
  {
    "name": "Require(22) node_modules/.2.4.2@egg-security/app/extend/application.js",
    "start": 1547029074725,
    "end": 1547029074726,
    "duration": 1,
    "pid": 15004,
    "index": 26
  },
  {
    "name": "Require(23) node_modules/.2.0.0@egg-jsonp/app/extend/application.js",
    "start": 1547029074726,
    "end": 1547029074728,
    "duration": 2,
    "pid": 15004,
    "index": 27
  },
  {
    "name": "Require(24) node_modules/.3.0.5@egg-logrotator/app/extend/application.js",
    "start": 1547029074728,
    "end": 1547029074730,
    "duration": 2,
    "pid": 15004,
    "index": 28
  },
  {
    "name": "Require(25) node_modules/.2.1.1@egg-view/app/extend/application.js",
    "start": 1547029074731,
    "end": 1547029074732,
    "duration": 1,
    "pid": 15004,
    "index": 29
  },
  {
    "name": "Load extend/request.js",
    "start": 1547029074734,
    "end": 1547029074738,
    "duration": 4,
    "pid": 15004,
    "index": 30
  },
  {
    "name": "Require(26) node_modules/.2.14.2@egg/app/extend/request.js",
    "start": 1547029074735,
    "end": 1547029074736,
    "duration": 1,
    "pid": 15004,
    "index": 31
  },
  {
    "name": "Load extend/response.js",
    "start": 1547029074738,
    "end": 1547029074743,
    "duration": 5,
    "pid": 15004,
    "index": 32
  },
  {
    "name": "Require(27) node_modules/.2.14.2@egg/app/extend/response.js",
    "start": 1547029074739,
    "end": 1547029074741,
    "duration": 2,
    "pid": 15004,
    "index": 33
  },
  {
    "name": "Load extend/context.js",
    "start": 1547029074743,
    "end": 1547029074803,
    "duration": 60,
    "pid": 15004,
    "index": 34
  },
  {
    "name": "Require(28) node_modules/.2.4.2@egg-security/app/extend/context.js",
    "start": 1547029074743,
    "end": 1547029074754,
    "duration": 11,
    "pid": 15004,
    "index": 35
  },
  {
    "name": "Require(29) node_modules/.2.0.0@egg-jsonp/app/extend/context.js",
    "start": 1547029074754,
    "end": 1547029074755,
    "duration": 1,
    "pid": 15004,
    "index": 36
  },
  {
    "name": "Require(30) node_modules/.2.0.0@egg-i18n/app/extend/context.js",
    "start": 1547029074755,
    "end": 1547029074756,
    "duration": 1,
    "pid": 15004,
    "index": 37
  },
  {
    "name": "Require(31) node_modules/.2.4.0@egg-multipart/app/extend/context.js",
    "start": 1547029074756,
    "end": 1547029074797,
    "duration": 41,
    "pid": 15004,
    "index": 38
  },
  {
    "name": "Require(32) node_modules/.2.1.1@egg-view/app/extend/context.js",
    "start": 1547029074798,
    "end": 1547029074799,
    "duration": 1,
    "pid": 15004,
    "index": 39
  },
  {
    "name": "Require(33) node_modules/.2.14.2@egg/app/extend/context.js",
    "start": 1547029074799,
    "end": 1547029074801,
    "duration": 2,
    "pid": 15004,
    "index": 40
  },
  {
    "name": "Load extend/helper.js",
    "start": 1547029074803,
    "end": 1547029074817,
    "duration": 14,
    "pid": 15004,
    "index": 41
  },
  {
    "name": "Require(34) node_modules/.2.4.2@egg-security/app/extend/helper.js",
    "start": 1547029074803,
    "end": 1547029074813,
    "duration": 10,
    "pid": 15004,
    "index": 42
  },
  {
    "name": "Require(35) node_modules/.2.14.2@egg/app/extend/helper.js",
    "start": 1547029074815,
    "end": 1547029074815,
    "duration": 0,
    "pid": 15004,
    "index": 43
  },
  {
    "name": "Load app.js",
    "start": 1547029074817,
    "end": 1547029074841,
    "duration": 24,
    "pid": 15004,
    "index": 44
  },
  {
    "name": "Require(36) node_modules/.3.1.0@egg-session/app.js",
    "start": 1547029074817,
    "end": 1547029074817,
    "duration": 0,
    "pid": 15004,
    "index": 45
  },
  {
    "name": "Require(37) node_modules/.2.4.2@egg-security/app.js",
    "start": 1547029074818,
    "end": 1547029074819,
    "duration": 1,
    "pid": 15004,
    "index": 46
  },
  {
    "name": "Require(38) node_modules/.2.1.0@egg-onerror/app.js",
    "start": 1547029074819,
    "end": 1547029074828,
    "duration": 9,
    "pid": 15004,
    "index": 47
  },
  {
    "name": "Require(39) node_modules/.2.0.0@egg-i18n/app.js",
    "start": 1547029074828,
    "end": 1547029074833,
    "duration": 5,
    "pid": 15004,
    "index": 48
  },
  {
    "name": "Require(40) node_modules/.3.1.0@egg-watcher/app.js",
    "start": 1547029074833,
    "end": 1547029074836,
    "duration": 3,
    "pid": 15004,
    "index": 49
  },
  {
    "name": "Require(41) node_modules/.3.6.0@egg-schedule/app.js",
    "start": 1547029074836,
    "end": 1547029074837,
    "duration": 1,
    "pid": 15004,
    "index": 50
  },
  {
    "name": "Require(42) node_modules/.2.4.0@egg-multipart/app.js",
    "start": 1547029074838,
    "end": 1547029074839,
    "duration": 1,
    "pid": 15004,
    "index": 51
  },
  {
    "name": "Require(43) node_modules/.2.4.1@egg-development/app.js",
    "start": 1547029074840,
    "end": 1547029074840,
    "duration": 0,
    "pid": 15004,
    "index": 52
  },
  {
    "name": "Require(44) node_modules/.3.0.5@egg-logrotator/app.js",
    "start": 1547029074840,
    "end": 1547029074840,
    "duration": 0,
    "pid": 15004,
    "index": 53
  },
  {
    "name": "Require(45) node_modules/.2.1.1@egg-static/app.js",
    "start": 1547029074840,
    "end": 1547029074841,
    "duration": 1,
    "pid": 15004,
    "index": 54
  },
  {
    "name": "Before Start in node_modules/.3.1.0@egg-watcher/lib/init.js:15:14",
    "start": 1547029074853,
    "end": 1547029075007,
    "duration": 154,
    "pid": 15004,
    "index": 55
  },
  {
    "name": "Load Service",
    "start": 1547029074886,
    "end": 1547029074890,
    "duration": 4,
    "pid": 15004,
    "index": 56
  },
  {
    "name": "Load \"service\" to Context",
    "start": 1547029074886,
    "end": 1547029074890,
    "duration": 4,
    "pid": 15004,
    "index": 57
  },
  {
    "name": "Load Middleware",
    "start": 1547029074890,
    "end": 1547029074969,
    "duration": 79,
    "pid": 15004,
    "index": 58
  },
  {
    "name": "Load \"middlewares\" to Application",
    "start": 1547029074890,
    "end": 1547029074960,
    "duration": 70,
    "pid": 15004,
    "index": 59
  },
  {
    "name": "Load Controller",
    "start": 1547029074969,
    "end": 1547029074979,
    "duration": 10,
    "pid": 15004,
    "index": 60
  },
  {
    "name": "Load \"controller\" to Application",
    "start": 1547029074969,
    "end": 1547029074979,
    "duration": 10,
    "pid": 15004,
    "index": 61
  },
  {
    "name": "Load Router",
    "start": 1547029074979,
    "end": 1547029074981,
    "duration": 2,
    "pid": 15004,
    "index": 62
  },
  {
    "name": "Require(46) app/router.ts",
    "start": 1547029074979,
    "end": 1547029074979,
    "duration": 0,
    "pid": 15004,
    "index": 63
  },
  {
    "name": "Before Start in node_modules/.4.13.0@egg-core/lib/egg.js:287:10",
    "start": 1547029074979,
    "end": 1547029074998,
    "duration": 19,
    "pid": 15004,
    "index": 64
  }
]