[
  {
    "name": "Application Start",
    "start": 1547025725989,
    "end": 1547025726268,
    "duration": 279,
    "pid": 16152,
    "index": 0
  },
  {
    "name": "Load Plugin",
    "start": 1547025725992,
    "end": 1547025726005,
    "duration": 13,
    "pid": 16152,
    "index": 1
  },
  {
    "name": "Load Config",
    "start": 1547025726005,
    "end": 1547025726017,
    "duration": 12,
    "pid": 16152,
    "index": 2
  },
  {
    "name": "Require(0) config/config.default.ts",
    "start": 1547025726006,
    "end": 1547025726006,
    "duration": 0,
    "pid": 16152,
    "index": 3
  },
  {
    "name": "Require(1) config/config.local.ts",
    "start": 1547025726007,
    "end": 1547025726007,
    "duration": 0,
    "pid": 16152,
    "index": 4
  },
  {
    "name": "Require(2) node_modules/.3.1.0@egg-session/config/config.default.js",
    "start": 1547025726007,
    "end": 1547025726008,
    "duration": 1,
    "pid": 16152,
    "index": 5
  },
  {
    "name": "Require(3) node_modules/.2.4.2@egg-security/config/config.default.js",
    "start": 1547025726008,
    "end": 1547025726008,
    "duration": 0,
    "pid": 16152,
    "index": 6
  },
  {
    "name": "Require(4) node_modules/.2.0.0@egg-jsonp/config/config.default.js",
    "start": 1547025726009,
    "end": 1547025726009,
    "duration": 0,
    "pid": 16152,
    "index": 7
  },
  {
    "name": "Require(5) node_modules/.2.1.0@egg-onerror/config/config.default.js",
    "start": 1547025726009,
    "end": 1547025726009,
    "duration": 0,
    "pid": 16152,
    "index": 8
  },
  {
    "name": "Require(6) node_modules/.2.0.0@egg-i18n/config/config.default.js",
    "start": 1547025726009,
    "end": 1547025726010,
    "duration": 1,
    "pid": 16152,
    "index": 9
  },
  {
    "name": "Require(7) node_modules/.3.1.0@egg-watcher/config/config.default.js",
    "start": 1547025726010,
    "end": 1547025726010,
    "duration": 0,
    "pid": 16152,
    "index": 10
  },
  {
    "name": "Require(8) node_modules/.3.6.0@egg-schedule/config/config.default.js",
    "start": 1547025726010,
    "end": 1547025726010,
    "duration": 0,
    "pid": 16152,
    "index": 11
  },
  {
    "name": "Require(9) node_modules/.2.4.0@egg-multipart/config/config.default.js",
    "start": 1547025726011,
    "end": 1547025726011,
    "duration": 0,
    "pid": 16152,
    "index": 12
  },
  {
    "name": "Require(10) node_modules/.2.4.1@egg-development/config/config.default.js",
    "start": 1547025726011,
    "end": 1547025726012,
    "duration": 1,
    "pid": 16152,
    "index": 13
  },
  {
    "name": "Require(11) node_modules/.3.0.5@egg-logrotator/config/config.default.js",
    "start": 1547025726012,
    "end": 1547025726012,
    "duration": 0,
    "pid": 16152,
    "index": 14
  },
  {
    "name": "Require(12) node_modules/.2.1.1@egg-static/config/config.default.js",
    "start": 1547025726012,
    "end": 1547025726012,
    "duration": 0,
    "pid": 16152,
    "index": 15
  },
  {
    "name": "Require(13) node_modules/.2.1.1@egg-view/config/config.default.js",
    "start": 1547025726013,
    "end": 1547025726013,
    "duration": 0,
    "pid": 16152,
    "index": 16
  },
  {
    "name": "Require(14) node_modules/.2.14.2@egg/config/config.default.js",
    "start": 1547025726013,
    "end": 1547025726013,
    "duration": 0,
    "pid": 16152,
    "index": 17
  },
  {
    "name": "Require(15) config/config.default.ts",
    "start": 1547025726014,
    "end": 1547025726014,
    "duration": 0,
    "pid": 16152,
    "index": 18
  },
  {
    "name": "Require(16) node_modules/.2.4.2@egg-security/config/config.local.js",
    "start": 1547025726015,
    "end": 1547025726015,
    "duration": 0,
    "pid": 16152,
    "index": 19
  },
  {
    "name": "Require(17) node_modules/.3.1.0@egg-watcher/config/config.local.js",
    "start": 1547025726016,
    "end": 1547025726016,
    "duration": 0,
    "pid": 16152,
    "index": 20
  },
  {
    "name": "Require(18) node_modules/.2.1.1@egg-view/config/config.local.js",
    "start": 1547025726017,
    "end": 1547025726017,
    "duration": 0,
    "pid": 16152,
    "index": 21
  },
  {
    "name": "Require(19) node_modules/.2.14.2@egg/config/config.local.js",
    "start": 1547025726017,
    "end": 1547025726017,
    "duration": 0,
    "pid": 16152,
    "index": 22
  },
  {
    "name": "Require(20) config/config.local.ts",
    "start": 1547025726017,
    "end": 1547025726017,
    "duration": 0,
    "pid": 16152,
    "index": 23
  },
  {
    "name": "Load extend/application.js",
    "start": 1547025726018,
    "end": 1547025726028,
    "duration": 10,
    "pid": 16152,
    "index": 24
  },
  {
    "name": "Require(21) node_modules/.3.1.0@egg-session/app/extend/application.js",
    "start": 1547025726019,
    "end": 1547025726019,
    "duration": 0,
    "pid": 16152,
    "index": 25
  },
  {
    "name": "Require(22) node_modules/.2.4.2@egg-security/app/extend/application.js",
    "start": 1547025726019,
    "end": 1547025726020,
    "duration": 1,
    "pid": 16152,
    "index": 26
  },
  {
    "name": "Require(23) node_modules/.2.0.0@egg-jsonp/app/extend/application.js",
    "start": 1547025726020,
    "end": 1547025726022,
    "duration": 2,
    "pid": 16152,
    "index": 27
  },
  {
    "name": "Require(24) node_modules/.3.0.5@egg-logrotator/app/extend/application.js",
    "start": 1547025726023,
    "end": 1547025726025,
    "duration": 2,
    "pid": 16152,
    "index": 28
  },
  {
    "name": "Require(25) node_modules/.2.1.1@egg-view/app/extend/application.js",
    "start": 1547025726025,
    "end": 1547025726026,
    "duration": 1,
    "pid": 16152,
    "index": 29
  },
  {
    "name": "Load extend/request.js",
    "start": 1547025726028,
    "end": 1547025726035,
    "duration": 7,
    "pid": 16152,
    "index": 30
  },
  {
    "name": "Require(26) node_modules/.2.14.2@egg/app/extend/request.js",
    "start": 1547025726030,
    "end": 1547025726033,
    "duration": 3,
    "pid": 16152,
    "index": 31
  },
  {
    "name": "Load extend/response.js",
    "start": 1547025726035,
    "end": 1547025726040,
    "duration": 5,
    "pid": 16152,
    "index": 32
  },
  {
    "name": "Require(27) node_modules/.2.14.2@egg/app/extend/response.js",
    "start": 1547025726037,
    "end": 1547025726038,
    "duration": 1,
    "pid": 16152,
    "index": 33
  },
  {
    "name": "Load extend/context.js",
    "start": 1547025726040,
    "end": 1547025726093,
    "duration": 53,
    "pid": 16152,
    "index": 34
  },
  {
    "name": "Require(28) node_modules/.2.4.2@egg-security/app/extend/context.js",
    "start": 1547025726040,
    "end": 1547025726050,
    "duration": 10,
    "pid": 16152,
    "index": 35
  },
  {
    "name": "Require(29) node_modules/.2.0.0@egg-jsonp/app/extend/context.js",
    "start": 1547025726050,
    "end": 1547025726051,
    "duration": 1,
    "pid": 16152,
    "index": 36
  },
  {
    "name": "Require(30) node_modules/.2.0.0@egg-i18n/app/extend/context.js",
    "start": 1547025726052,
    "end": 1547025726052,
    "duration": 0,
    "pid": 16152,
    "index": 37
  },
  {
    "name": "Require(31) node_modules/.2.4.0@egg-multipart/app/extend/context.js",
    "start": 1547025726053,
    "end": 1547025726089,
    "duration": 36,
    "pid": 16152,
    "index": 38
  },
  {
    "name": "Require(32) node_modules/.2.1.1@egg-view/app/extend/context.js",
    "start": 1547025726089,
    "end": 1547025726090,
    "duration": 1,
    "pid": 16152,
    "index": 39
  },
  {
    "name": "Require(33) node_modules/.2.14.2@egg/app/extend/context.js",
    "start": 1547025726090,
    "end": 1547025726091,
    "duration": 1,
    "pid": 16152,
    "index": 40
  },
  {
    "name": "Load extend/helper.js",
    "start": 1547025726093,
    "end": 1547025726106,
    "duration": 13,
    "pid": 16152,
    "index": 41
  },
  {
    "name": "Require(34) node_modules/.2.4.2@egg-security/app/extend/helper.js",
    "start": 1547025726094,
    "end": 1547025726103,
    "duration": 9,
    "pid": 16152,
    "index": 42
  },
  {
    "name": "Require(35) node_modules/.2.14.2@egg/app/extend/helper.js",
    "start": 1547025726105,
    "end": 1547025726105,
    "duration": 0,
    "pid": 16152,
    "index": 43
  },
  {
    "name": "Load app.js",
    "start": 1547025726107,
    "end": 1547025726131,
    "duration": 24,
    "pid": 16152,
    "index": 44
  },
  {
    "name": "Require(36) node_modules/.3.1.0@egg-session/app.js",
    "start": 1547025726107,
    "end": 1547025726107,
    "duration": 0,
    "pid": 16152,
    "index": 45
  },
  {
    "name": "Require(37) node_modules/.2.4.2@egg-security/app.js",
    "start": 1547025726107,
    "end": 1547025726109,
    "duration": 2,
    "pid": 16152,
    "index": 46
  },
  {
    "name": "Require(38) node_modules/.2.1.0@egg-onerror/app.js",
    "start": 1547025726109,
    "end": 1547025726117,
    "duration": 8,
    "pid": 16152,
    "index": 47
  },
  {
    "name": "Require(39) node_modules/.2.0.0@egg-i18n/app.js",
    "start": 1547025726117,
    "end": 1547025726122,
    "duration": 5,
    "pid": 16152,
    "index": 48
  },
  {
    "name": "Require(40) node_modules/.3.1.0@egg-watcher/app.js",
    "start": 1547025726122,
    "end": 1547025726125,
    "duration": 3,
    "pid": 16152,
    "index": 49
  },
  {
    "name": "Require(41) node_modules/.3.6.0@egg-schedule/app.js",
    "start": 1547025726125,
    "end": 1547025726127,
    "duration": 2,
    "pid": 16152,
    "index": 50
  },
  {
    "name": "Require(42) node_modules/.2.4.0@egg-multipart/app.js",
    "start": 1547025726127,
    "end": 1547025726129,
    "duration": 2,
    "pid": 16152,
    "index": 51
  },
  {
    "name": "Require(43) node_modules/.2.4.1@egg-development/app.js",
    "start": 1547025726129,
    "end": 1547025726129,
    "duration": 0,
    "pid": 16152,
    "index": 52
  },
  {
    "name": "Require(44) node_modules/.3.0.5@egg-logrotator/app.js",
    "start": 1547025726129,
    "end": 1547025726130,
    "duration": 1,
    "pid": 16152,
    "index": 53
  },
  {
    "name": "Require(45) node_modules/.2.1.1@egg-static/app.js",
    "start": 1547025726130,
    "end": 1547025726130,
    "duration": 0,
    "pid": 16152,
    "index": 54
  },
  {
    "name": "Before Start in node_modules/.3.1.0@egg-watcher/lib/init.js:15:14",
    "start": 1547025726139,
    "end": 1547025726267,
    "duration": 128,
    "pid": 16152,
    "index": 55
  },
  {
    "name": "Load Service",
    "start": 1547025726169,
    "end": 1547025726173,
    "duration": 4,
    "pid": 16152,
    "index": 56
  },
  {
    "name": "Load \"service\" to Context",
    "start": 1547025726169,
    "end": 1547025726173,
    "duration": 4,
    "pid": 16152,
    "index": 57
  },
  {
    "name": "Load Middleware",
    "start": 1547025726173,
    "end": 1547025726243,
    "duration": 70,
    "pid": 16152,
    "index": 58
  },
  {
    "name": "Load \"middlewares\" to Application",
    "start": 1547025726174,
    "end": 1547025726236,
    "duration": 62,
    "pid": 16152,
    "index": 59
  },
  {
    "name": "Load Controller",
    "start": 1547025726243,
    "end": 1547025726247,
    "duration": 4,
    "pid": 16152,
    "index": 60
  },
  {
    "name": "Load \"controller\" to Application",
    "start": 1547025726243,
    "end": 1547025726247,
    "duration": 4,
    "pid": 16152,
    "index": 61
  },
  {
    "name": "Load Router",
    "start": 1547025726247,
    "end": 1547025726249,
    "duration": 2,
    "pid": 16152,
    "index": 62
  },
  {
    "name": "Require(46) app/router.ts",
    "start": 1547025726247,
    "end": 1547025726247,
    "duration": 0,
    "pid": 16152,
    "index": 63
  },
  {
    "name": "Before Start in node_modules/.4.13.0@egg-core/lib/egg.js:287:10",
    "start": 1547025726247,
    "end": 1547025726259,
    "duration": 12,
    "pid": 16152,
    "index": 64
  }
]