[
  {
    "name": "Application Start",
    "start": 1547030158851,
    "end": 1547030160747,
    "duration": 1896,
    "pid": 9268,
    "index": 0
  },
  {
    "name": "Load Plugin",
    "start": 1547030158855,
    "end": 1547030158868,
    "duration": 13,
    "pid": 9268,
    "index": 1
  },
  {
    "name": "Load Config",
    "start": 1547030158868,
    "end": 1547030158880,
    "duration": 12,
    "pid": 9268,
    "index": 2
  },
  {
    "name": "Require(0) config/config.default.ts",
    "start": 1547030158868,
    "end": 1547030158869,
    "duration": 1,
    "pid": 9268,
    "index": 3
  },
  {
    "name": "Require(1) config/config.local.ts",
    "start": 1547030158870,
    "end": 1547030158870,
    "duration": 0,
    "pid": 9268,
    "index": 4
  },
  {
    "name": "Require(2) node_modules/.3.1.0@egg-session/config/config.default.js",
    "start": 1547030158870,
    "end": 1547030158870,
    "duration": 0,
    "pid": 9268,
    "index": 5
  },
  {
    "name": "Require(3) node_modules/.2.4.2@egg-security/config/config.default.js",
    "start": 1547030158871,
    "end": 1547030158871,
    "duration": 0,
    "pid": 9268,
    "index": 6
  },
  {
    "name": "Require(4) node_modules/.2.0.0@egg-jsonp/config/config.default.js",
    "start": 1547030158871,
    "end": 1547030158872,
    "duration": 1,
    "pid": 9268,
    "index": 7
  },
  {
    "name": "Require(5) node_modules/.2.1.0@egg-onerror/config/config.default.js",
    "start": 1547030158872,
    "end": 1547030158872,
    "duration": 0,
    "pid": 9268,
    "index": 8
  },
  {
    "name": "Require(6) node_modules/.2.0.0@egg-i18n/config/config.default.js",
    "start": 1547030158872,
    "end": 1547030158872,
    "duration": 0,
    "pid": 9268,
    "index": 9
  },
  {
    "name": "Require(7) node_modules/.3.1.0@egg-watcher/config/config.default.js",
    "start": 1547030158873,
    "end": 1547030158873,
    "duration": 0,
    "pid": 9268,
    "index": 10
  },
  {
    "name": "Require(8) node_modules/.3.6.0@egg-schedule/config/config.default.js",
    "start": 1547030158873,
    "end": 1547030158873,
    "duration": 0,
    "pid": 9268,
    "index": 11
  },
  {
    "name": "Require(9) node_modules/.2.4.0@egg-multipart/config/config.default.js",
    "start": 1547030158874,
    "end": 1547030158874,
    "duration": 0,
    "pid": 9268,
    "index": 12
  },
  {
    "name": "Require(10) node_modules/.2.4.1@egg-development/config/config.default.js",
    "start": 1547030158874,
    "end": 1547030158874,
    "duration": 0,
    "pid": 9268,
    "index": 13
  },
  {
    "name": "Require(11) node_modules/.3.0.5@egg-logrotator/config/config.default.js",
    "start": 1547030158875,
    "end": 1547030158875,
    "duration": 0,
    "pid": 9268,
    "index": 14
  },
  {
    "name": "Require(12) node_modules/.2.1.1@egg-static/config/config.default.js",
    "start": 1547030158875,
    "end": 1547030158875,
    "duration": 0,
    "pid": 9268,
    "index": 15
  },
  {
    "name": "Require(13) node_modules/.2.1.1@egg-view/config/config.default.js",
    "start": 1547030158876,
    "end": 1547030158876,
    "duration": 0,
    "pid": 9268,
    "index": 16
  },
  {
    "name": "Require(14) node_modules/.2.14.2@egg/config/config.default.js",
    "start": 1547030158876,
    "end": 1547030158876,
    "duration": 0,
    "pid": 9268,
    "index": 17
  },
  {
    "name": "Require(15) config/config.default.ts",
    "start": 1547030158878,
    "end": 1547030158878,
    "duration": 0,
    "pid": 9268,
    "index": 18
  },
  {
    "name": "Require(16) node_modules/.2.4.2@egg-security/config/config.local.js",
    "start": 1547030158878,
    "end": 1547030158878,
    "duration": 0,
    "pid": 9268,
    "index": 19
  },
  {
    "name": "Require(17) node_modules/.3.1.0@egg-watcher/config/config.local.js",
    "start": 1547030158879,
    "end": 1547030158879,
    "duration": 0,
    "pid": 9268,
    "index": 20
  },
  {
    "name": "Require(18) node_modules/.2.1.1@egg-view/config/config.local.js",
    "start": 1547030158880,
    "end": 1547030158880,
    "duration": 0,
    "pid": 9268,
    "index": 21
  },
  {
    "name": "Require(19) node_modules/.2.14.2@egg/config/config.local.js",
    "start": 1547030158880,
    "end": 1547030158880,
    "duration": 0,
    "pid": 9268,
    "index": 22
  },
  {
    "name": "Require(20) config/config.local.ts",
    "start": 1547030158880,
    "end": 1547030158880,
    "duration": 0,
    "pid": 9268,
    "index": 23
  },
  {
    "name": "Load extend/application.js",
    "start": 1547030158882,
    "end": 1547030158893,
    "duration": 11,
    "pid": 9268,
    "index": 24
  },
  {
    "name": "Require(21) node_modules/.3.1.0@egg-session/app/extend/application.js",
    "start": 1547030158882,
    "end": 1547030158882,
    "duration": 0,
    "pid": 9268,
    "index": 25
  },
  {
    "name": "Require(22) node_modules/.2.4.2@egg-security/app/extend/application.js",
    "start": 1547030158883,
    "end": 1547030158884,
    "duration": 1,
    "pid": 9268,
    "index": 26
  },
  {
    "name": "Require(23) node_modules/.2.0.0@egg-jsonp/app/extend/application.js",
    "start": 1547030158884,
    "end": 1547030158885,
    "duration": 1,
    "pid": 9268,
    "index": 27
  },
  {
    "name": "Require(24) node_modules/.3.0.5@egg-logrotator/app/extend/application.js",
    "start": 1547030158886,
    "end": 1547030158889,
    "duration": 3,
    "pid": 9268,
    "index": 28
  },
  {
    "name": "Require(25) node_modules/.2.1.1@egg-view/app/extend/application.js",
    "start": 1547030158890,
    "end": 1547030158891,
    "duration": 1,
    "pid": 9268,
    "index": 29
  },
  {
    "name": "Load extend/request.js",
    "start": 1547030158893,
    "end": 1547030158898,
    "duration": 5,
    "pid": 9268,
    "index": 30
  },
  {
    "name": "Require(26) node_modules/.2.14.2@egg/app/extend/request.js",
    "start": 1547030158895,
    "end": 1547030158896,
    "duration": 1,
    "pid": 9268,
    "index": 31
  },
  {
    "name": "Load extend/response.js",
    "start": 1547030158898,
    "end": 1547030158902,
    "duration": 4,
    "pid": 9268,
    "index": 32
  },
  {
    "name": "Require(27) node_modules/.2.14.2@egg/app/extend/response.js",
    "start": 1547030158899,
    "end": 1547030158901,
    "duration": 2,
    "pid": 9268,
    "index": 33
  },
  {
    "name": "Load extend/context.js",
    "start": 1547030158902,
    "end": 1547030158954,
    "duration": 52,
    "pid": 9268,
    "index": 34
  },
  {
    "name": "Require(28) node_modules/.2.4.2@egg-security/app/extend/context.js",
    "start": 1547030158902,
    "end": 1547030158912,
    "duration": 10,
    "pid": 9268,
    "index": 35
  },
  {
    "name": "Require(29) node_modules/.2.0.0@egg-jsonp/app/extend/context.js",
    "start": 1547030158912,
    "end": 1547030158913,
    "duration": 1,
    "pid": 9268,
    "index": 36
  },
  {
    "name": "Require(30) node_modules/.2.0.0@egg-i18n/app/extend/context.js",
    "start": 1547030158913,
    "end": 1547030158914,
    "duration": 1,
    "pid": 9268,
    "index": 37
  },
  {
    "name": "Require(31) node_modules/.2.4.0@egg-multipart/app/extend/context.js",
    "start": 1547030158914,
    "end": 1547030158949,
    "duration": 35,
    "pid": 9268,
    "index": 38
  },
  {
    "name": "Require(32) node_modules/.2.1.1@egg-view/app/extend/context.js",
    "start": 1547030158950,
    "end": 1547030158951,
    "duration": 1,
    "pid": 9268,
    "index": 39
  },
  {
    "name": "Require(33) node_modules/.2.14.2@egg/app/extend/context.js",
    "start": 1547030158951,
    "end": 1547030158952,
    "duration": 1,
    "pid": 9268,
    "index": 40
  },
  {
    "name": "Load extend/helper.js",
    "start": 1547030158954,
    "end": 1547030158968,
    "duration": 14,
    "pid": 9268,
    "index": 41
  },
  {
    "name": "Require(34) node_modules/.2.4.2@egg-security/app/extend/helper.js",
    "start": 1547030158954,
    "end": 1547030158965,
    "duration": 11,
    "pid": 9268,
    "index": 42
  },
  {
    "name": "Require(35) node_modules/.2.14.2@egg/app/extend/helper.js",
    "start": 1547030158966,
    "end": 1547030158966,
    "duration": 0,
    "pid": 9268,
    "index": 43
  },
  {
    "name": "Load app.js",
    "start": 1547030158968,
    "end": 1547030158994,
    "duration": 26,
    "pid": 9268,
    "index": 44
  },
  {
    "name": "Require(36) node_modules/.3.1.0@egg-session/app.js",
    "start": 1547030158968,
    "end": 1547030158968,
    "duration": 0,
    "pid": 9268,
    "index": 45
  },
  {
    "name": "Require(37) node_modules/.2.4.2@egg-security/app.js",
    "start": 1547030158968,
    "end": 1547030158970,
    "duration": 2,
    "pid": 9268,
    "index": 46
  },
  {
    "name": "Require(38) node_modules/.2.1.0@egg-onerror/app.js",
    "start": 1547030158970,
    "end": 1547030158978,
    "duration": 8,
    "pid": 9268,
    "index": 47
  },
  {
    "name": "Require(39) node_modules/.2.0.0@egg-i18n/app.js",
    "start": 1547030158978,
    "end": 1547030158985,
    "duration": 7,
    "pid": 9268,
    "index": 48
  },
  {
    "name": "Require(40) node_modules/.3.1.0@egg-watcher/app.js",
    "start": 1547030158985,
    "end": 1547030158988,
    "duration": 3,
    "pid": 9268,
    "index": 49
  },
  {
    "name": "Require(41) node_modules/.3.6.0@egg-schedule/app.js",
    "start": 1547030158989,
    "end": 1547030158990,
    "duration": 1,
    "pid": 9268,
    "index": 50
  },
  {
    "name": "Require(42) node_modules/.2.4.0@egg-multipart/app.js",
    "start": 1547030158990,
    "end": 1547030158992,
    "duration": 2,
    "pid": 9268,
    "index": 51
  },
  {
    "name": "Require(43) node_modules/.2.4.1@egg-development/app.js",
    "start": 1547030158992,
    "end": 1547030158992,
    "duration": 0,
    "pid": 9268,
    "index": 52
  },
  {
    "name": "Require(44) node_modules/.3.0.5@egg-logrotator/app.js",
    "start": 1547030158993,
    "end": 1547030158993,
    "duration": 0,
    "pid": 9268,
    "index": 53
  },
  {
    "name": "Require(45) node_modules/.2.1.1@egg-static/app.js",
    "start": 1547030158993,
    "end": 1547030158993,
    "duration": 0,
    "pid": 9268,
    "index": 54
  },
  {
    "name": "Before Start in node_modules/.3.1.0@egg-watcher/lib/init.js:15:14",
    "start": 1547030159003,
    "end": 1547030160747,
    "duration": 1744,
    "pid": 9268,
    "index": 55
  },
  {
    "name": "Load Service",
    "start": 1547030159034,
    "end": 1547030159037,
    "duration": 3,
    "pid": 9268,
    "index": 56
  },
  {
    "name": "Load \"service\" to Context",
    "start": 1547030159034,
    "end": 1547030159037,
    "duration": 3,
    "pid": 9268,
    "index": 57
  },
  {
    "name": "Load Middleware",
    "start": 1547030159037,
    "end": 1547030159111,
    "duration": 74,
    "pid": 9268,
    "index": 58
  },
  {
    "name": "Load \"middlewares\" to Application",
    "start": 1547030159037,
    "end": 1547030159102,
    "duration": 65,
    "pid": 9268,
    "index": 59
  },
  {
    "name": "Load Controller",
    "start": 1547030159111,
    "end": 1547030160681,
    "duration": 1570,
    "pid": 9268,
    "index": 60
  },
  {
    "name": "Load \"controller\" to Application",
    "start": 1547030159111,
    "end": 1547030160681,
    "duration": 1570,
    "pid": 9268,
    "index": 61
  },
  {
    "name": "Load Router",
    "start": 1547030160681,
    "end": 1547030160683,
    "duration": 2,
    "pid": 9268,
    "index": 62
  },
  {
    "name": "Require(46) app/router.ts",
    "start": 1547030160682,
    "end": 1547030160682,
    "duration": 0,
    "pid": 9268,
    "index": 63
  },
  {
    "name": "Before Start in node_modules/.4.13.0@egg-core/lib/egg.js:287:10",
    "start": 1547030160682,
    "end": 1547030160697,
    "duration": 15,
    "pid": 9268,
    "index": 64
  }
]