[
  {
    "name": "Application Start",
    "start": 1547025695326,
    "end": 1547025697102,
    "duration": 1776,
    "pid": 12056,
    "index": 0
  },
  {
    "name": "Load Plugin",
    "start": 1547025695329,
    "end": 1547025695342,
    "duration": 13,
    "pid": 12056,
    "index": 1
  },
  {
    "name": "Load Config",
    "start": 1547025695342,
    "end": 1547025695354,
    "duration": 12,
    "pid": 12056,
    "index": 2
  },
  {
    "name": "Require(0) config/config.default.ts",
    "start": 1547025695342,
    "end": 1547025695343,
    "duration": 1,
    "pid": 12056,
    "index": 3
  },
  {
    "name": "Require(1) config/config.local.ts",
    "start": 1547025695343,
    "end": 1547025695343,
    "duration": 0,
    "pid": 12056,
    "index": 4
  },
  {
    "name": "Require(2) node_modules/.3.1.0@egg-session/config/config.default.js",
    "start": 1547025695344,
    "end": 1547025695344,
    "duration": 0,
    "pid": 12056,
    "index": 5
  },
  {
    "name": "Require(3) node_modules/.2.4.2@egg-security/config/config.default.js",
    "start": 1547025695344,
    "end": 1547025695344,
    "duration": 0,
    "pid": 12056,
    "index": 6
  },
  {
    "name": "Require(4) node_modules/.2.0.0@egg-jsonp/config/config.default.js",
    "start": 1547025695345,
    "end": 1547025695345,
    "duration": 0,
    "pid": 12056,
    "index": 7
  },
  {
    "name": "Require(5) node_modules/.2.1.0@egg-onerror/config/config.default.js",
    "start": 1547025695346,
    "end": 1547025695346,
    "duration": 0,
    "pid": 12056,
    "index": 8
  },
  {
    "name": "Require(6) node_modules/.2.0.0@egg-i18n/config/config.default.js",
    "start": 1547025695346,
    "end": 1547025695346,
    "duration": 0,
    "pid": 12056,
    "index": 9
  },
  {
    "name": "Require(7) node_modules/.3.1.0@egg-watcher/config/config.default.js",
    "start": 1547025695347,
    "end": 1547025695347,
    "duration": 0,
    "pid": 12056,
    "index": 10
  },
  {
    "name": "Require(8) node_modules/.3.6.0@egg-schedule/config/config.default.js",
    "start": 1547025695347,
    "end": 1547025695347,
    "duration": 0,
    "pid": 12056,
    "index": 11
  },
  {
    "name": "Require(9) node_modules/.2.4.0@egg-multipart/config/config.default.js",
    "start": 1547025695348,
    "end": 1547025695348,
    "duration": 0,
    "pid": 12056,
    "index": 12
  },
  {
    "name": "Require(10) node_modules/.2.4.1@egg-development/config/config.default.js",
    "start": 1547025695348,
    "end": 1547025695348,
    "duration": 0,
    "pid": 12056,
    "index": 13
  },
  {
    "name": "Require(11) node_modules/.3.0.5@egg-logrotator/config/config.default.js",
    "start": 1547025695349,
    "end": 1547025695349,
    "duration": 0,
    "pid": 12056,
    "index": 14
  },
  {
    "name": "Require(12) node_modules/.2.1.1@egg-static/config/config.default.js",
    "start": 1547025695349,
    "end": 1547025695349,
    "duration": 0,
    "pid": 12056,
    "index": 15
  },
  {
    "name": "Require(13) node_modules/.2.1.1@egg-view/config/config.default.js",
    "start": 1547025695350,
    "end": 1547025695350,
    "duration": 0,
    "pid": 12056,
    "index": 16
  },
  {
    "name": "Require(14) node_modules/.2.14.2@egg/config/config.default.js",
    "start": 1547025695350,
    "end": 1547025695350,
    "duration": 0,
    "pid": 12056,
    "index": 17
  },
  {
    "name": "Require(15) config/config.default.ts",
    "start": 1547025695352,
    "end": 1547025695352,
    "duration": 0,
    "pid": 12056,
    "index": 18
  },
  {
    "name": "Require(16) node_modules/.2.4.2@egg-security/config/config.local.js",
    "start": 1547025695352,
    "end": 1547025695352,
    "duration": 0,
    "pid": 12056,
    "index": 19
  },
  {
    "name": "Require(17) node_modules/.3.1.0@egg-watcher/config/config.local.js",
    "start": 1547025695353,
    "end": 1547025695353,
    "duration": 0,
    "pid": 12056,
    "index": 20
  },
  {
    "name": "Require(18) node_modules/.2.1.1@egg-view/config/config.local.js",
    "start": 1547025695354,
    "end": 1547025695354,
    "duration": 0,
    "pid": 12056,
    "index": 21
  },
  {
    "name": "Require(19) node_modules/.2.14.2@egg/config/config.local.js",
    "start": 1547025695354,
    "end": 1547025695354,
    "duration": 0,
    "pid": 12056,
    "index": 22
  },
  {
    "name": "Require(20) config/config.local.ts",
    "start": 1547025695354,
    "end": 1547025695354,
    "duration": 0,
    "pid": 12056,
    "index": 23
  },
  {
    "name": "Load extend/application.js",
    "start": 1547025695355,
    "end": 1547025695364,
    "duration": 9,
    "pid": 12056,
    "index": 24
  },
  {
    "name": "Require(21) node_modules/.3.1.0@egg-session/app/extend/application.js",
    "start": 1547025695355,
    "end": 1547025695356,
    "duration": 1,
    "pid": 12056,
    "index": 25
  },
  {
    "name": "Require(22) node_modules/.2.4.2@egg-security/app/extend/application.js",
    "start": 1547025695356,
    "end": 1547025695356,
    "duration": 0,
    "pid": 12056,
    "index": 26
  },
  {
    "name": "Require(23) node_modules/.2.0.0@egg-jsonp/app/extend/application.js",
    "start": 1547025695357,
    "end": 1547025695358,
    "duration": 1,
    "pid": 12056,
    "index": 27
  },
  {
    "name": "Require(24) node_modules/.3.0.5@egg-logrotator/app/extend/application.js",
    "start": 1547025695359,
    "end": 1547025695360,
    "duration": 1,
    "pid": 12056,
    "index": 28
  },
  {
    "name": "Require(25) node_modules/.2.1.1@egg-view/app/extend/application.js",
    "start": 1547025695361,
    "end": 1547025695362,
    "duration": 1,
    "pid": 12056,
    "index": 29
  },
  {
    "name": "Load extend/request.js",
    "start": 1547025695364,
    "end": 1547025695368,
    "duration": 4,
    "pid": 12056,
    "index": 30
  },
  {
    "name": "Require(26) node_modules/.2.14.2@egg/app/extend/request.js",
    "start": 1547025695366,
    "end": 1547025695367,
    "duration": 1,
    "pid": 12056,
    "index": 31
  },
  {
    "name": "Load extend/response.js",
    "start": 1547025695368,
    "end": 1547025695373,
    "duration": 5,
    "pid": 12056,
    "index": 32
  },
  {
    "name": "Require(27) node_modules/.2.14.2@egg/app/extend/response.js",
    "start": 1547025695370,
    "end": 1547025695371,
    "duration": 1,
    "pid": 12056,
    "index": 33
  },
  {
    "name": "Load extend/context.js",
    "start": 1547025695373,
    "end": 1547025695425,
    "duration": 52,
    "pid": 12056,
    "index": 34
  },
  {
    "name": "Require(28) node_modules/.2.4.2@egg-security/app/extend/context.js",
    "start": 1547025695373,
    "end": 1547025695383,
    "duration": 10,
    "pid": 12056,
    "index": 35
  },
  {
    "name": "Require(29) node_modules/.2.0.0@egg-jsonp/app/extend/context.js",
    "start": 1547025695383,
    "end": 1547025695384,
    "duration": 1,
    "pid": 12056,
    "index": 36
  },
  {
    "name": "Require(30) node_modules/.2.0.0@egg-i18n/app/extend/context.js",
    "start": 1547025695384,
    "end": 1547025695385,
    "duration": 1,
    "pid": 12056,
    "index": 37
  },
  {
    "name": "Require(31) node_modules/.2.4.0@egg-multipart/app/extend/context.js",
    "start": 1547025695385,
    "end": 1547025695421,
    "duration": 36,
    "pid": 12056,
    "index": 38
  },
  {
    "name": "Require(32) node_modules/.2.1.1@egg-view/app/extend/context.js",
    "start": 1547025695421,
    "end": 1547025695422,
    "duration": 1,
    "pid": 12056,
    "index": 39
  },
  {
    "name": "Require(33) node_modules/.2.14.2@egg/app/extend/context.js",
    "start": 1547025695422,
    "end": 1547025695423,
    "duration": 1,
    "pid": 12056,
    "index": 40
  },
  {
    "name": "Load extend/helper.js",
    "start": 1547025695425,
    "end": 1547025695439,
    "duration": 14,
    "pid": 12056,
    "index": 41
  },
  {
    "name": "Require(34) node_modules/.2.4.2@egg-security/app/extend/helper.js",
    "start": 1547025695425,
    "end": 1547025695436,
    "duration": 11,
    "pid": 12056,
    "index": 42
  },
  {
    "name": "Require(35) node_modules/.2.14.2@egg/app/extend/helper.js",
    "start": 1547025695437,
    "end": 1547025695437,
    "duration": 0,
    "pid": 12056,
    "index": 43
  },
  {
    "name": "Load app.js",
    "start": 1547025695439,
    "end": 1547025695464,
    "duration": 25,
    "pid": 12056,
    "index": 44
  },
  {
    "name": "Require(36) node_modules/.3.1.0@egg-session/app.js",
    "start": 1547025695439,
    "end": 1547025695439,
    "duration": 0,
    "pid": 12056,
    "index": 45
  },
  {
    "name": "Require(37) node_modules/.2.4.2@egg-security/app.js",
    "start": 1547025695440,
    "end": 1547025695441,
    "duration": 1,
    "pid": 12056,
    "index": 46
  },
  {
    "name": "Require(38) node_modules/.2.1.0@egg-onerror/app.js",
    "start": 1547025695441,
    "end": 1547025695450,
    "duration": 9,
    "pid": 12056,
    "index": 47
  },
  {
    "name": "Require(39) node_modules/.2.0.0@egg-i18n/app.js",
    "start": 1547025695450,
    "end": 1547025695455,
    "duration": 5,
    "pid": 12056,
    "index": 48
  },
  {
    "name": "Require(40) node_modules/.3.1.0@egg-watcher/app.js",
    "start": 1547025695455,
    "end": 1547025695458,
    "duration": 3,
    "pid": 12056,
    "index": 49
  },
  {
    "name": "Require(41) node_modules/.3.6.0@egg-schedule/app.js",
    "start": 1547025695458,
    "end": 1547025695460,
    "duration": 2,
    "pid": 12056,
    "index": 50
  },
  {
    "name": "Require(42) node_modules/.2.4.0@egg-multipart/app.js",
    "start": 1547025695460,
    "end": 1547025695462,
    "duration": 2,
    "pid": 12056,
    "index": 51
  },
  {
    "name": "Require(43) node_modules/.2.4.1@egg-development/app.js",
    "start": 1547025695462,
    "end": 1547025695462,
    "duration": 0,
    "pid": 12056,
    "index": 52
  },
  {
    "name": "Require(44) node_modules/.3.0.5@egg-logrotator/app.js",
    "start": 1547025695463,
    "end": 1547025695463,
    "duration": 0,
    "pid": 12056,
    "index": 53
  },
  {
    "name": "Require(45) node_modules/.2.1.1@egg-static/app.js",
    "start": 1547025695463,
    "end": 1547025695463,
    "duration": 0,
    "pid": 12056,
    "index": 54
  },
  {
    "name": "Before Start in node_modules/.3.1.0@egg-watcher/lib/init.js:15:14",
    "start": 1547025695472,
    "end": 1547025697102,
    "duration": 1630,
    "pid": 12056,
    "index": 55
  },
  {
    "name": "Load Service",
    "start": 1547025695503,
    "end": 1547025695507,
    "duration": 4,
    "pid": 12056,
    "index": 56
  },
  {
    "name": "Load \"service\" to Context",
    "start": 1547025695503,
    "end": 1547025695507,
    "duration": 4,
    "pid": 12056,
    "index": 57
  },
  {
    "name": "Load Middleware",
    "start": 1547025695507,
    "end": 1547025695587,
    "duration": 80,
    "pid": 12056,
    "index": 58
  },
  {
    "name": "Load \"middlewares\" to Application",
    "start": 1547025695507,
    "end": 1547025695579,
    "duration": 72,
    "pid": 12056,
    "index": 59
  },
  {
    "name": "Load Controller",
    "start": 1547025695587,
    "end": 1547025697013,
    "duration": 1426,
    "pid": 12056,
    "index": 60
  },
  {
    "name": "Load \"controller\" to Application",
    "start": 1547025695587,
    "end": 1547025697013,
    "duration": 1426,
    "pid": 12056,
    "index": 61
  },
  {
    "name": "Load Router",
    "start": 1547025697013,
    "end": 1547025697014,
    "duration": 1,
    "pid": 12056,
    "index": 62
  },
  {
    "name": "Require(46) app/router.ts",
    "start": 1547025697013,
    "end": 1547025697013,
    "duration": 0,
    "pid": 12056,
    "index": 63
  },
  {
    "name": "Before Start in node_modules/.4.13.0@egg-core/lib/egg.js:287:10",
    "start": 1547025697013,
    "end": 1547025697022,
    "duration": 9,
    "pid": 12056,
    "index": 64
  }
]