[
  {
    "name": "Application Start",
    "start": 1547025184424,
    "end": 1547025186385,
    "duration": 1961,
    "pid": 20772,
    "index": 0
  },
  {
    "name": "Load Plugin",
    "start": 1547025184428,
    "end": 1547025184441,
    "duration": 13,
    "pid": 20772,
    "index": 1
  },
  {
    "name": "Load Config",
    "start": 1547025184441,
    "end": 1547025184454,
    "duration": 13,
    "pid": 20772,
    "index": 2
  },
  {
    "name": "Require(0) config/config.default.ts",
    "start": 1547025184442,
    "end": 1547025184442,
    "duration": 0,
    "pid": 20772,
    "index": 3
  },
  {
    "name": "Require(1) config/config.local.ts",
    "start": 1547025184443,
    "end": 1547025184444,
    "duration": 1,
    "pid": 20772,
    "index": 4
  },
  {
    "name": "Require(2) node_modules/.3.1.0@egg-session/config/config.default.js",
    "start": 1547025184444,
    "end": 1547025184444,
    "duration": 0,
    "pid": 20772,
    "index": 5
  },
  {
    "name": "Require(3) node_modules/.2.4.2@egg-security/config/config.default.js",
    "start": 1547025184444,
    "end": 1547025184445,
    "duration": 1,
    "pid": 20772,
    "index": 6
  },
  {
    "name": "Require(4) node_modules/.2.0.0@egg-jsonp/config/config.default.js",
    "start": 1547025184445,
    "end": 1547025184445,
    "duration": 0,
    "pid": 20772,
    "index": 7
  },
  {
    "name": "Require(5) node_modules/.2.1.0@egg-onerror/config/config.default.js",
    "start": 1547025184446,
    "end": 1547025184446,
    "duration": 0,
    "pid": 20772,
    "index": 8
  },
  {
    "name": "Require(6) node_modules/.2.0.0@egg-i18n/config/config.default.js",
    "start": 1547025184446,
    "end": 1547025184446,
    "duration": 0,
    "pid": 20772,
    "index": 9
  },
  {
    "name": "Require(7) node_modules/.3.1.0@egg-watcher/config/config.default.js",
    "start": 1547025184447,
    "end": 1547025184447,
    "duration": 0,
    "pid": 20772,
    "index": 10
  },
  {
    "name": "Require(8) node_modules/.3.6.0@egg-schedule/config/config.default.js",
    "start": 1547025184447,
    "end": 1547025184448,
    "duration": 1,
    "pid": 20772,
    "index": 11
  },
  {
    "name": "Require(9) node_modules/.2.4.0@egg-multipart/config/config.default.js",
    "start": 1547025184448,
    "end": 1547025184448,
    "duration": 0,
    "pid": 20772,
    "index": 12
  },
  {
    "name": "Require(10) node_modules/.2.4.1@egg-development/config/config.default.js",
    "start": 1547025184449,
    "end": 1547025184449,
    "duration": 0,
    "pid": 20772,
    "index": 13
  },
  {
    "name": "Require(11) node_modules/.3.0.5@egg-logrotator/config/config.default.js",
    "start": 1547025184449,
    "end": 1547025184449,
    "duration": 0,
    "pid": 20772,
    "index": 14
  },
  {
    "name": "Require(12) node_modules/.2.1.1@egg-static/config/config.default.js",
    "start": 1547025184449,
    "end": 1547025184450,
    "duration": 1,
    "pid": 20772,
    "index": 15
  },
  {
    "name": "Require(13) node_modules/.2.1.1@egg-view/config/config.default.js",
    "start": 1547025184450,
    "end": 1547025184450,
    "duration": 0,
    "pid": 20772,
    "index": 16
  },
  {
    "name": "Require(14) node_modules/.2.14.2@egg/config/config.default.js",
    "start": 1547025184450,
    "end": 1547025184451,
    "duration": 1,
    "pid": 20772,
    "index": 17
  },
  {
    "name": "Require(15) config/config.default.ts",
    "start": 1547025184452,
    "end": 1547025184452,
    "duration": 0,
    "pid": 20772,
    "index": 18
  },
  {
    "name": "Require(16) node_modules/.2.4.2@egg-security/config/config.local.js",
    "start": 1547025184452,
    "end": 1547025184452,
    "duration": 0,
    "pid": 20772,
    "index": 19
  },
  {
    "name": "Require(17) node_modules/.3.1.0@egg-watcher/config/config.local.js",
    "start": 1547025184453,
    "end": 1547025184453,
    "duration": 0,
    "pid": 20772,
    "index": 20
  },
  {
    "name": "Require(18) node_modules/.2.1.1@egg-view/config/config.local.js",
    "start": 1547025184454,
    "end": 1547025184454,
    "duration": 0,
    "pid": 20772,
    "index": 21
  },
  {
    "name": "Require(19) node_modules/.2.14.2@egg/config/config.local.js",
    "start": 1547025184454,
    "end": 1547025184454,
    "duration": 0,
    "pid": 20772,
    "index": 22
  },
  {
    "name": "Require(20) config/config.local.ts",
    "start": 1547025184454,
    "end": 1547025184454,
    "duration": 0,
    "pid": 20772,
    "index": 23
  },
  {
    "name": "Load extend/application.js",
    "start": 1547025184455,
    "end": 1547025184465,
    "duration": 10,
    "pid": 20772,
    "index": 24
  },
  {
    "name": "Require(21) node_modules/.3.1.0@egg-session/app/extend/application.js",
    "start": 1547025184456,
    "end": 1547025184456,
    "duration": 0,
    "pid": 20772,
    "index": 25
  },
  {
    "name": "Require(22) node_modules/.2.4.2@egg-security/app/extend/application.js",
    "start": 1547025184456,
    "end": 1547025184457,
    "duration": 1,
    "pid": 20772,
    "index": 26
  },
  {
    "name": "Require(23) node_modules/.2.0.0@egg-jsonp/app/extend/application.js",
    "start": 1547025184457,
    "end": 1547025184458,
    "duration": 1,
    "pid": 20772,
    "index": 27
  },
  {
    "name": "Require(24) node_modules/.3.0.5@egg-logrotator/app/extend/application.js",
    "start": 1547025184459,
    "end": 1547025184461,
    "duration": 2,
    "pid": 20772,
    "index": 28
  },
  {
    "name": "Require(25) node_modules/.2.1.1@egg-view/app/extend/application.js",
    "start": 1547025184461,
    "end": 1547025184462,
    "duration": 1,
    "pid": 20772,
    "index": 29
  },
  {
    "name": "Load extend/request.js",
    "start": 1547025184465,
    "end": 1547025184469,
    "duration": 4,
    "pid": 20772,
    "index": 30
  },
  {
    "name": "Require(26) node_modules/.2.14.2@egg/app/extend/request.js",
    "start": 1547025184466,
    "end": 1547025184468,
    "duration": 2,
    "pid": 20772,
    "index": 31
  },
  {
    "name": "Load extend/response.js",
    "start": 1547025184469,
    "end": 1547025184474,
    "duration": 5,
    "pid": 20772,
    "index": 32
  },
  {
    "name": "Require(27) node_modules/.2.14.2@egg/app/extend/response.js",
    "start": 1547025184471,
    "end": 1547025184472,
    "duration": 1,
    "pid": 20772,
    "index": 33
  },
  {
    "name": "Load extend/context.js",
    "start": 1547025184474,
    "end": 1547025184533,
    "duration": 59,
    "pid": 20772,
    "index": 34
  },
  {
    "name": "Require(28) node_modules/.2.4.2@egg-security/app/extend/context.js",
    "start": 1547025184474,
    "end": 1547025184485,
    "duration": 11,
    "pid": 20772,
    "index": 35
  },
  {
    "name": "Require(29) node_modules/.2.0.0@egg-jsonp/app/extend/context.js",
    "start": 1547025184485,
    "end": 1547025184486,
    "duration": 1,
    "pid": 20772,
    "index": 36
  },
  {
    "name": "Require(30) node_modules/.2.0.0@egg-i18n/app/extend/context.js",
    "start": 1547025184486,
    "end": 1547025184486,
    "duration": 0,
    "pid": 20772,
    "index": 37
  },
  {
    "name": "Require(31) node_modules/.2.4.0@egg-multipart/app/extend/context.js",
    "start": 1547025184487,
    "end": 1547025184529,
    "duration": 42,
    "pid": 20772,
    "index": 38
  },
  {
    "name": "Require(32) node_modules/.2.1.1@egg-view/app/extend/context.js",
    "start": 1547025184530,
    "end": 1547025184530,
    "duration": 0,
    "pid": 20772,
    "index": 39
  },
  {
    "name": "Require(33) node_modules/.2.14.2@egg/app/extend/context.js",
    "start": 1547025184531,
    "end": 1547025184532,
    "duration": 1,
    "pid": 20772,
    "index": 40
  },
  {
    "name": "Load extend/helper.js",
    "start": 1547025184533,
    "end": 1547025184547,
    "duration": 14,
    "pid": 20772,
    "index": 41
  },
  {
    "name": "Require(34) node_modules/.2.4.2@egg-security/app/extend/helper.js",
    "start": 1547025184534,
    "end": 1547025184544,
    "duration": 10,
    "pid": 20772,
    "index": 42
  },
  {
    "name": "Require(35) node_modules/.2.14.2@egg/app/extend/helper.js",
    "start": 1547025184545,
    "end": 1547025184545,
    "duration": 0,
    "pid": 20772,
    "index": 43
  },
  {
    "name": "Load app.js",
    "start": 1547025184547,
    "end": 1547025184572,
    "duration": 25,
    "pid": 20772,
    "index": 44
  },
  {
    "name": "Require(36) node_modules/.3.1.0@egg-session/app.js",
    "start": 1547025184548,
    "end": 1547025184548,
    "duration": 0,
    "pid": 20772,
    "index": 45
  },
  {
    "name": "Require(37) node_modules/.2.4.2@egg-security/app.js",
    "start": 1547025184548,
    "end": 1547025184549,
    "duration": 1,
    "pid": 20772,
    "index": 46
  },
  {
    "name": "Require(38) node_modules/.2.1.0@egg-onerror/app.js",
    "start": 1547025184550,
    "end": 1547025184558,
    "duration": 8,
    "pid": 20772,
    "index": 47
  },
  {
    "name": "Require(39) node_modules/.2.0.0@egg-i18n/app.js",
    "start": 1547025184558,
    "end": 1547025184563,
    "duration": 5,
    "pid": 20772,
    "index": 48
  },
  {
    "name": "Require(40) node_modules/.3.1.0@egg-watcher/app.js",
    "start": 1547025184563,
    "end": 1547025184566,
    "duration": 3,
    "pid": 20772,
    "index": 49
  },
  {
    "name": "Require(41) node_modules/.3.6.0@egg-schedule/app.js",
    "start": 1547025184566,
    "end": 1547025184567,
    "duration": 1,
    "pid": 20772,
    "index": 50
  },
  {
    "name": "Require(42) node_modules/.2.4.0@egg-multipart/app.js",
    "start": 1547025184568,
    "end": 1547025184570,
    "duration": 2,
    "pid": 20772,
    "index": 51
  },
  {
    "name": "Require(43) node_modules/.2.4.1@egg-development/app.js",
    "start": 1547025184570,
    "end": 1547025184570,
    "duration": 0,
    "pid": 20772,
    "index": 52
  },
  {
    "name": "Require(44) node_modules/.3.0.5@egg-logrotator/app.js",
    "start": 1547025184570,
    "end": 1547025184570,
    "duration": 0,
    "pid": 20772,
    "index": 53
  },
  {
    "name": "Require(45) node_modules/.2.1.1@egg-static/app.js",
    "start": 1547025184571,
    "end": 1547025184571,
    "duration": 0,
    "pid": 20772,
    "index": 54
  },
  {
    "name": "Before Start in node_modules/.3.1.0@egg-watcher/lib/init.js:15:14",
    "start": 1547025184580,
    "end": 1547025186385,
    "duration": 1805,
    "pid": 20772,
    "index": 55
  },
  {
    "name": "Load Service",
    "start": 1547025184617,
    "end": 1547025184621,
    "duration": 4,
    "pid": 20772,
    "index": 56
  },
  {
    "name": "Load \"service\" to Context",
    "start": 1547025184617,
    "end": 1547025184621,
    "duration": 4,
    "pid": 20772,
    "index": 57
  },
  {
    "name": "Load Middleware",
    "start": 1547025184621,
    "end": 1547025184712,
    "duration": 91,
    "pid": 20772,
    "index": 58
  },
  {
    "name": "Load \"middlewares\" to Application",
    "start": 1547025184621,
    "end": 1547025184704,
    "duration": 83,
    "pid": 20772,
    "index": 59
  },
  {
    "name": "Load Controller",
    "start": 1547025184712,
    "end": 1547025184713,
    "duration": 1,
    "pid": 20772,
    "index": 60
  },
  {
    "name": "Load \"controller\" to Application",
    "start": 1547025184712,
    "end": 1547025184713,
    "duration": 1,
    "pid": 20772,
    "index": 61
  },
  {
    "name": "Load Router",
    "start": 1547025184713,
    "end": 1547025186312,
    "duration": 1599,
    "pid": 20772,
    "index": 62
  },
  {
    "name": "Require(46) app/router.ts",
    "start": 1547025184714,
    "end": 1547025186302,
    "duration": 1588,
    "pid": 20772,
    "index": 63
  },
  {
    "name": "Before Start in node_modules/.4.13.0@egg-core/lib/egg.js:287:10",
    "start": 1547025186303,
    "end": 1547025186326,
    "duration": 23,
    "pid": 20772,
    "index": 64
  }
]