[
  {
    "name": "Application Start",
    "start": 1547028805068,
    "end": 1547028806992,
    "duration": 1924,
    "pid": 18180,
    "index": 0
  },
  {
    "name": "Load Plugin",
    "start": 1547028805072,
    "end": 1547028805085,
    "duration": 13,
    "pid": 18180,
    "index": 1
  },
  {
    "name": "Load Config",
    "start": 1547028805085,
    "end": 1547028805098,
    "duration": 13,
    "pid": 18180,
    "index": 2
  },
  {
    "name": "Require(0) config/config.default.ts",
    "start": 1547028805086,
    "end": 1547028805086,
    "duration": 0,
    "pid": 18180,
    "index": 3
  },
  {
    "name": "Require(1) config/config.local.ts",
    "start": 1547028805087,
    "end": 1547028805087,
    "duration": 0,
    "pid": 18180,
    "index": 4
  },
  {
    "name": "Require(2) node_modules/.3.1.0@egg-session/config/config.default.js",
    "start": 1547028805088,
    "end": 1547028805088,
    "duration": 0,
    "pid": 18180,
    "index": 5
  },
  {
    "name": "Require(3) node_modules/.2.4.2@egg-security/config/config.default.js",
    "start": 1547028805088,
    "end": 1547028805088,
    "duration": 0,
    "pid": 18180,
    "index": 6
  },
  {
    "name": "Require(4) node_modules/.2.0.0@egg-jsonp/config/config.default.js",
    "start": 1547028805089,
    "end": 1547028805089,
    "duration": 0,
    "pid": 18180,
    "index": 7
  },
  {
    "name": "Require(5) node_modules/.2.1.0@egg-onerror/config/config.default.js",
    "start": 1547028805090,
    "end": 1547028805090,
    "duration": 0,
    "pid": 18180,
    "index": 8
  },
  {
    "name": "Require(6) node_modules/.2.0.0@egg-i18n/config/config.default.js",
    "start": 1547028805090,
    "end": 1547028805090,
    "duration": 0,
    "pid": 18180,
    "index": 9
  },
  {
    "name": "Require(7) node_modules/.3.1.0@egg-watcher/config/config.default.js",
    "start": 1547028805091,
    "end": 1547028805091,
    "duration": 0,
    "pid": 18180,
    "index": 10
  },
  {
    "name": "Require(8) node_modules/.3.6.0@egg-schedule/config/config.default.js",
    "start": 1547028805091,
    "end": 1547028805091,
    "duration": 0,
    "pid": 18180,
    "index": 11
  },
  {
    "name": "Require(9) node_modules/.2.4.0@egg-multipart/config/config.default.js",
    "start": 1547028805092,
    "end": 1547028805092,
    "duration": 0,
    "pid": 18180,
    "index": 12
  },
  {
    "name": "Require(10) node_modules/.2.4.1@egg-development/config/config.default.js",
    "start": 1547028805092,
    "end": 1547028805093,
    "duration": 1,
    "pid": 18180,
    "index": 13
  },
  {
    "name": "Require(11) node_modules/.3.0.5@egg-logrotator/config/config.default.js",
    "start": 1547028805093,
    "end": 1547028805093,
    "duration": 0,
    "pid": 18180,
    "index": 14
  },
  {
    "name": "Require(12) node_modules/.2.1.1@egg-static/config/config.default.js",
    "start": 1547028805093,
    "end": 1547028805094,
    "duration": 1,
    "pid": 18180,
    "index": 15
  },
  {
    "name": "Require(13) node_modules/.2.1.1@egg-view/config/config.default.js",
    "start": 1547028805094,
    "end": 1547028805094,
    "duration": 0,
    "pid": 18180,
    "index": 16
  },
  {
    "name": "Require(14) node_modules/.2.14.2@egg/config/config.default.js",
    "start": 1547028805094,
    "end": 1547028805095,
    "duration": 1,
    "pid": 18180,
    "index": 17
  },
  {
    "name": "Require(15) config/config.default.ts",
    "start": 1547028805096,
    "end": 1547028805096,
    "duration": 0,
    "pid": 18180,
    "index": 18
  },
  {
    "name": "Require(16) node_modules/.2.4.2@egg-security/config/config.local.js",
    "start": 1547028805096,
    "end": 1547028805096,
    "duration": 0,
    "pid": 18180,
    "index": 19
  },
  {
    "name": "Require(17) node_modules/.3.1.0@egg-watcher/config/config.local.js",
    "start": 1547028805097,
    "end": 1547028805097,
    "duration": 0,
    "pid": 18180,
    "index": 20
  },
  {
    "name": "Require(18) node_modules/.2.1.1@egg-view/config/config.local.js",
    "start": 1547028805098,
    "end": 1547028805098,
    "duration": 0,
    "pid": 18180,
    "index": 21
  },
  {
    "name": "Require(19) node_modules/.2.14.2@egg/config/config.local.js",
    "start": 1547028805098,
    "end": 1547028805098,
    "duration": 0,
    "pid": 18180,
    "index": 22
  },
  {
    "name": "Require(20) config/config.local.ts",
    "start": 1547028805098,
    "end": 1547028805098,
    "duration": 0,
    "pid": 18180,
    "index": 23
  },
  {
    "name": "Load extend/application.js",
    "start": 1547028805099,
    "end": 1547028805108,
    "duration": 9,
    "pid": 18180,
    "index": 24
  },
  {
    "name": "Require(21) node_modules/.3.1.0@egg-session/app/extend/application.js",
    "start": 1547028805100,
    "end": 1547028805100,
    "duration": 0,
    "pid": 18180,
    "index": 25
  },
  {
    "name": "Require(22) node_modules/.2.4.2@egg-security/app/extend/application.js",
    "start": 1547028805100,
    "end": 1547028805101,
    "duration": 1,
    "pid": 18180,
    "index": 26
  },
  {
    "name": "Require(23) node_modules/.2.0.0@egg-jsonp/app/extend/application.js",
    "start": 1547028805101,
    "end": 1547028805102,
    "duration": 1,
    "pid": 18180,
    "index": 27
  },
  {
    "name": "Require(24) node_modules/.3.0.5@egg-logrotator/app/extend/application.js",
    "start": 1547028805103,
    "end": 1547028805105,
    "duration": 2,
    "pid": 18180,
    "index": 28
  },
  {
    "name": "Require(25) node_modules/.2.1.1@egg-view/app/extend/application.js",
    "start": 1547028805105,
    "end": 1547028805106,
    "duration": 1,
    "pid": 18180,
    "index": 29
  },
  {
    "name": "Load extend/request.js",
    "start": 1547028805108,
    "end": 1547028805113,
    "duration": 5,
    "pid": 18180,
    "index": 30
  },
  {
    "name": "Require(26) node_modules/.2.14.2@egg/app/extend/request.js",
    "start": 1547028805110,
    "end": 1547028805111,
    "duration": 1,
    "pid": 18180,
    "index": 31
  },
  {
    "name": "Load extend/response.js",
    "start": 1547028805113,
    "end": 1547028805118,
    "duration": 5,
    "pid": 18180,
    "index": 32
  },
  {
    "name": "Require(27) node_modules/.2.14.2@egg/app/extend/response.js",
    "start": 1547028805114,
    "end": 1547028805116,
    "duration": 2,
    "pid": 18180,
    "index": 33
  },
  {
    "name": "Load extend/context.js",
    "start": 1547028805118,
    "end": 1547028805173,
    "duration": 55,
    "pid": 18180,
    "index": 34
  },
  {
    "name": "Require(28) node_modules/.2.4.2@egg-security/app/extend/context.js",
    "start": 1547028805119,
    "end": 1547028805128,
    "duration": 9,
    "pid": 18180,
    "index": 35
  },
  {
    "name": "Require(29) node_modules/.2.0.0@egg-jsonp/app/extend/context.js",
    "start": 1547028805128,
    "end": 1547028805129,
    "duration": 1,
    "pid": 18180,
    "index": 36
  },
  {
    "name": "Require(30) node_modules/.2.0.0@egg-i18n/app/extend/context.js",
    "start": 1547028805130,
    "end": 1547028805130,
    "duration": 0,
    "pid": 18180,
    "index": 37
  },
  {
    "name": "Require(31) node_modules/.2.4.0@egg-multipart/app/extend/context.js",
    "start": 1547028805130,
    "end": 1547028805168,
    "duration": 38,
    "pid": 18180,
    "index": 38
  },
  {
    "name": "Require(32) node_modules/.2.1.1@egg-view/app/extend/context.js",
    "start": 1547028805169,
    "end": 1547028805170,
    "duration": 1,
    "pid": 18180,
    "index": 39
  },
  {
    "name": "Require(33) node_modules/.2.14.2@egg/app/extend/context.js",
    "start": 1547028805170,
    "end": 1547028805171,
    "duration": 1,
    "pid": 18180,
    "index": 40
  },
  {
    "name": "Load extend/helper.js",
    "start": 1547028805173,
    "end": 1547028805188,
    "duration": 15,
    "pid": 18180,
    "index": 41
  },
  {
    "name": "Require(34) node_modules/.2.4.2@egg-security/app/extend/helper.js",
    "start": 1547028805173,
    "end": 1547028805184,
    "duration": 11,
    "pid": 18180,
    "index": 42
  },
  {
    "name": "Require(35) node_modules/.2.14.2@egg/app/extend/helper.js",
    "start": 1547028805186,
    "end": 1547028805186,
    "duration": 0,
    "pid": 18180,
    "index": 43
  },
  {
    "name": "Load app.js",
    "start": 1547028805188,
    "end": 1547028805213,
    "duration": 25,
    "pid": 18180,
    "index": 44
  },
  {
    "name": "Require(36) node_modules/.3.1.0@egg-session/app.js",
    "start": 1547028805188,
    "end": 1547028805188,
    "duration": 0,
    "pid": 18180,
    "index": 45
  },
  {
    "name": "Require(37) node_modules/.2.4.2@egg-security/app.js",
    "start": 1547028805189,
    "end": 1547028805190,
    "duration": 1,
    "pid": 18180,
    "index": 46
  },
  {
    "name": "Require(38) node_modules/.2.1.0@egg-onerror/app.js",
    "start": 1547028805190,
    "end": 1547028805198,
    "duration": 8,
    "pid": 18180,
    "index": 47
  },
  {
    "name": "Require(39) node_modules/.2.0.0@egg-i18n/app.js",
    "start": 1547028805198,
    "end": 1547028805204,
    "duration": 6,
    "pid": 18180,
    "index": 48
  },
  {
    "name": "Require(40) node_modules/.3.1.0@egg-watcher/app.js",
    "start": 1547028805204,
    "end": 1547028805207,
    "duration": 3,
    "pid": 18180,
    "index": 49
  },
  {
    "name": "Require(41) node_modules/.3.6.0@egg-schedule/app.js",
    "start": 1547028805207,
    "end": 1547028805208,
    "duration": 1,
    "pid": 18180,
    "index": 50
  },
  {
    "name": "Require(42) node_modules/.2.4.0@egg-multipart/app.js",
    "start": 1547028805209,
    "end": 1547028805211,
    "duration": 2,
    "pid": 18180,
    "index": 51
  },
  {
    "name": "Require(43) node_modules/.2.4.1@egg-development/app.js",
    "start": 1547028805211,
    "end": 1547028805211,
    "duration": 0,
    "pid": 18180,
    "index": 52
  },
  {
    "name": "Require(44) node_modules/.3.0.5@egg-logrotator/app.js",
    "start": 1547028805212,
    "end": 1547028805212,
    "duration": 0,
    "pid": 18180,
    "index": 53
  },
  {
    "name": "Require(45) node_modules/.2.1.1@egg-static/app.js",
    "start": 1547028805212,
    "end": 1547028805212,
    "duration": 0,
    "pid": 18180,
    "index": 54
  },
  {
    "name": "Before Start in node_modules/.3.1.0@egg-watcher/lib/init.js:15:14",
    "start": 1547028805223,
    "end": 1547028806991,
    "duration": 1768,
    "pid": 18180,
    "index": 55
  },
  {
    "name": "Load Service",
    "start": 1547028805255,
    "end": 1547028805258,
    "duration": 3,
    "pid": 18180,
    "index": 56
  },
  {
    "name": "Load \"service\" to Context",
    "start": 1547028805255,
    "end": 1547028805258,
    "duration": 3,
    "pid": 18180,
    "index": 57
  },
  {
    "name": "Load Middleware",
    "start": 1547028805259,
    "end": 1547028805331,
    "duration": 72,
    "pid": 18180,
    "index": 58
  },
  {
    "name": "Load \"middlewares\" to Application",
    "start": 1547028805259,
    "end": 1547028805323,
    "duration": 64,
    "pid": 18180,
    "index": 59
  },
  {
    "name": "Load Controller",
    "start": 1547028805331,
    "end": 1547028806900,
    "duration": 1569,
    "pid": 18180,
    "index": 60
  },
  {
    "name": "Load \"controller\" to Application",
    "start": 1547028805331,
    "end": 1547028806900,
    "duration": 1569,
    "pid": 18180,
    "index": 61
  },
  {
    "name": "Load Router",
    "start": 1547028806900,
    "end": 1547028806902,
    "duration": 2,
    "pid": 18180,
    "index": 62
  },
  {
    "name": "Require(46) app/router.ts",
    "start": 1547028806900,
    "end": 1547028806900,
    "duration": 0,
    "pid": 18180,
    "index": 63
  },
  {
    "name": "Before Start in node_modules/.4.13.0@egg-core/lib/egg.js:287:10",
    "start": 1547028806901,
    "end": 1547028806909,
    "duration": 8,
    "pid": 18180,
    "index": 64
  }
]