[
  {
    "name": "Application Start",
    "start": 1547029781104,
    "end": 1547029783095,
    "duration": 1991,
    "pid": 8324,
    "index": 0
  },
  {
    "name": "Load Plugin",
    "start": 1547029781108,
    "end": 1547029781121,
    "duration": 13,
    "pid": 8324,
    "index": 1
  },
  {
    "name": "Load Config",
    "start": 1547029781121,
    "end": 1547029781134,
    "duration": 13,
    "pid": 8324,
    "index": 2
  },
  {
    "name": "Require(0) config/config.default.ts",
    "start": 1547029781122,
    "end": 1547029781123,
    "duration": 1,
    "pid": 8324,
    "index": 3
  },
  {
    "name": "Require(1) config/config.local.ts",
    "start": 1547029781124,
    "end": 1547029781124,
    "duration": 0,
    "pid": 8324,
    "index": 4
  },
  {
    "name": "Require(2) node_modules/.3.1.0@egg-session/config/config.default.js",
    "start": 1547029781124,
    "end": 1547029781124,
    "duration": 0,
    "pid": 8324,
    "index": 5
  },
  {
    "name": "Require(3) node_modules/.2.4.2@egg-security/config/config.default.js",
    "start": 1547029781125,
    "end": 1547029781125,
    "duration": 0,
    "pid": 8324,
    "index": 6
  },
  {
    "name": "Require(4) node_modules/.2.0.0@egg-jsonp/config/config.default.js",
    "start": 1547029781125,
    "end": 1547029781126,
    "duration": 1,
    "pid": 8324,
    "index": 7
  },
  {
    "name": "Require(5) node_modules/.2.1.0@egg-onerror/config/config.default.js",
    "start": 1547029781126,
    "end": 1547029781126,
    "duration": 0,
    "pid": 8324,
    "index": 8
  },
  {
    "name": "Require(6) node_modules/.2.0.0@egg-i18n/config/config.default.js",
    "start": 1547029781126,
    "end": 1547029781126,
    "duration": 0,
    "pid": 8324,
    "index": 9
  },
  {
    "name": "Require(7) node_modules/.3.1.0@egg-watcher/config/config.default.js",
    "start": 1547029781127,
    "end": 1547029781127,
    "duration": 0,
    "pid": 8324,
    "index": 10
  },
  {
    "name": "Require(8) node_modules/.3.6.0@egg-schedule/config/config.default.js",
    "start": 1547029781127,
    "end": 1547029781127,
    "duration": 0,
    "pid": 8324,
    "index": 11
  },
  {
    "name": "Require(9) node_modules/.2.4.0@egg-multipart/config/config.default.js",
    "start": 1547029781128,
    "end": 1547029781128,
    "duration": 0,
    "pid": 8324,
    "index": 12
  },
  {
    "name": "Require(10) node_modules/.2.4.1@egg-development/config/config.default.js",
    "start": 1547029781128,
    "end": 1547029781129,
    "duration": 1,
    "pid": 8324,
    "index": 13
  },
  {
    "name": "Require(11) node_modules/.3.0.5@egg-logrotator/config/config.default.js",
    "start": 1547029781129,
    "end": 1547029781129,
    "duration": 0,
    "pid": 8324,
    "index": 14
  },
  {
    "name": "Require(12) node_modules/.2.1.1@egg-static/config/config.default.js",
    "start": 1547029781129,
    "end": 1547029781129,
    "duration": 0,
    "pid": 8324,
    "index": 15
  },
  {
    "name": "Require(13) node_modules/.2.1.1@egg-view/config/config.default.js",
    "start": 1547029781130,
    "end": 1547029781130,
    "duration": 0,
    "pid": 8324,
    "index": 16
  },
  {
    "name": "Require(14) node_modules/.2.14.2@egg/config/config.default.js",
    "start": 1547029781130,
    "end": 1547029781131,
    "duration": 1,
    "pid": 8324,
    "index": 17
  },
  {
    "name": "Require(15) config/config.default.ts",
    "start": 1547029781132,
    "end": 1547029781132,
    "duration": 0,
    "pid": 8324,
    "index": 18
  },
  {
    "name": "Require(16) node_modules/.2.4.2@egg-security/config/config.local.js",
    "start": 1547029781132,
    "end": 1547029781132,
    "duration": 0,
    "pid": 8324,
    "index": 19
  },
  {
    "name": "Require(17) node_modules/.3.1.0@egg-watcher/config/config.local.js",
    "start": 1547029781133,
    "end": 1547029781133,
    "duration": 0,
    "pid": 8324,
    "index": 20
  },
  {
    "name": "Require(18) node_modules/.2.1.1@egg-view/config/config.local.js",
    "start": 1547029781133,
    "end": 1547029781134,
    "duration": 1,
    "pid": 8324,
    "index": 21
  },
  {
    "name": "Require(19) node_modules/.2.14.2@egg/config/config.local.js",
    "start": 1547029781134,
    "end": 1547029781134,
    "duration": 0,
    "pid": 8324,
    "index": 22
  },
  {
    "name": "Require(20) config/config.local.ts",
    "start": 1547029781134,
    "end": 1547029781134,
    "duration": 0,
    "pid": 8324,
    "index": 23
  },
  {
    "name": "Load extend/application.js",
    "start": 1547029781135,
    "end": 1547029781150,
    "duration": 15,
    "pid": 8324,
    "index": 24
  },
  {
    "name": "Require(21) node_modules/.3.1.0@egg-session/app/extend/application.js",
    "start": 1547029781135,
    "end": 1547029781136,
    "duration": 1,
    "pid": 8324,
    "index": 25
  },
  {
    "name": "Require(22) node_modules/.2.4.2@egg-security/app/extend/application.js",
    "start": 1547029781136,
    "end": 1547029781137,
    "duration": 1,
    "pid": 8324,
    "index": 26
  },
  {
    "name": "Require(23) node_modules/.2.0.0@egg-jsonp/app/extend/application.js",
    "start": 1547029781137,
    "end": 1547029781138,
    "duration": 1,
    "pid": 8324,
    "index": 27
  },
  {
    "name": "Require(24) node_modules/.3.0.5@egg-logrotator/app/extend/application.js",
    "start": 1547029781139,
    "end": 1547029781147,
    "duration": 8,
    "pid": 8324,
    "index": 28
  },
  {
    "name": "Require(25) node_modules/.2.1.1@egg-view/app/extend/application.js",
    "start": 1547029781147,
    "end": 1547029781148,
    "duration": 1,
    "pid": 8324,
    "index": 29
  },
  {
    "name": "Load extend/request.js",
    "start": 1547029781150,
    "end": 1547029781155,
    "duration": 5,
    "pid": 8324,
    "index": 30
  },
  {
    "name": "Require(26) node_modules/.2.14.2@egg/app/extend/request.js",
    "start": 1547029781152,
    "end": 1547029781153,
    "duration": 1,
    "pid": 8324,
    "index": 31
  },
  {
    "name": "Load extend/response.js",
    "start": 1547029781155,
    "end": 1547029781160,
    "duration": 5,
    "pid": 8324,
    "index": 32
  },
  {
    "name": "Require(27) node_modules/.2.14.2@egg/app/extend/response.js",
    "start": 1547029781156,
    "end": 1547029781158,
    "duration": 2,
    "pid": 8324,
    "index": 33
  },
  {
    "name": "Load extend/context.js",
    "start": 1547029781160,
    "end": 1547029781240,
    "duration": 80,
    "pid": 8324,
    "index": 34
  },
  {
    "name": "Require(28) node_modules/.2.4.2@egg-security/app/extend/context.js",
    "start": 1547029781160,
    "end": 1547029781187,
    "duration": 27,
    "pid": 8324,
    "index": 35
  },
  {
    "name": "Require(29) node_modules/.2.0.0@egg-jsonp/app/extend/context.js",
    "start": 1547029781188,
    "end": 1547029781189,
    "duration": 1,
    "pid": 8324,
    "index": 36
  },
  {
    "name": "Require(30) node_modules/.2.0.0@egg-i18n/app/extend/context.js",
    "start": 1547029781189,
    "end": 1547029781189,
    "duration": 0,
    "pid": 8324,
    "index": 37
  },
  {
    "name": "Require(31) node_modules/.2.4.0@egg-multipart/app/extend/context.js",
    "start": 1547029781190,
    "end": 1547029781235,
    "duration": 45,
    "pid": 8324,
    "index": 38
  },
  {
    "name": "Require(32) node_modules/.2.1.1@egg-view/app/extend/context.js",
    "start": 1547029781236,
    "end": 1547029781237,
    "duration": 1,
    "pid": 8324,
    "index": 39
  },
  {
    "name": "Require(33) node_modules/.2.14.2@egg/app/extend/context.js",
    "start": 1547029781237,
    "end": 1547029781238,
    "duration": 1,
    "pid": 8324,
    "index": 40
  },
  {
    "name": "Load extend/helper.js",
    "start": 1547029781241,
    "end": 1547029781256,
    "duration": 15,
    "pid": 8324,
    "index": 41
  },
  {
    "name": "Require(34) node_modules/.2.4.2@egg-security/app/extend/helper.js",
    "start": 1547029781241,
    "end": 1547029781253,
    "duration": 12,
    "pid": 8324,
    "index": 42
  },
  {
    "name": "Require(35) node_modules/.2.14.2@egg/app/extend/helper.js",
    "start": 1547029781254,
    "end": 1547029781255,
    "duration": 1,
    "pid": 8324,
    "index": 43
  },
  {
    "name": "Load app.js",
    "start": 1547029781257,
    "end": 1547029781293,
    "duration": 36,
    "pid": 8324,
    "index": 44
  },
  {
    "name": "Require(36) node_modules/.3.1.0@egg-session/app.js",
    "start": 1547029781257,
    "end": 1547029781257,
    "duration": 0,
    "pid": 8324,
    "index": 45
  },
  {
    "name": "Require(37) node_modules/.2.4.2@egg-security/app.js",
    "start": 1547029781257,
    "end": 1547029781259,
    "duration": 2,
    "pid": 8324,
    "index": 46
  },
  {
    "name": "Require(38) node_modules/.2.1.0@egg-onerror/app.js",
    "start": 1547029781259,
    "end": 1547029781271,
    "duration": 12,
    "pid": 8324,
    "index": 47
  },
  {
    "name": "Require(39) node_modules/.2.0.0@egg-i18n/app.js",
    "start": 1547029781271,
    "end": 1547029781283,
    "duration": 12,
    "pid": 8324,
    "index": 48
  },
  {
    "name": "Require(40) node_modules/.3.1.0@egg-watcher/app.js",
    "start": 1547029781283,
    "end": 1547029781286,
    "duration": 3,
    "pid": 8324,
    "index": 49
  },
  {
    "name": "Require(41) node_modules/.3.6.0@egg-schedule/app.js",
    "start": 1547029781287,
    "end": 1547029781288,
    "duration": 1,
    "pid": 8324,
    "index": 50
  },
  {
    "name": "Require(42) node_modules/.2.4.0@egg-multipart/app.js",
    "start": 1547029781288,
    "end": 1547029781291,
    "duration": 3,
    "pid": 8324,
    "index": 51
  },
  {
    "name": "Require(43) node_modules/.2.4.1@egg-development/app.js",
    "start": 1547029781291,
    "end": 1547029781291,
    "duration": 0,
    "pid": 8324,
    "index": 52
  },
  {
    "name": "Require(44) node_modules/.3.0.5@egg-logrotator/app.js",
    "start": 1547029781291,
    "end": 1547029781291,
    "duration": 0,
    "pid": 8324,
    "index": 53
  },
  {
    "name": "Require(45) node_modules/.2.1.1@egg-static/app.js",
    "start": 1547029781292,
    "end": 1547029781292,
    "duration": 0,
    "pid": 8324,
    "index": 54
  },
  {
    "name": "Before Start in node_modules/.3.1.0@egg-watcher/lib/init.js:15:14",
    "start": 1547029781302,
    "end": 1547029783095,
    "duration": 1793,
    "pid": 8324,
    "index": 55
  },
  {
    "name": "Load Service",
    "start": 1547029781335,
    "end": 1547029781340,
    "duration": 5,
    "pid": 8324,
    "index": 56
  },
  {
    "name": "Load \"service\" to Context",
    "start": 1547029781336,
    "end": 1547029781340,
    "duration": 4,
    "pid": 8324,
    "index": 57
  },
  {
    "name": "Load Middleware",
    "start": 1547029781340,
    "end": 1547029781439,
    "duration": 99,
    "pid": 8324,
    "index": 58
  },
  {
    "name": "Load \"middlewares\" to Application",
    "start": 1547029781340,
    "end": 1547029781428,
    "duration": 88,
    "pid": 8324,
    "index": 59
  },
  {
    "name": "Load Controller",
    "start": 1547029781439,
    "end": 1547029783013,
    "duration": 1574,
    "pid": 8324,
    "index": 60
  },
  {
    "name": "Load \"controller\" to Application",
    "start": 1547029781439,
    "end": 1547029783013,
    "duration": 1574,
    "pid": 8324,
    "index": 61
  },
  {
    "name": "Load Router",
    "start": 1547029783013,
    "end": 1547029783016,
    "duration": 3,
    "pid": 8324,
    "index": 62
  },
  {
    "name": "Require(46) app/router.ts",
    "start": 1547029783013,
    "end": 1547029783013,
    "duration": 0,
    "pid": 8324,
    "index": 63
  },
  {
    "name": "Before Start in node_modules/.4.13.0@egg-core/lib/egg.js:287:10",
    "start": 1547029783015,
    "end": 1547029783028,
    "duration": 13,
    "pid": 8324,
    "index": 64
  }
]