[
  {
    "name": "Application Start",
    "start": 1547025401002,
    "end": 1547025402853,
    "duration": 1851,
    "pid": 18492,
    "index": 0
  },
  {
    "name": "Load Plugin",
    "start": 1547025401005,
    "end": 1547025401019,
    "duration": 14,
    "pid": 18492,
    "index": 1
  },
  {
    "name": "Load Config",
    "start": 1547025401019,
    "end": 1547025401031,
    "duration": 12,
    "pid": 18492,
    "index": 2
  },
  {
    "name": "Require(0) config/config.default.ts",
    "start": 1547025401020,
    "end": 1547025401020,
    "duration": 0,
    "pid": 18492,
    "index": 3
  },
  {
    "name": "Require(1) config/config.local.ts",
    "start": 1547025401021,
    "end": 1547025401021,
    "duration": 0,
    "pid": 18492,
    "index": 4
  },
  {
    "name": "Require(2) node_modules/.3.1.0@egg-session/config/config.default.js",
    "start": 1547025401021,
    "end": 1547025401021,
    "duration": 0,
    "pid": 18492,
    "index": 5
  },
  {
    "name": "Require(3) node_modules/.2.4.2@egg-security/config/config.default.js",
    "start": 1547025401022,
    "end": 1547025401022,
    "duration": 0,
    "pid": 18492,
    "index": 6
  },
  {
    "name": "Require(4) node_modules/.2.0.0@egg-jsonp/config/config.default.js",
    "start": 1547025401022,
    "end": 1547025401023,
    "duration": 1,
    "pid": 18492,
    "index": 7
  },
  {
    "name": "Require(5) node_modules/.2.1.0@egg-onerror/config/config.default.js",
    "start": 1547025401023,
    "end": 1547025401023,
    "duration": 0,
    "pid": 18492,
    "index": 8
  },
  {
    "name": "Require(6) node_modules/.2.0.0@egg-i18n/config/config.default.js",
    "start": 1547025401023,
    "end": 1547025401023,
    "duration": 0,
    "pid": 18492,
    "index": 9
  },
  {
    "name": "Require(7) node_modules/.3.1.0@egg-watcher/config/config.default.js",
    "start": 1547025401024,
    "end": 1547025401024,
    "duration": 0,
    "pid": 18492,
    "index": 10
  },
  {
    "name": "Require(8) node_modules/.3.6.0@egg-schedule/config/config.default.js",
    "start": 1547025401024,
    "end": 1547025401024,
    "duration": 0,
    "pid": 18492,
    "index": 11
  },
  {
    "name": "Require(9) node_modules/.2.4.0@egg-multipart/config/config.default.js",
    "start": 1547025401025,
    "end": 1547025401025,
    "duration": 0,
    "pid": 18492,
    "index": 12
  },
  {
    "name": "Require(10) node_modules/.2.4.1@egg-development/config/config.default.js",
    "start": 1547025401025,
    "end": 1547025401025,
    "duration": 0,
    "pid": 18492,
    "index": 13
  },
  {
    "name": "Require(11) node_modules/.3.0.5@egg-logrotator/config/config.default.js",
    "start": 1547025401026,
    "end": 1547025401026,
    "duration": 0,
    "pid": 18492,
    "index": 14
  },
  {
    "name": "Require(12) node_modules/.2.1.1@egg-static/config/config.default.js",
    "start": 1547025401026,
    "end": 1547025401026,
    "duration": 0,
    "pid": 18492,
    "index": 15
  },
  {
    "name": "Require(13) node_modules/.2.1.1@egg-view/config/config.default.js",
    "start": 1547025401027,
    "end": 1547025401027,
    "duration": 0,
    "pid": 18492,
    "index": 16
  },
  {
    "name": "Require(14) node_modules/.2.14.2@egg/config/config.default.js",
    "start": 1547025401027,
    "end": 1547025401028,
    "duration": 1,
    "pid": 18492,
    "index": 17
  },
  {
    "name": "Require(15) config/config.default.ts",
    "start": 1547025401029,
    "end": 1547025401029,
    "duration": 0,
    "pid": 18492,
    "index": 18
  },
  {
    "name": "Require(16) node_modules/.2.4.2@egg-security/config/config.local.js",
    "start": 1547025401029,
    "end": 1547025401029,
    "duration": 0,
    "pid": 18492,
    "index": 19
  },
  {
    "name": "Require(17) node_modules/.3.1.0@egg-watcher/config/config.local.js",
    "start": 1547025401030,
    "end": 1547025401030,
    "duration": 0,
    "pid": 18492,
    "index": 20
  },
  {
    "name": "Require(18) node_modules/.2.1.1@egg-view/config/config.local.js",
    "start": 1547025401031,
    "end": 1547025401031,
    "duration": 0,
    "pid": 18492,
    "index": 21
  },
  {
    "name": "Require(19) node_modules/.2.14.2@egg/config/config.local.js",
    "start": 1547025401031,
    "end": 1547025401031,
    "duration": 0,
    "pid": 18492,
    "index": 22
  },
  {
    "name": "Require(20) config/config.local.ts",
    "start": 1547025401031,
    "end": 1547025401031,
    "duration": 0,
    "pid": 18492,
    "index": 23
  },
  {
    "name": "Load extend/application.js",
    "start": 1547025401032,
    "end": 1547025401041,
    "duration": 9,
    "pid": 18492,
    "index": 24
  },
  {
    "name": "Require(21) node_modules/.3.1.0@egg-session/app/extend/application.js",
    "start": 1547025401032,
    "end": 1547025401033,
    "duration": 1,
    "pid": 18492,
    "index": 25
  },
  {
    "name": "Require(22) node_modules/.2.4.2@egg-security/app/extend/application.js",
    "start": 1547025401033,
    "end": 1547025401034,
    "duration": 1,
    "pid": 18492,
    "index": 26
  },
  {
    "name": "Require(23) node_modules/.2.0.0@egg-jsonp/app/extend/application.js",
    "start": 1547025401034,
    "end": 1547025401035,
    "duration": 1,
    "pid": 18492,
    "index": 27
  },
  {
    "name": "Require(24) node_modules/.3.0.5@egg-logrotator/app/extend/application.js",
    "start": 1547025401036,
    "end": 1547025401038,
    "duration": 2,
    "pid": 18492,
    "index": 28
  },
  {
    "name": "Require(25) node_modules/.2.1.1@egg-view/app/extend/application.js",
    "start": 1547025401038,
    "end": 1547025401039,
    "duration": 1,
    "pid": 18492,
    "index": 29
  },
  {
    "name": "Load extend/request.js",
    "start": 1547025401041,
    "end": 1547025401045,
    "duration": 4,
    "pid": 18492,
    "index": 30
  },
  {
    "name": "Require(26) node_modules/.2.14.2@egg/app/extend/request.js",
    "start": 1547025401043,
    "end": 1547025401044,
    "duration": 1,
    "pid": 18492,
    "index": 31
  },
  {
    "name": "Load extend/response.js",
    "start": 1547025401045,
    "end": 1547025401050,
    "duration": 5,
    "pid": 18492,
    "index": 32
  },
  {
    "name": "Require(27) node_modules/.2.14.2@egg/app/extend/response.js",
    "start": 1547025401047,
    "end": 1547025401048,
    "duration": 1,
    "pid": 18492,
    "index": 33
  },
  {
    "name": "Load extend/context.js",
    "start": 1547025401050,
    "end": 1547025401104,
    "duration": 54,
    "pid": 18492,
    "index": 34
  },
  {
    "name": "Require(28) node_modules/.2.4.2@egg-security/app/extend/context.js",
    "start": 1547025401051,
    "end": 1547025401060,
    "duration": 9,
    "pid": 18492,
    "index": 35
  },
  {
    "name": "Require(29) node_modules/.2.0.0@egg-jsonp/app/extend/context.js",
    "start": 1547025401060,
    "end": 1547025401061,
    "duration": 1,
    "pid": 18492,
    "index": 36
  },
  {
    "name": "Require(30) node_modules/.2.0.0@egg-i18n/app/extend/context.js",
    "start": 1547025401061,
    "end": 1547025401061,
    "duration": 0,
    "pid": 18492,
    "index": 37
  },
  {
    "name": "Require(31) node_modules/.2.4.0@egg-multipart/app/extend/context.js",
    "start": 1547025401062,
    "end": 1547025401099,
    "duration": 37,
    "pid": 18492,
    "index": 38
  },
  {
    "name": "Require(32) node_modules/.2.1.1@egg-view/app/extend/context.js",
    "start": 1547025401100,
    "end": 1547025401101,
    "duration": 1,
    "pid": 18492,
    "index": 39
  },
  {
    "name": "Require(33) node_modules/.2.14.2@egg/app/extend/context.js",
    "start": 1547025401101,
    "end": 1547025401102,
    "duration": 1,
    "pid": 18492,
    "index": 40
  },
  {
    "name": "Load extend/helper.js",
    "start": 1547025401104,
    "end": 1547025401118,
    "duration": 14,
    "pid": 18492,
    "index": 41
  },
  {
    "name": "Require(34) node_modules/.2.4.2@egg-security/app/extend/helper.js",
    "start": 1547025401104,
    "end": 1547025401115,
    "duration": 11,
    "pid": 18492,
    "index": 42
  },
  {
    "name": "Require(35) node_modules/.2.14.2@egg/app/extend/helper.js",
    "start": 1547025401116,
    "end": 1547025401116,
    "duration": 0,
    "pid": 18492,
    "index": 43
  },
  {
    "name": "Load app.js",
    "start": 1547025401118,
    "end": 1547025401142,
    "duration": 24,
    "pid": 18492,
    "index": 44
  },
  {
    "name": "Require(36) node_modules/.3.1.0@egg-session/app.js",
    "start": 1547025401119,
    "end": 1547025401119,
    "duration": 0,
    "pid": 18492,
    "index": 45
  },
  {
    "name": "Require(37) node_modules/.2.4.2@egg-security/app.js",
    "start": 1547025401119,
    "end": 1547025401120,
    "duration": 1,
    "pid": 18492,
    "index": 46
  },
  {
    "name": "Require(38) node_modules/.2.1.0@egg-onerror/app.js",
    "start": 1547025401121,
    "end": 1547025401129,
    "duration": 8,
    "pid": 18492,
    "index": 47
  },
  {
    "name": "Require(39) node_modules/.2.0.0@egg-i18n/app.js",
    "start": 1547025401129,
    "end": 1547025401133,
    "duration": 4,
    "pid": 18492,
    "index": 48
  },
  {
    "name": "Require(40) node_modules/.3.1.0@egg-watcher/app.js",
    "start": 1547025401134,
    "end": 1547025401136,
    "duration": 2,
    "pid": 18492,
    "index": 49
  },
  {
    "name": "Require(41) node_modules/.3.6.0@egg-schedule/app.js",
    "start": 1547025401137,
    "end": 1547025401138,
    "duration": 1,
    "pid": 18492,
    "index": 50
  },
  {
    "name": "Require(42) node_modules/.2.4.0@egg-multipart/app.js",
    "start": 1547025401138,
    "end": 1547025401140,
    "duration": 2,
    "pid": 18492,
    "index": 51
  },
  {
    "name": "Require(43) node_modules/.2.4.1@egg-development/app.js",
    "start": 1547025401140,
    "end": 1547025401140,
    "duration": 0,
    "pid": 18492,
    "index": 52
  },
  {
    "name": "Require(44) node_modules/.3.0.5@egg-logrotator/app.js",
    "start": 1547025401141,
    "end": 1547025401141,
    "duration": 0,
    "pid": 18492,
    "index": 53
  },
  {
    "name": "Require(45) node_modules/.2.1.1@egg-static/app.js",
    "start": 1547025401141,
    "end": 1547025401141,
    "duration": 0,
    "pid": 18492,
    "index": 54
  },
  {
    "name": "Before Start in node_modules/.3.1.0@egg-watcher/lib/init.js:15:14",
    "start": 1547025401151,
    "end": 1547025402852,
    "duration": 1701,
    "pid": 18492,
    "index": 55
  },
  {
    "name": "Load Service",
    "start": 1547025401182,
    "end": 1547025401185,
    "duration": 3,
    "pid": 18492,
    "index": 56
  },
  {
    "name": "Load \"service\" to Context",
    "start": 1547025401182,
    "end": 1547025401185,
    "duration": 3,
    "pid": 18492,
    "index": 57
  },
  {
    "name": "Load Middleware",
    "start": 1547025401185,
    "end": 1547025401258,
    "duration": 73,
    "pid": 18492,
    "index": 58
  },
  {
    "name": "Load \"middlewares\" to Application",
    "start": 1547025401186,
    "end": 1547025401250,
    "duration": 64,
    "pid": 18492,
    "index": 59
  },
  {
    "name": "Load Controller",
    "start": 1547025401258,
    "end": 1547025402779,
    "duration": 1521,
    "pid": 18492,
    "index": 60
  },
  {
    "name": "Load \"controller\" to Application",
    "start": 1547025401259,
    "end": 1547025402779,
    "duration": 1520,
    "pid": 18492,
    "index": 61
  },
  {
    "name": "Load Router",
    "start": 1547025402779,
    "end": 1547025402784,
    "duration": 5,
    "pid": 18492,
    "index": 62
  },
  {
    "name": "Require(46) app/router.ts",
    "start": 1547025402780,
    "end": 1547025402780,
    "duration": 0,
    "pid": 18492,
    "index": 63
  },
  {
    "name": "Before Start in node_modules/.4.13.0@egg-core/lib/egg.js:287:10",
    "start": 1547025402780,
    "end": 1547025402797,
    "duration": 17,
    "pid": 18492,
    "index": 64
  }
]