[
  {
    "name": "Application Start",
    "start": 1547025627731,
    "end": 1547025628023,
    "duration": 292,
    "pid": 18144,
    "index": 0
  },
  {
    "name": "Load Plugin",
    "start": 1547025627734,
    "end": 1547025627748,
    "duration": 14,
    "pid": 18144,
    "index": 1
  },
  {
    "name": "Load Config",
    "start": 1547025627748,
    "end": 1547025627760,
    "duration": 12,
    "pid": 18144,
    "index": 2
  },
  {
    "name": "Require(0) config/config.default.ts",
    "start": 1547025627748,
    "end": 1547025627749,
    "duration": 1,
    "pid": 18144,
    "index": 3
  },
  {
    "name": "Require(1) config/config.local.ts",
    "start": 1547025627750,
    "end": 1547025627750,
    "duration": 0,
    "pid": 18144,
    "index": 4
  },
  {
    "name": "Require(2) node_modules/.3.1.0@egg-session/config/config.default.js",
    "start": 1547025627750,
    "end": 1547025627750,
    "duration": 0,
    "pid": 18144,
    "index": 5
  },
  {
    "name": "Require(3) node_modules/.2.4.2@egg-security/config/config.default.js",
    "start": 1547025627751,
    "end": 1547025627751,
    "duration": 0,
    "pid": 18144,
    "index": 6
  },
  {
    "name": "Require(4) node_modules/.2.0.0@egg-jsonp/config/config.default.js",
    "start": 1547025627751,
    "end": 1547025627752,
    "duration": 1,
    "pid": 18144,
    "index": 7
  },
  {
    "name": "Require(5) node_modules/.2.1.0@egg-onerror/config/config.default.js",
    "start": 1547025627752,
    "end": 1547025627752,
    "duration": 0,
    "pid": 18144,
    "index": 8
  },
  {
    "name": "Require(6) node_modules/.2.0.0@egg-i18n/config/config.default.js",
    "start": 1547025627752,
    "end": 1547025627753,
    "duration": 1,
    "pid": 18144,
    "index": 9
  },
  {
    "name": "Require(7) node_modules/.3.1.0@egg-watcher/config/config.default.js",
    "start": 1547025627753,
    "end": 1547025627753,
    "duration": 0,
    "pid": 18144,
    "index": 10
  },
  {
    "name": "Require(8) node_modules/.3.6.0@egg-schedule/config/config.default.js",
    "start": 1547025627753,
    "end": 1547025627754,
    "duration": 1,
    "pid": 18144,
    "index": 11
  },
  {
    "name": "Require(9) node_modules/.2.4.0@egg-multipart/config/config.default.js",
    "start": 1547025627754,
    "end": 1547025627754,
    "duration": 0,
    "pid": 18144,
    "index": 12
  },
  {
    "name": "Require(10) node_modules/.2.4.1@egg-development/config/config.default.js",
    "start": 1547025627755,
    "end": 1547025627755,
    "duration": 0,
    "pid": 18144,
    "index": 13
  },
  {
    "name": "Require(11) node_modules/.3.0.5@egg-logrotator/config/config.default.js",
    "start": 1547025627755,
    "end": 1547025627755,
    "duration": 0,
    "pid": 18144,
    "index": 14
  },
  {
    "name": "Require(12) node_modules/.2.1.1@egg-static/config/config.default.js",
    "start": 1547025627755,
    "end": 1547025627756,
    "duration": 1,
    "pid": 18144,
    "index": 15
  },
  {
    "name": "Require(13) node_modules/.2.1.1@egg-view/config/config.default.js",
    "start": 1547025627756,
    "end": 1547025627756,
    "duration": 0,
    "pid": 18144,
    "index": 16
  },
  {
    "name": "Require(14) node_modules/.2.14.2@egg/config/config.default.js",
    "start": 1547025627756,
    "end": 1547025627757,
    "duration": 1,
    "pid": 18144,
    "index": 17
  },
  {
    "name": "Require(15) config/config.default.ts",
    "start": 1547025627758,
    "end": 1547025627758,
    "duration": 0,
    "pid": 18144,
    "index": 18
  },
  {
    "name": "Require(16) node_modules/.2.4.2@egg-security/config/config.local.js",
    "start": 1547025627758,
    "end": 1547025627758,
    "duration": 0,
    "pid": 18144,
    "index": 19
  },
  {
    "name": "Require(17) node_modules/.3.1.0@egg-watcher/config/config.local.js",
    "start": 1547025627759,
    "end": 1547025627759,
    "duration": 0,
    "pid": 18144,
    "index": 20
  },
  {
    "name": "Require(18) node_modules/.2.1.1@egg-view/config/config.local.js",
    "start": 1547025627760,
    "end": 1547025627760,
    "duration": 0,
    "pid": 18144,
    "index": 21
  },
  {
    "name": "Require(19) node_modules/.2.14.2@egg/config/config.local.js",
    "start": 1547025627760,
    "end": 1547025627760,
    "duration": 0,
    "pid": 18144,
    "index": 22
  },
  {
    "name": "Require(20) config/config.local.ts",
    "start": 1547025627760,
    "end": 1547025627760,
    "duration": 0,
    "pid": 18144,
    "index": 23
  },
  {
    "name": "Load extend/application.js",
    "start": 1547025627761,
    "end": 1547025627771,
    "duration": 10,
    "pid": 18144,
    "index": 24
  },
  {
    "name": "Require(21) node_modules/.3.1.0@egg-session/app/extend/application.js",
    "start": 1547025627762,
    "end": 1547025627762,
    "duration": 0,
    "pid": 18144,
    "index": 25
  },
  {
    "name": "Require(22) node_modules/.2.4.2@egg-security/app/extend/application.js",
    "start": 1547025627762,
    "end": 1547025627763,
    "duration": 1,
    "pid": 18144,
    "index": 26
  },
  {
    "name": "Require(23) node_modules/.2.0.0@egg-jsonp/app/extend/application.js",
    "start": 1547025627763,
    "end": 1547025627764,
    "duration": 1,
    "pid": 18144,
    "index": 27
  },
  {
    "name": "Require(24) node_modules/.3.0.5@egg-logrotator/app/extend/application.js",
    "start": 1547025627765,
    "end": 1547025627767,
    "duration": 2,
    "pid": 18144,
    "index": 28
  },
  {
    "name": "Require(25) node_modules/.2.1.1@egg-view/app/extend/application.js",
    "start": 1547025627768,
    "end": 1547025627769,
    "duration": 1,
    "pid": 18144,
    "index": 29
  },
  {
    "name": "Load extend/request.js",
    "start": 1547025627771,
    "end": 1547025627775,
    "duration": 4,
    "pid": 18144,
    "index": 30
  },
  {
    "name": "Require(26) node_modules/.2.14.2@egg/app/extend/request.js",
    "start": 1547025627773,
    "end": 1547025627774,
    "duration": 1,
    "pid": 18144,
    "index": 31
  },
  {
    "name": "Load extend/response.js",
    "start": 1547025627775,
    "end": 1547025627780,
    "duration": 5,
    "pid": 18144,
    "index": 32
  },
  {
    "name": "Require(27) node_modules/.2.14.2@egg/app/extend/response.js",
    "start": 1547025627777,
    "end": 1547025627778,
    "duration": 1,
    "pid": 18144,
    "index": 33
  },
  {
    "name": "Load extend/context.js",
    "start": 1547025627780,
    "end": 1547025627833,
    "duration": 53,
    "pid": 18144,
    "index": 34
  },
  {
    "name": "Require(28) node_modules/.2.4.2@egg-security/app/extend/context.js",
    "start": 1547025627780,
    "end": 1547025627790,
    "duration": 10,
    "pid": 18144,
    "index": 35
  },
  {
    "name": "Require(29) node_modules/.2.0.0@egg-jsonp/app/extend/context.js",
    "start": 1547025627790,
    "end": 1547025627791,
    "duration": 1,
    "pid": 18144,
    "index": 36
  },
  {
    "name": "Require(30) node_modules/.2.0.0@egg-i18n/app/extend/context.js",
    "start": 1547025627791,
    "end": 1547025627791,
    "duration": 0,
    "pid": 18144,
    "index": 37
  },
  {
    "name": "Require(31) node_modules/.2.4.0@egg-multipart/app/extend/context.js",
    "start": 1547025627792,
    "end": 1547025627828,
    "duration": 36,
    "pid": 18144,
    "index": 38
  },
  {
    "name": "Require(32) node_modules/.2.1.1@egg-view/app/extend/context.js",
    "start": 1547025627828,
    "end": 1547025627829,
    "duration": 1,
    "pid": 18144,
    "index": 39
  },
  {
    "name": "Require(33) node_modules/.2.14.2@egg/app/extend/context.js",
    "start": 1547025627829,
    "end": 1547025627830,
    "duration": 1,
    "pid": 18144,
    "index": 40
  },
  {
    "name": "Load extend/helper.js",
    "start": 1547025627833,
    "end": 1547025627847,
    "duration": 14,
    "pid": 18144,
    "index": 41
  },
  {
    "name": "Require(34) node_modules/.2.4.2@egg-security/app/extend/helper.js",
    "start": 1547025627833,
    "end": 1547025627843,
    "duration": 10,
    "pid": 18144,
    "index": 42
  },
  {
    "name": "Require(35) node_modules/.2.14.2@egg/app/extend/helper.js",
    "start": 1547025627845,
    "end": 1547025627845,
    "duration": 0,
    "pid": 18144,
    "index": 43
  },
  {
    "name": "Load app.js",
    "start": 1547025627847,
    "end": 1547025627872,
    "duration": 25,
    "pid": 18144,
    "index": 44
  },
  {
    "name": "Require(36) node_modules/.3.1.0@egg-session/app.js",
    "start": 1547025627847,
    "end": 1547025627847,
    "duration": 0,
    "pid": 18144,
    "index": 45
  },
  {
    "name": "Require(37) node_modules/.2.4.2@egg-security/app.js",
    "start": 1547025627847,
    "end": 1547025627849,
    "duration": 2,
    "pid": 18144,
    "index": 46
  },
  {
    "name": "Require(38) node_modules/.2.1.0@egg-onerror/app.js",
    "start": 1547025627849,
    "end": 1547025627857,
    "duration": 8,
    "pid": 18144,
    "index": 47
  },
  {
    "name": "Require(39) node_modules/.2.0.0@egg-i18n/app.js",
    "start": 1547025627857,
    "end": 1547025627862,
    "duration": 5,
    "pid": 18144,
    "index": 48
  },
  {
    "name": "Require(40) node_modules/.3.1.0@egg-watcher/app.js",
    "start": 1547025627863,
    "end": 1547025627866,
    "duration": 3,
    "pid": 18144,
    "index": 49
  },
  {
    "name": "Require(41) node_modules/.3.6.0@egg-schedule/app.js",
    "start": 1547025627866,
    "end": 1547025627868,
    "duration": 2,
    "pid": 18144,
    "index": 50
  },
  {
    "name": "Require(42) node_modules/.2.4.0@egg-multipart/app.js",
    "start": 1547025627868,
    "end": 1547025627870,
    "duration": 2,
    "pid": 18144,
    "index": 51
  },
  {
    "name": "Require(43) node_modules/.2.4.1@egg-development/app.js",
    "start": 1547025627871,
    "end": 1547025627871,
    "duration": 0,
    "pid": 18144,
    "index": 52
  },
  {
    "name": "Require(44) node_modules/.3.0.5@egg-logrotator/app.js",
    "start": 1547025627871,
    "end": 1547025627871,
    "duration": 0,
    "pid": 18144,
    "index": 53
  },
  {
    "name": "Require(45) node_modules/.2.1.1@egg-static/app.js",
    "start": 1547025627871,
    "end": 1547025627871,
    "duration": 0,
    "pid": 18144,
    "index": 54
  },
  {
    "name": "Before Start in node_modules/.3.1.0@egg-watcher/lib/init.js:15:14",
    "start": 1547025627881,
    "end": 1547025628023,
    "duration": 142,
    "pid": 18144,
    "index": 55
  },
  {
    "name": "Load Service",
    "start": 1547025627914,
    "end": 1547025627918,
    "duration": 4,
    "pid": 18144,
    "index": 56
  },
  {
    "name": "Load \"service\" to Context",
    "start": 1547025627914,
    "end": 1547025627918,
    "duration": 4,
    "pid": 18144,
    "index": 57
  },
  {
    "name": "Load Middleware",
    "start": 1547025627918,
    "end": 1547025628001,
    "duration": 83,
    "pid": 18144,
    "index": 58
  },
  {
    "name": "Load \"middlewares\" to Application",
    "start": 1547025627918,
    "end": 1547025627992,
    "duration": 74,
    "pid": 18144,
    "index": 59
  },
  {
    "name": "Load Controller",
    "start": 1547025628001,
    "end": 1547025628004,
    "duration": 3,
    "pid": 18144,
    "index": 60
  },
  {
    "name": "Load \"controller\" to Application",
    "start": 1547025628001,
    "end": 1547025628004,
    "duration": 3,
    "pid": 18144,
    "index": 61
  },
  {
    "name": "Load Router",
    "start": 1547025628004,
    "end": 1547025628006,
    "duration": 2,
    "pid": 18144,
    "index": 62
  },
  {
    "name": "Require(46) app/router.ts",
    "start": 1547025628004,
    "end": 1547025628004,
    "duration": 0,
    "pid": 18144,
    "index": 63
  },
  {
    "name": "Before Start in node_modules/.4.13.0@egg-core/lib/egg.js:287:10",
    "start": 1547025628005,
    "end": 1547025628014,
    "duration": 9,
    "pid": 18144,
    "index": 64
  }
]