[
  {
    "name": "Application Start",
    "start": 1547025109979,
    "end": 1547025111836,
    "duration": 1857,
    "pid": 12968,
    "index": 0
  },
  {
    "name": "Load Plugin",
    "start": 1547025109982,
    "end": 1547025109995,
    "duration": 13,
    "pid": 12968,
    "index": 1
  },
  {
    "name": "Load Config",
    "start": 1547025109995,
    "end": 1547025110007,
    "duration": 12,
    "pid": 12968,
    "index": 2
  },
  {
    "name": "Require(0) config/config.default.ts",
    "start": 1547025109995,
    "end": 1547025109996,
    "duration": 1,
    "pid": 12968,
    "index": 3
  },
  {
    "name": "Require(1) config/config.local.ts",
    "start": 1547025109996,
    "end": 1547025109996,
    "duration": 0,
    "pid": 12968,
    "index": 4
  },
  {
    "name": "Require(2) node_modules/.3.1.0@egg-session/config/config.default.js",
    "start": 1547025109997,
    "end": 1547025109997,
    "duration": 0,
    "pid": 12968,
    "index": 5
  },
  {
    "name": "Require(3) node_modules/.2.4.2@egg-security/config/config.default.js",
    "start": 1547025109997,
    "end": 1547025109997,
    "duration": 0,
    "pid": 12968,
    "index": 6
  },
  {
    "name": "Require(4) node_modules/.2.0.0@egg-jsonp/config/config.default.js",
    "start": 1547025109998,
    "end": 1547025109999,
    "duration": 1,
    "pid": 12968,
    "index": 7
  },
  {
    "name": "Require(5) node_modules/.2.1.0@egg-onerror/config/config.default.js",
    "start": 1547025109999,
    "end": 1547025109999,
    "duration": 0,
    "pid": 12968,
    "index": 8
  },
  {
    "name": "Require(6) node_modules/.2.0.0@egg-i18n/config/config.default.js",
    "start": 1547025109999,
    "end": 1547025109999,
    "duration": 0,
    "pid": 12968,
    "index": 9
  },
  {
    "name": "Require(7) node_modules/.3.1.0@egg-watcher/config/config.default.js",
    "start": 1547025110000,
    "end": 1547025110000,
    "duration": 0,
    "pid": 12968,
    "index": 10
  },
  {
    "name": "Require(8) node_modules/.3.6.0@egg-schedule/config/config.default.js",
    "start": 1547025110000,
    "end": 1547025110000,
    "duration": 0,
    "pid": 12968,
    "index": 11
  },
  {
    "name": "Require(9) node_modules/.2.4.0@egg-multipart/config/config.default.js",
    "start": 1547025110001,
    "end": 1547025110001,
    "duration": 0,
    "pid": 12968,
    "index": 12
  },
  {
    "name": "Require(10) node_modules/.2.4.1@egg-development/config/config.default.js",
    "start": 1547025110001,
    "end": 1547025110001,
    "duration": 0,
    "pid": 12968,
    "index": 13
  },
  {
    "name": "Require(11) node_modules/.3.0.5@egg-logrotator/config/config.default.js",
    "start": 1547025110002,
    "end": 1547025110002,
    "duration": 0,
    "pid": 12968,
    "index": 14
  },
  {
    "name": "Require(12) node_modules/.2.1.1@egg-static/config/config.default.js",
    "start": 1547025110002,
    "end": 1547025110002,
    "duration": 0,
    "pid": 12968,
    "index": 15
  },
  {
    "name": "Require(13) node_modules/.2.1.1@egg-view/config/config.default.js",
    "start": 1547025110003,
    "end": 1547025110003,
    "duration": 0,
    "pid": 12968,
    "index": 16
  },
  {
    "name": "Require(14) node_modules/.2.14.2@egg/config/config.default.js",
    "start": 1547025110003,
    "end": 1547025110003,
    "duration": 0,
    "pid": 12968,
    "index": 17
  },
  {
    "name": "Require(15) config/config.default.ts",
    "start": 1547025110004,
    "end": 1547025110004,
    "duration": 0,
    "pid": 12968,
    "index": 18
  },
  {
    "name": "Require(16) node_modules/.2.4.2@egg-security/config/config.local.js",
    "start": 1547025110005,
    "end": 1547025110005,
    "duration": 0,
    "pid": 12968,
    "index": 19
  },
  {
    "name": "Require(17) node_modules/.3.1.0@egg-watcher/config/config.local.js",
    "start": 1547025110006,
    "end": 1547025110006,
    "duration": 0,
    "pid": 12968,
    "index": 20
  },
  {
    "name": "Require(18) node_modules/.2.1.1@egg-view/config/config.local.js",
    "start": 1547025110006,
    "end": 1547025110007,
    "duration": 1,
    "pid": 12968,
    "index": 21
  },
  {
    "name": "Require(19) node_modules/.2.14.2@egg/config/config.local.js",
    "start": 1547025110007,
    "end": 1547025110007,
    "duration": 0,
    "pid": 12968,
    "index": 22
  },
  {
    "name": "Require(20) config/config.local.ts",
    "start": 1547025110007,
    "end": 1547025110007,
    "duration": 0,
    "pid": 12968,
    "index": 23
  },
  {
    "name": "Load extend/application.js",
    "start": 1547025110008,
    "end": 1547025110017,
    "duration": 9,
    "pid": 12968,
    "index": 24
  },
  {
    "name": "Require(21) node_modules/.3.1.0@egg-session/app/extend/application.js",
    "start": 1547025110008,
    "end": 1547025110009,
    "duration": 1,
    "pid": 12968,
    "index": 25
  },
  {
    "name": "Require(22) node_modules/.2.4.2@egg-security/app/extend/application.js",
    "start": 1547025110009,
    "end": 1547025110009,
    "duration": 0,
    "pid": 12968,
    "index": 26
  },
  {
    "name": "Require(23) node_modules/.2.0.0@egg-jsonp/app/extend/application.js",
    "start": 1547025110010,
    "end": 1547025110011,
    "duration": 1,
    "pid": 12968,
    "index": 27
  },
  {
    "name": "Require(24) node_modules/.3.0.5@egg-logrotator/app/extend/application.js",
    "start": 1547025110012,
    "end": 1547025110013,
    "duration": 1,
    "pid": 12968,
    "index": 28
  },
  {
    "name": "Require(25) node_modules/.2.1.1@egg-view/app/extend/application.js",
    "start": 1547025110014,
    "end": 1547025110016,
    "duration": 2,
    "pid": 12968,
    "index": 29
  },
  {
    "name": "Load extend/request.js",
    "start": 1547025110017,
    "end": 1547025110023,
    "duration": 6,
    "pid": 12968,
    "index": 30
  },
  {
    "name": "Require(26) node_modules/.2.14.2@egg/app/extend/request.js",
    "start": 1547025110019,
    "end": 1547025110021,
    "duration": 2,
    "pid": 12968,
    "index": 31
  },
  {
    "name": "Load extend/response.js",
    "start": 1547025110023,
    "end": 1547025110027,
    "duration": 4,
    "pid": 12968,
    "index": 32
  },
  {
    "name": "Require(27) node_modules/.2.14.2@egg/app/extend/response.js",
    "start": 1547025110024,
    "end": 1547025110025,
    "duration": 1,
    "pid": 12968,
    "index": 33
  },
  {
    "name": "Load extend/context.js",
    "start": 1547025110027,
    "end": 1547025110082,
    "duration": 55,
    "pid": 12968,
    "index": 34
  },
  {
    "name": "Require(28) node_modules/.2.4.2@egg-security/app/extend/context.js",
    "start": 1547025110027,
    "end": 1547025110036,
    "duration": 9,
    "pid": 12968,
    "index": 35
  },
  {
    "name": "Require(29) node_modules/.2.0.0@egg-jsonp/app/extend/context.js",
    "start": 1547025110037,
    "end": 1547025110038,
    "duration": 1,
    "pid": 12968,
    "index": 36
  },
  {
    "name": "Require(30) node_modules/.2.0.0@egg-i18n/app/extend/context.js",
    "start": 1547025110038,
    "end": 1547025110038,
    "duration": 0,
    "pid": 12968,
    "index": 37
  },
  {
    "name": "Require(31) node_modules/.2.4.0@egg-multipart/app/extend/context.js",
    "start": 1547025110039,
    "end": 1547025110076,
    "duration": 37,
    "pid": 12968,
    "index": 38
  },
  {
    "name": "Require(32) node_modules/.2.1.1@egg-view/app/extend/context.js",
    "start": 1547025110077,
    "end": 1547025110078,
    "duration": 1,
    "pid": 12968,
    "index": 39
  },
  {
    "name": "Require(33) node_modules/.2.14.2@egg/app/extend/context.js",
    "start": 1547025110078,
    "end": 1547025110079,
    "duration": 1,
    "pid": 12968,
    "index": 40
  },
  {
    "name": "Load extend/helper.js",
    "start": 1547025110082,
    "end": 1547025110095,
    "duration": 13,
    "pid": 12968,
    "index": 41
  },
  {
    "name": "Require(34) node_modules/.2.4.2@egg-security/app/extend/helper.js",
    "start": 1547025110082,
    "end": 1547025110092,
    "duration": 10,
    "pid": 12968,
    "index": 42
  },
  {
    "name": "Require(35) node_modules/.2.14.2@egg/app/extend/helper.js",
    "start": 1547025110093,
    "end": 1547025110094,
    "duration": 1,
    "pid": 12968,
    "index": 43
  },
  {
    "name": "Load app.js",
    "start": 1547025110095,
    "end": 1547025110120,
    "duration": 25,
    "pid": 12968,
    "index": 44
  },
  {
    "name": "Require(36) node_modules/.3.1.0@egg-session/app.js",
    "start": 1547025110096,
    "end": 1547025110096,
    "duration": 0,
    "pid": 12968,
    "index": 45
  },
  {
    "name": "Require(37) node_modules/.2.4.2@egg-security/app.js",
    "start": 1547025110096,
    "end": 1547025110097,
    "duration": 1,
    "pid": 12968,
    "index": 46
  },
  {
    "name": "Require(38) node_modules/.2.1.0@egg-onerror/app.js",
    "start": 1547025110098,
    "end": 1547025110105,
    "duration": 7,
    "pid": 12968,
    "index": 47
  },
  {
    "name": "Require(39) node_modules/.2.0.0@egg-i18n/app.js",
    "start": 1547025110106,
    "end": 1547025110111,
    "duration": 5,
    "pid": 12968,
    "index": 48
  },
  {
    "name": "Require(40) node_modules/.3.1.0@egg-watcher/app.js",
    "start": 1547025110111,
    "end": 1547025110114,
    "duration": 3,
    "pid": 12968,
    "index": 49
  },
  {
    "name": "Require(41) node_modules/.3.6.0@egg-schedule/app.js",
    "start": 1547025110114,
    "end": 1547025110115,
    "duration": 1,
    "pid": 12968,
    "index": 50
  },
  {
    "name": "Require(42) node_modules/.2.4.0@egg-multipart/app.js",
    "start": 1547025110115,
    "end": 1547025110118,
    "duration": 3,
    "pid": 12968,
    "index": 51
  },
  {
    "name": "Require(43) node_modules/.2.4.1@egg-development/app.js",
    "start": 1547025110118,
    "end": 1547025110118,
    "duration": 0,
    "pid": 12968,
    "index": 52
  },
  {
    "name": "Require(44) node_modules/.3.0.5@egg-logrotator/app.js",
    "start": 1547025110119,
    "end": 1547025110119,
    "duration": 0,
    "pid": 12968,
    "index": 53
  },
  {
    "name": "Require(45) node_modules/.2.1.1@egg-static/app.js",
    "start": 1547025110119,
    "end": 1547025110119,
    "duration": 0,
    "pid": 12968,
    "index": 54
  },
  {
    "name": "Before Start in node_modules/.3.1.0@egg-watcher/lib/init.js:15:14",
    "start": 1547025110131,
    "end": 1547025111836,
    "duration": 1705,
    "pid": 12968,
    "index": 55
  },
  {
    "name": "Load Service",
    "start": 1547025110161,
    "end": 1547025111633,
    "duration": 1472,
    "pid": 12968,
    "index": 56
  },
  {
    "name": "Load \"service\" to Context",
    "start": 1547025110161,
    "end": 1547025111633,
    "duration": 1472,
    "pid": 12968,
    "index": 57
  },
  {
    "name": "Load Middleware",
    "start": 1547025111634,
    "end": 1547025111709,
    "duration": 75,
    "pid": 12968,
    "index": 58
  },
  {
    "name": "Load \"middlewares\" to Application",
    "start": 1547025111634,
    "end": 1547025111697,
    "duration": 63,
    "pid": 12968,
    "index": 59
  },
  {
    "name": "Load Controller",
    "start": 1547025111709,
    "end": 1547025111725,
    "duration": 16,
    "pid": 12968,
    "index": 60
  },
  {
    "name": "Load \"controller\" to Application",
    "start": 1547025111709,
    "end": 1547025111725,
    "duration": 16,
    "pid": 12968,
    "index": 61
  },
  {
    "name": "Load Router",
    "start": 1547025111725,
    "end": 1547025111741,
    "duration": 16,
    "pid": 12968,
    "index": 62
  },
  {
    "name": "Require(46) app/router.ts",
    "start": 1547025111725,
    "end": 1547025111740,
    "duration": 15,
    "pid": 12968,
    "index": 63
  },
  {
    "name": "Before Start in node_modules/.4.13.0@egg-core/lib/egg.js:287:10",
    "start": 1547025111740,
    "end": 1547025111752,
    "duration": 12,
    "pid": 12968,
    "index": 64
  }
]