[
  {
    "name": "Application Start",
    "start": 1547028767400,
    "end": 1547028767682,
    "duration": 282,
    "pid": 20692,
    "index": 0
  },
  {
    "name": "Load Plugin",
    "start": 1547028767403,
    "end": 1547028767416,
    "duration": 13,
    "pid": 20692,
    "index": 1
  },
  {
    "name": "Load Config",
    "start": 1547028767416,
    "end": 1547028767429,
    "duration": 13,
    "pid": 20692,
    "index": 2
  },
  {
    "name": "Require(0) config/config.default.ts",
    "start": 1547028767417,
    "end": 1547028767417,
    "duration": 0,
    "pid": 20692,
    "index": 3
  },
  {
    "name": "Require(1) config/config.local.ts",
    "start": 1547028767418,
    "end": 1547028767418,
    "duration": 0,
    "pid": 20692,
    "index": 4
  },
  {
    "name": "Require(2) node_modules/.3.1.0@egg-session/config/config.default.js",
    "start": 1547028767419,
    "end": 1547028767419,
    "duration": 0,
    "pid": 20692,
    "index": 5
  },
  {
    "name": "Require(3) node_modules/.2.4.2@egg-security/config/config.default.js",
    "start": 1547028767419,
    "end": 1547028767420,
    "duration": 1,
    "pid": 20692,
    "index": 6
  },
  {
    "name": "Require(4) node_modules/.2.0.0@egg-jsonp/config/config.default.js",
    "start": 1547028767420,
    "end": 1547028767420,
    "duration": 0,
    "pid": 20692,
    "index": 7
  },
  {
    "name": "Require(5) node_modules/.2.1.0@egg-onerror/config/config.default.js",
    "start": 1547028767420,
    "end": 1547028767421,
    "duration": 1,
    "pid": 20692,
    "index": 8
  },
  {
    "name": "Require(6) node_modules/.2.0.0@egg-i18n/config/config.default.js",
    "start": 1547028767421,
    "end": 1547028767421,
    "duration": 0,
    "pid": 20692,
    "index": 9
  },
  {
    "name": "Require(7) node_modules/.3.1.0@egg-watcher/config/config.default.js",
    "start": 1547028767422,
    "end": 1547028767422,
    "duration": 0,
    "pid": 20692,
    "index": 10
  },
  {
    "name": "Require(8) node_modules/.3.6.0@egg-schedule/config/config.default.js",
    "start": 1547028767422,
    "end": 1547028767422,
    "duration": 0,
    "pid": 20692,
    "index": 11
  },
  {
    "name": "Require(9) node_modules/.2.4.0@egg-multipart/config/config.default.js",
    "start": 1547028767422,
    "end": 1547028767423,
    "duration": 1,
    "pid": 20692,
    "index": 12
  },
  {
    "name": "Require(10) node_modules/.2.4.1@egg-development/config/config.default.js",
    "start": 1547028767423,
    "end": 1547028767423,
    "duration": 0,
    "pid": 20692,
    "index": 13
  },
  {
    "name": "Require(11) node_modules/.3.0.5@egg-logrotator/config/config.default.js",
    "start": 1547028767423,
    "end": 1547028767424,
    "duration": 1,
    "pid": 20692,
    "index": 14
  },
  {
    "name": "Require(12) node_modules/.2.1.1@egg-static/config/config.default.js",
    "start": 1547028767424,
    "end": 1547028767424,
    "duration": 0,
    "pid": 20692,
    "index": 15
  },
  {
    "name": "Require(13) node_modules/.2.1.1@egg-view/config/config.default.js",
    "start": 1547028767424,
    "end": 1547028767424,
    "duration": 0,
    "pid": 20692,
    "index": 16
  },
  {
    "name": "Require(14) node_modules/.2.14.2@egg/config/config.default.js",
    "start": 1547028767425,
    "end": 1547028767425,
    "duration": 0,
    "pid": 20692,
    "index": 17
  },
  {
    "name": "Require(15) config/config.default.ts",
    "start": 1547028767426,
    "end": 1547028767426,
    "duration": 0,
    "pid": 20692,
    "index": 18
  },
  {
    "name": "Require(16) node_modules/.2.4.2@egg-security/config/config.local.js",
    "start": 1547028767427,
    "end": 1547028767427,
    "duration": 0,
    "pid": 20692,
    "index": 19
  },
  {
    "name": "Require(17) node_modules/.3.1.0@egg-watcher/config/config.local.js",
    "start": 1547028767427,
    "end": 1547028767427,
    "duration": 0,
    "pid": 20692,
    "index": 20
  },
  {
    "name": "Require(18) node_modules/.2.1.1@egg-view/config/config.local.js",
    "start": 1547028767428,
    "end": 1547028767428,
    "duration": 0,
    "pid": 20692,
    "index": 21
  },
  {
    "name": "Require(19) node_modules/.2.14.2@egg/config/config.local.js",
    "start": 1547028767428,
    "end": 1547028767429,
    "duration": 1,
    "pid": 20692,
    "index": 22
  },
  {
    "name": "Require(20) config/config.local.ts",
    "start": 1547028767429,
    "end": 1547028767429,
    "duration": 0,
    "pid": 20692,
    "index": 23
  },
  {
    "name": "Load extend/application.js",
    "start": 1547028767430,
    "end": 1547028767438,
    "duration": 8,
    "pid": 20692,
    "index": 24
  },
  {
    "name": "Require(21) node_modules/.3.1.0@egg-session/app/extend/application.js",
    "start": 1547028767430,
    "end": 1547028767430,
    "duration": 0,
    "pid": 20692,
    "index": 25
  },
  {
    "name": "Require(22) node_modules/.2.4.2@egg-security/app/extend/application.js",
    "start": 1547028767430,
    "end": 1547028767431,
    "duration": 1,
    "pid": 20692,
    "index": 26
  },
  {
    "name": "Require(23) node_modules/.2.0.0@egg-jsonp/app/extend/application.js",
    "start": 1547028767431,
    "end": 1547028767433,
    "duration": 2,
    "pid": 20692,
    "index": 27
  },
  {
    "name": "Require(24) node_modules/.3.0.5@egg-logrotator/app/extend/application.js",
    "start": 1547028767433,
    "end": 1547028767435,
    "duration": 2,
    "pid": 20692,
    "index": 28
  },
  {
    "name": "Require(25) node_modules/.2.1.1@egg-view/app/extend/application.js",
    "start": 1547028767435,
    "end": 1547028767436,
    "duration": 1,
    "pid": 20692,
    "index": 29
  },
  {
    "name": "Load extend/request.js",
    "start": 1547028767438,
    "end": 1547028767442,
    "duration": 4,
    "pid": 20692,
    "index": 30
  },
  {
    "name": "Require(26) node_modules/.2.14.2@egg/app/extend/request.js",
    "start": 1547028767440,
    "end": 1547028767441,
    "duration": 1,
    "pid": 20692,
    "index": 31
  },
  {
    "name": "Load extend/response.js",
    "start": 1547028767442,
    "end": 1547028767447,
    "duration": 5,
    "pid": 20692,
    "index": 32
  },
  {
    "name": "Require(27) node_modules/.2.14.2@egg/app/extend/response.js",
    "start": 1547028767444,
    "end": 1547028767446,
    "duration": 2,
    "pid": 20692,
    "index": 33
  },
  {
    "name": "Load extend/context.js",
    "start": 1547028767447,
    "end": 1547028767501,
    "duration": 54,
    "pid": 20692,
    "index": 34
  },
  {
    "name": "Require(28) node_modules/.2.4.2@egg-security/app/extend/context.js",
    "start": 1547028767448,
    "end": 1547028767458,
    "duration": 10,
    "pid": 20692,
    "index": 35
  },
  {
    "name": "Require(29) node_modules/.2.0.0@egg-jsonp/app/extend/context.js",
    "start": 1547028767458,
    "end": 1547028767459,
    "duration": 1,
    "pid": 20692,
    "index": 36
  },
  {
    "name": "Require(30) node_modules/.2.0.0@egg-i18n/app/extend/context.js",
    "start": 1547028767460,
    "end": 1547028767460,
    "duration": 0,
    "pid": 20692,
    "index": 37
  },
  {
    "name": "Require(31) node_modules/.2.4.0@egg-multipart/app/extend/context.js",
    "start": 1547028767460,
    "end": 1547028767497,
    "duration": 37,
    "pid": 20692,
    "index": 38
  },
  {
    "name": "Require(32) node_modules/.2.1.1@egg-view/app/extend/context.js",
    "start": 1547028767497,
    "end": 1547028767498,
    "duration": 1,
    "pid": 20692,
    "index": 39
  },
  {
    "name": "Require(33) node_modules/.2.14.2@egg/app/extend/context.js",
    "start": 1547028767498,
    "end": 1547028767499,
    "duration": 1,
    "pid": 20692,
    "index": 40
  },
  {
    "name": "Load extend/helper.js",
    "start": 1547028767501,
    "end": 1547028767515,
    "duration": 14,
    "pid": 20692,
    "index": 41
  },
  {
    "name": "Require(34) node_modules/.2.4.2@egg-security/app/extend/helper.js",
    "start": 1547028767501,
    "end": 1547028767513,
    "duration": 12,
    "pid": 20692,
    "index": 42
  },
  {
    "name": "Require(35) node_modules/.2.14.2@egg/app/extend/helper.js",
    "start": 1547028767514,
    "end": 1547028767514,
    "duration": 0,
    "pid": 20692,
    "index": 43
  },
  {
    "name": "Load app.js",
    "start": 1547028767516,
    "end": 1547028767541,
    "duration": 25,
    "pid": 20692,
    "index": 44
  },
  {
    "name": "Require(36) node_modules/.3.1.0@egg-session/app.js",
    "start": 1547028767516,
    "end": 1547028767516,
    "duration": 0,
    "pid": 20692,
    "index": 45
  },
  {
    "name": "Require(37) node_modules/.2.4.2@egg-security/app.js",
    "start": 1547028767516,
    "end": 1547028767517,
    "duration": 1,
    "pid": 20692,
    "index": 46
  },
  {
    "name": "Require(38) node_modules/.2.1.0@egg-onerror/app.js",
    "start": 1547028767518,
    "end": 1547028767527,
    "duration": 9,
    "pid": 20692,
    "index": 47
  },
  {
    "name": "Require(39) node_modules/.2.0.0@egg-i18n/app.js",
    "start": 1547028767527,
    "end": 1547028767531,
    "duration": 4,
    "pid": 20692,
    "index": 48
  },
  {
    "name": "Require(40) node_modules/.3.1.0@egg-watcher/app.js",
    "start": 1547028767532,
    "end": 1547028767534,
    "duration": 2,
    "pid": 20692,
    "index": 49
  },
  {
    "name": "Require(41) node_modules/.3.6.0@egg-schedule/app.js",
    "start": 1547028767534,
    "end": 1547028767536,
    "duration": 2,
    "pid": 20692,
    "index": 50
  },
  {
    "name": "Require(42) node_modules/.2.4.0@egg-multipart/app.js",
    "start": 1547028767537,
    "end": 1547028767539,
    "duration": 2,
    "pid": 20692,
    "index": 51
  },
  {
    "name": "Require(43) node_modules/.2.4.1@egg-development/app.js",
    "start": 1547028767539,
    "end": 1547028767539,
    "duration": 0,
    "pid": 20692,
    "index": 52
  },
  {
    "name": "Require(44) node_modules/.3.0.5@egg-logrotator/app.js",
    "start": 1547028767539,
    "end": 1547028767540,
    "duration": 1,
    "pid": 20692,
    "index": 53
  },
  {
    "name": "Require(45) node_modules/.2.1.1@egg-static/app.js",
    "start": 1547028767540,
    "end": 1547028767540,
    "duration": 0,
    "pid": 20692,
    "index": 54
  },
  {
    "name": "Before Start in node_modules/.3.1.0@egg-watcher/lib/init.js:15:14",
    "start": 1547028767550,
    "end": 1547028767682,
    "duration": 132,
    "pid": 20692,
    "index": 55
  },
  {
    "name": "Load Service",
    "start": 1547028767581,
    "end": 1547028767585,
    "duration": 4,
    "pid": 20692,
    "index": 56
  },
  {
    "name": "Load \"service\" to Context",
    "start": 1547028767581,
    "end": 1547028767585,
    "duration": 4,
    "pid": 20692,
    "index": 57
  },
  {
    "name": "Load Middleware",
    "start": 1547028767585,
    "end": 1547028767655,
    "duration": 70,
    "pid": 20692,
    "index": 58
  },
  {
    "name": "Load \"middlewares\" to Application",
    "start": 1547028767585,
    "end": 1547028767648,
    "duration": 63,
    "pid": 20692,
    "index": 59
  },
  {
    "name": "Load Controller",
    "start": 1547028767655,
    "end": 1547028767662,
    "duration": 7,
    "pid": 20692,
    "index": 60
  },
  {
    "name": "Load \"controller\" to Application",
    "start": 1547028767655,
    "end": 1547028767662,
    "duration": 7,
    "pid": 20692,
    "index": 61
  },
  {
    "name": "Load Router",
    "start": 1547028767662,
    "end": 1547028767664,
    "duration": 2,
    "pid": 20692,
    "index": 62
  },
  {
    "name": "Require(46) app/router.ts",
    "start": 1547028767662,
    "end": 1547028767662,
    "duration": 0,
    "pid": 20692,
    "index": 63
  },
  {
    "name": "Before Start in node_modules/.4.13.0@egg-core/lib/egg.js:287:10",
    "start": 1547028767663,
    "end": 1547028767673,
    "duration": 10,
    "pid": 20692,
    "index": 64
  }
]