[
  {
    "name": "Application Start",
    "start": 1547029645418,
    "end": 1547029647266,
    "duration": 1848,
    "pid": 20060,
    "index": 0
  },
  {
    "name": "Load Plugin",
    "start": 1547029645422,
    "end": 1547029645437,
    "duration": 15,
    "pid": 20060,
    "index": 1
  },
  {
    "name": "Load Config",
    "start": 1547029645437,
    "end": 1547029645450,
    "duration": 13,
    "pid": 20060,
    "index": 2
  },
  {
    "name": "Require(0) config/config.default.ts",
    "start": 1547029645438,
    "end": 1547029645438,
    "duration": 0,
    "pid": 20060,
    "index": 3
  },
  {
    "name": "Require(1) config/config.local.ts",
    "start": 1547029645439,
    "end": 1547029645439,
    "duration": 0,
    "pid": 20060,
    "index": 4
  },
  {
    "name": "Require(2) node_modules/.3.1.0@egg-session/config/config.default.js",
    "start": 1547029645440,
    "end": 1547029645440,
    "duration": 0,
    "pid": 20060,
    "index": 5
  },
  {
    "name": "Require(3) node_modules/.2.4.2@egg-security/config/config.default.js",
    "start": 1547029645440,
    "end": 1547029645440,
    "duration": 0,
    "pid": 20060,
    "index": 6
  },
  {
    "name": "Require(4) node_modules/.2.0.0@egg-jsonp/config/config.default.js",
    "start": 1547029645441,
    "end": 1547029645441,
    "duration": 0,
    "pid": 20060,
    "index": 7
  },
  {
    "name": "Require(5) node_modules/.2.1.0@egg-onerror/config/config.default.js",
    "start": 1547029645441,
    "end": 1547029645442,
    "duration": 1,
    "pid": 20060,
    "index": 8
  },
  {
    "name": "Require(6) node_modules/.2.0.0@egg-i18n/config/config.default.js",
    "start": 1547029645442,
    "end": 1547029645442,
    "duration": 0,
    "pid": 20060,
    "index": 9
  },
  {
    "name": "Require(7) node_modules/.3.1.0@egg-watcher/config/config.default.js",
    "start": 1547029645442,
    "end": 1547029645443,
    "duration": 1,
    "pid": 20060,
    "index": 10
  },
  {
    "name": "Require(8) node_modules/.3.6.0@egg-schedule/config/config.default.js",
    "start": 1547029645443,
    "end": 1547029645443,
    "duration": 0,
    "pid": 20060,
    "index": 11
  },
  {
    "name": "Require(9) node_modules/.2.4.0@egg-multipart/config/config.default.js",
    "start": 1547029645443,
    "end": 1547029645444,
    "duration": 1,
    "pid": 20060,
    "index": 12
  },
  {
    "name": "Require(10) node_modules/.2.4.1@egg-development/config/config.default.js",
    "start": 1547029645444,
    "end": 1547029645444,
    "duration": 0,
    "pid": 20060,
    "index": 13
  },
  {
    "name": "Require(11) node_modules/.3.0.5@egg-logrotator/config/config.default.js",
    "start": 1547029645444,
    "end": 1547029645445,
    "duration": 1,
    "pid": 20060,
    "index": 14
  },
  {
    "name": "Require(12) node_modules/.2.1.1@egg-static/config/config.default.js",
    "start": 1547029645445,
    "end": 1547029645445,
    "duration": 0,
    "pid": 20060,
    "index": 15
  },
  {
    "name": "Require(13) node_modules/.2.1.1@egg-view/config/config.default.js",
    "start": 1547029645445,
    "end": 1547029645446,
    "duration": 1,
    "pid": 20060,
    "index": 16
  },
  {
    "name": "Require(14) node_modules/.2.14.2@egg/config/config.default.js",
    "start": 1547029645446,
    "end": 1547029645446,
    "duration": 0,
    "pid": 20060,
    "index": 17
  },
  {
    "name": "Require(15) config/config.default.ts",
    "start": 1547029645447,
    "end": 1547029645447,
    "duration": 0,
    "pid": 20060,
    "index": 18
  },
  {
    "name": "Require(16) node_modules/.2.4.2@egg-security/config/config.local.js",
    "start": 1547029645448,
    "end": 1547029645448,
    "duration": 0,
    "pid": 20060,
    "index": 19
  },
  {
    "name": "Require(17) node_modules/.3.1.0@egg-watcher/config/config.local.js",
    "start": 1547029645449,
    "end": 1547029645449,
    "duration": 0,
    "pid": 20060,
    "index": 20
  },
  {
    "name": "Require(18) node_modules/.2.1.1@egg-view/config/config.local.js",
    "start": 1547029645450,
    "end": 1547029645450,
    "duration": 0,
    "pid": 20060,
    "index": 21
  },
  {
    "name": "Require(19) node_modules/.2.14.2@egg/config/config.local.js",
    "start": 1547029645450,
    "end": 1547029645450,
    "duration": 0,
    "pid": 20060,
    "index": 22
  },
  {
    "name": "Require(20) config/config.local.ts",
    "start": 1547029645450,
    "end": 1547029645450,
    "duration": 0,
    "pid": 20060,
    "index": 23
  },
  {
    "name": "Load extend/application.js",
    "start": 1547029645451,
    "end": 1547029645461,
    "duration": 10,
    "pid": 20060,
    "index": 24
  },
  {
    "name": "Require(21) node_modules/.3.1.0@egg-session/app/extend/application.js",
    "start": 1547029645452,
    "end": 1547029645452,
    "duration": 0,
    "pid": 20060,
    "index": 25
  },
  {
    "name": "Require(22) node_modules/.2.4.2@egg-security/app/extend/application.js",
    "start": 1547029645453,
    "end": 1547029645453,
    "duration": 0,
    "pid": 20060,
    "index": 26
  },
  {
    "name": "Require(23) node_modules/.2.0.0@egg-jsonp/app/extend/application.js",
    "start": 1547029645454,
    "end": 1547029645455,
    "duration": 1,
    "pid": 20060,
    "index": 27
  },
  {
    "name": "Require(24) node_modules/.3.0.5@egg-logrotator/app/extend/application.js",
    "start": 1547029645456,
    "end": 1547029645458,
    "duration": 2,
    "pid": 20060,
    "index": 28
  },
  {
    "name": "Require(25) node_modules/.2.1.1@egg-view/app/extend/application.js",
    "start": 1547029645458,
    "end": 1547029645459,
    "duration": 1,
    "pid": 20060,
    "index": 29
  },
  {
    "name": "Load extend/request.js",
    "start": 1547029645461,
    "end": 1547029645466,
    "duration": 5,
    "pid": 20060,
    "index": 30
  },
  {
    "name": "Require(26) node_modules/.2.14.2@egg/app/extend/request.js",
    "start": 1547029645463,
    "end": 1547029645464,
    "duration": 1,
    "pid": 20060,
    "index": 31
  },
  {
    "name": "Load extend/response.js",
    "start": 1547029645466,
    "end": 1547029645471,
    "duration": 5,
    "pid": 20060,
    "index": 32
  },
  {
    "name": "Require(27) node_modules/.2.14.2@egg/app/extend/response.js",
    "start": 1547029645468,
    "end": 1547029645469,
    "duration": 1,
    "pid": 20060,
    "index": 33
  },
  {
    "name": "Load extend/context.js",
    "start": 1547029645471,
    "end": 1547029645526,
    "duration": 55,
    "pid": 20060,
    "index": 34
  },
  {
    "name": "Require(28) node_modules/.2.4.2@egg-security/app/extend/context.js",
    "start": 1547029645471,
    "end": 1547029645481,
    "duration": 10,
    "pid": 20060,
    "index": 35
  },
  {
    "name": "Require(29) node_modules/.2.0.0@egg-jsonp/app/extend/context.js",
    "start": 1547029645482,
    "end": 1547029645483,
    "duration": 1,
    "pid": 20060,
    "index": 36
  },
  {
    "name": "Require(30) node_modules/.2.0.0@egg-i18n/app/extend/context.js",
    "start": 1547029645483,
    "end": 1547029645483,
    "duration": 0,
    "pid": 20060,
    "index": 37
  },
  {
    "name": "Require(31) node_modules/.2.4.0@egg-multipart/app/extend/context.js",
    "start": 1547029645484,
    "end": 1547029645521,
    "duration": 37,
    "pid": 20060,
    "index": 38
  },
  {
    "name": "Require(32) node_modules/.2.1.1@egg-view/app/extend/context.js",
    "start": 1547029645522,
    "end": 1547029645522,
    "duration": 0,
    "pid": 20060,
    "index": 39
  },
  {
    "name": "Require(33) node_modules/.2.14.2@egg/app/extend/context.js",
    "start": 1547029645523,
    "end": 1547029645524,
    "duration": 1,
    "pid": 20060,
    "index": 40
  },
  {
    "name": "Load extend/helper.js",
    "start": 1547029645526,
    "end": 1547029645540,
    "duration": 14,
    "pid": 20060,
    "index": 41
  },
  {
    "name": "Require(34) node_modules/.2.4.2@egg-security/app/extend/helper.js",
    "start": 1547029645526,
    "end": 1547029645537,
    "duration": 11,
    "pid": 20060,
    "index": 42
  },
  {
    "name": "Require(35) node_modules/.2.14.2@egg/app/extend/helper.js",
    "start": 1547029645538,
    "end": 1547029645538,
    "duration": 0,
    "pid": 20060,
    "index": 43
  },
  {
    "name": "Load app.js",
    "start": 1547029645540,
    "end": 1547029645565,
    "duration": 25,
    "pid": 20060,
    "index": 44
  },
  {
    "name": "Require(36) node_modules/.3.1.0@egg-session/app.js",
    "start": 1547029645540,
    "end": 1547029645540,
    "duration": 0,
    "pid": 20060,
    "index": 45
  },
  {
    "name": "Require(37) node_modules/.2.4.2@egg-security/app.js",
    "start": 1547029645541,
    "end": 1547029645542,
    "duration": 1,
    "pid": 20060,
    "index": 46
  },
  {
    "name": "Require(38) node_modules/.2.1.0@egg-onerror/app.js",
    "start": 1547029645542,
    "end": 1547029645551,
    "duration": 9,
    "pid": 20060,
    "index": 47
  },
  {
    "name": "Require(39) node_modules/.2.0.0@egg-i18n/app.js",
    "start": 1547029645551,
    "end": 1547029645556,
    "duration": 5,
    "pid": 20060,
    "index": 48
  },
  {
    "name": "Require(40) node_modules/.3.1.0@egg-watcher/app.js",
    "start": 1547029645556,
    "end": 1547029645559,
    "duration": 3,
    "pid": 20060,
    "index": 49
  },
  {
    "name": "Require(41) node_modules/.3.6.0@egg-schedule/app.js",
    "start": 1547029645559,
    "end": 1547029645561,
    "duration": 2,
    "pid": 20060,
    "index": 50
  },
  {
    "name": "Require(42) node_modules/.2.4.0@egg-multipart/app.js",
    "start": 1547029645561,
    "end": 1547029645563,
    "duration": 2,
    "pid": 20060,
    "index": 51
  },
  {
    "name": "Require(43) node_modules/.2.4.1@egg-development/app.js",
    "start": 1547029645563,
    "end": 1547029645563,
    "duration": 0,
    "pid": 20060,
    "index": 52
  },
  {
    "name": "Require(44) node_modules/.3.0.5@egg-logrotator/app.js",
    "start": 1547029645563,
    "end": 1547029645564,
    "duration": 1,
    "pid": 20060,
    "index": 53
  },
  {
    "name": "Require(45) node_modules/.2.1.1@egg-static/app.js",
    "start": 1547029645564,
    "end": 1547029645564,
    "duration": 0,
    "pid": 20060,
    "index": 54
  },
  {
    "name": "Before Start in node_modules/.3.1.0@egg-watcher/lib/init.js:15:14",
    "start": 1547029645573,
    "end": 1547029647265,
    "duration": 1692,
    "pid": 20060,
    "index": 55
  },
  {
    "name": "Load Service",
    "start": 1547029645604,
    "end": 1547029645608,
    "duration": 4,
    "pid": 20060,
    "index": 56
  },
  {
    "name": "Load \"service\" to Context",
    "start": 1547029645604,
    "end": 1547029645608,
    "duration": 4,
    "pid": 20060,
    "index": 57
  },
  {
    "name": "Load Middleware",
    "start": 1547029645608,
    "end": 1547029645684,
    "duration": 76,
    "pid": 20060,
    "index": 58
  },
  {
    "name": "Load \"middlewares\" to Application",
    "start": 1547029645608,
    "end": 1547029645677,
    "duration": 69,
    "pid": 20060,
    "index": 59
  },
  {
    "name": "Load Controller",
    "start": 1547029645684,
    "end": 1547029647174,
    "duration": 1490,
    "pid": 20060,
    "index": 60
  },
  {
    "name": "Load \"controller\" to Application",
    "start": 1547029645684,
    "end": 1547029647174,
    "duration": 1490,
    "pid": 20060,
    "index": 61
  },
  {
    "name": "Load Router",
    "start": 1547029647174,
    "end": 1547029647175,
    "duration": 1,
    "pid": 20060,
    "index": 62
  },
  {
    "name": "Require(46) app/router.ts",
    "start": 1547029647174,
    "end": 1547029647174,
    "duration": 0,
    "pid": 20060,
    "index": 63
  },
  {
    "name": "Before Start in node_modules/.4.13.0@egg-core/lib/egg.js:287:10",
    "start": 1547029647174,
    "end": 1547029647183,
    "duration": 9,
    "pid": 20060,
    "index": 64
  }
]