[
  {
    "name": "Application Start",
    "start": 1547029314714,
    "end": 1547029315029,
    "duration": 315,
    "pid": 20640,
    "index": 0
  },
  {
    "name": "Load Plugin",
    "start": 1547029314722,
    "end": 1547029314735,
    "duration": 13,
    "pid": 20640,
    "index": 1
  },
  {
    "name": "Load Config",
    "start": 1547029314735,
    "end": 1547029314749,
    "duration": 14,
    "pid": 20640,
    "index": 2
  },
  {
    "name": "Require(0) config/config.default.ts",
    "start": 1547029314736,
    "end": 1547029314736,
    "duration": 0,
    "pid": 20640,
    "index": 3
  },
  {
    "name": "Require(1) config/config.local.ts",
    "start": 1547029314737,
    "end": 1547029314737,
    "duration": 0,
    "pid": 20640,
    "index": 4
  },
  {
    "name": "Require(2) node_modules/.3.1.0@egg-session/config/config.default.js",
    "start": 1547029314738,
    "end": 1547029314738,
    "duration": 0,
    "pid": 20640,
    "index": 5
  },
  {
    "name": "Require(3) node_modules/.2.4.2@egg-security/config/config.default.js",
    "start": 1547029314738,
    "end": 1547029314738,
    "duration": 0,
    "pid": 20640,
    "index": 6
  },
  {
    "name": "Require(4) node_modules/.2.0.0@egg-jsonp/config/config.default.js",
    "start": 1547029314739,
    "end": 1547029314739,
    "duration": 0,
    "pid": 20640,
    "index": 7
  },
  {
    "name": "Require(5) node_modules/.2.1.0@egg-onerror/config/config.default.js",
    "start": 1547029314739,
    "end": 1547029314739,
    "duration": 0,
    "pid": 20640,
    "index": 8
  },
  {
    "name": "Require(6) node_modules/.2.0.0@egg-i18n/config/config.default.js",
    "start": 1547029314740,
    "end": 1547029314740,
    "duration": 0,
    "pid": 20640,
    "index": 9
  },
  {
    "name": "Require(7) node_modules/.3.1.0@egg-watcher/config/config.default.js",
    "start": 1547029314740,
    "end": 1547029314740,
    "duration": 0,
    "pid": 20640,
    "index": 10
  },
  {
    "name": "Require(8) node_modules/.3.6.0@egg-schedule/config/config.default.js",
    "start": 1547029314741,
    "end": 1547029314741,
    "duration": 0,
    "pid": 20640,
    "index": 11
  },
  {
    "name": "Require(9) node_modules/.2.4.0@egg-multipart/config/config.default.js",
    "start": 1547029314741,
    "end": 1547029314741,
    "duration": 0,
    "pid": 20640,
    "index": 12
  },
  {
    "name": "Require(10) node_modules/.2.4.1@egg-development/config/config.default.js",
    "start": 1547029314742,
    "end": 1547029314742,
    "duration": 0,
    "pid": 20640,
    "index": 13
  },
  {
    "name": "Require(11) node_modules/.3.0.5@egg-logrotator/config/config.default.js",
    "start": 1547029314742,
    "end": 1547029314743,
    "duration": 1,
    "pid": 20640,
    "index": 14
  },
  {
    "name": "Require(12) node_modules/.2.1.1@egg-static/config/config.default.js",
    "start": 1547029314743,
    "end": 1547029314743,
    "duration": 0,
    "pid": 20640,
    "index": 15
  },
  {
    "name": "Require(13) node_modules/.2.1.1@egg-view/config/config.default.js",
    "start": 1547029314743,
    "end": 1547029314743,
    "duration": 0,
    "pid": 20640,
    "index": 16
  },
  {
    "name": "Require(14) node_modules/.2.14.2@egg/config/config.default.js",
    "start": 1547029314744,
    "end": 1547029314744,
    "duration": 0,
    "pid": 20640,
    "index": 17
  },
  {
    "name": "Require(15) config/config.default.ts",
    "start": 1547029314745,
    "end": 1547029314745,
    "duration": 0,
    "pid": 20640,
    "index": 18
  },
  {
    "name": "Require(16) node_modules/.2.4.2@egg-security/config/config.local.js",
    "start": 1547029314745,
    "end": 1547029314745,
    "duration": 0,
    "pid": 20640,
    "index": 19
  },
  {
    "name": "Require(17) node_modules/.3.1.0@egg-watcher/config/config.local.js",
    "start": 1547029314746,
    "end": 1547029314746,
    "duration": 0,
    "pid": 20640,
    "index": 20
  },
  {
    "name": "Require(18) node_modules/.2.1.1@egg-view/config/config.local.js",
    "start": 1547029314748,
    "end": 1547029314748,
    "duration": 0,
    "pid": 20640,
    "index": 21
  },
  {
    "name": "Require(19) node_modules/.2.14.2@egg/config/config.local.js",
    "start": 1547029314749,
    "end": 1547029314749,
    "duration": 0,
    "pid": 20640,
    "index": 22
  },
  {
    "name": "Require(20) config/config.local.ts",
    "start": 1547029314749,
    "end": 1547029314749,
    "duration": 0,
    "pid": 20640,
    "index": 23
  },
  {
    "name": "Load extend/application.js",
    "start": 1547029314750,
    "end": 1547029314760,
    "duration": 10,
    "pid": 20640,
    "index": 24
  },
  {
    "name": "Require(21) node_modules/.3.1.0@egg-session/app/extend/application.js",
    "start": 1547029314751,
    "end": 1547029314751,
    "duration": 0,
    "pid": 20640,
    "index": 25
  },
  {
    "name": "Require(22) node_modules/.2.4.2@egg-security/app/extend/application.js",
    "start": 1547029314751,
    "end": 1547029314752,
    "duration": 1,
    "pid": 20640,
    "index": 26
  },
  {
    "name": "Require(23) node_modules/.2.0.0@egg-jsonp/app/extend/application.js",
    "start": 1547029314752,
    "end": 1547029314754,
    "duration": 2,
    "pid": 20640,
    "index": 27
  },
  {
    "name": "Require(24) node_modules/.3.0.5@egg-logrotator/app/extend/application.js",
    "start": 1547029314754,
    "end": 1547029314756,
    "duration": 2,
    "pid": 20640,
    "index": 28
  },
  {
    "name": "Require(25) node_modules/.2.1.1@egg-view/app/extend/application.js",
    "start": 1547029314757,
    "end": 1547029314758,
    "duration": 1,
    "pid": 20640,
    "index": 29
  },
  {
    "name": "Load extend/request.js",
    "start": 1547029314760,
    "end": 1547029314764,
    "duration": 4,
    "pid": 20640,
    "index": 30
  },
  {
    "name": "Require(26) node_modules/.2.14.2@egg/app/extend/request.js",
    "start": 1547029314761,
    "end": 1547029314762,
    "duration": 1,
    "pid": 20640,
    "index": 31
  },
  {
    "name": "Load extend/response.js",
    "start": 1547029314764,
    "end": 1547029314769,
    "duration": 5,
    "pid": 20640,
    "index": 32
  },
  {
    "name": "Require(27) node_modules/.2.14.2@egg/app/extend/response.js",
    "start": 1547029314766,
    "end": 1547029314767,
    "duration": 1,
    "pid": 20640,
    "index": 33
  },
  {
    "name": "Load extend/context.js",
    "start": 1547029314769,
    "end": 1547029314830,
    "duration": 61,
    "pid": 20640,
    "index": 34
  },
  {
    "name": "Require(28) node_modules/.2.4.2@egg-security/app/extend/context.js",
    "start": 1547029314769,
    "end": 1547029314781,
    "duration": 12,
    "pid": 20640,
    "index": 35
  },
  {
    "name": "Require(29) node_modules/.2.0.0@egg-jsonp/app/extend/context.js",
    "start": 1547029314781,
    "end": 1547029314782,
    "duration": 1,
    "pid": 20640,
    "index": 36
  },
  {
    "name": "Require(30) node_modules/.2.0.0@egg-i18n/app/extend/context.js",
    "start": 1547029314782,
    "end": 1547029314783,
    "duration": 1,
    "pid": 20640,
    "index": 37
  },
  {
    "name": "Require(31) node_modules/.2.4.0@egg-multipart/app/extend/context.js",
    "start": 1547029314783,
    "end": 1547029314825,
    "duration": 42,
    "pid": 20640,
    "index": 38
  },
  {
    "name": "Require(32) node_modules/.2.1.1@egg-view/app/extend/context.js",
    "start": 1547029314826,
    "end": 1547029314827,
    "duration": 1,
    "pid": 20640,
    "index": 39
  },
  {
    "name": "Require(33) node_modules/.2.14.2@egg/app/extend/context.js",
    "start": 1547029314827,
    "end": 1547029314828,
    "duration": 1,
    "pid": 20640,
    "index": 40
  },
  {
    "name": "Load extend/helper.js",
    "start": 1547029314830,
    "end": 1547029314849,
    "duration": 19,
    "pid": 20640,
    "index": 41
  },
  {
    "name": "Require(34) node_modules/.2.4.2@egg-security/app/extend/helper.js",
    "start": 1547029314830,
    "end": 1547029314846,
    "duration": 16,
    "pid": 20640,
    "index": 42
  },
  {
    "name": "Require(35) node_modules/.2.14.2@egg/app/extend/helper.js",
    "start": 1547029314847,
    "end": 1547029314847,
    "duration": 0,
    "pid": 20640,
    "index": 43
  },
  {
    "name": "Load app.js",
    "start": 1547029314850,
    "end": 1547029314877,
    "duration": 27,
    "pid": 20640,
    "index": 44
  },
  {
    "name": "Require(36) node_modules/.3.1.0@egg-session/app.js",
    "start": 1547029314850,
    "end": 1547029314850,
    "duration": 0,
    "pid": 20640,
    "index": 45
  },
  {
    "name": "Require(37) node_modules/.2.4.2@egg-security/app.js",
    "start": 1547029314850,
    "end": 1547029314852,
    "duration": 2,
    "pid": 20640,
    "index": 46
  },
  {
    "name": "Require(38) node_modules/.2.1.0@egg-onerror/app.js",
    "start": 1547029314852,
    "end": 1547029314861,
    "duration": 9,
    "pid": 20640,
    "index": 47
  },
  {
    "name": "Require(39) node_modules/.2.0.0@egg-i18n/app.js",
    "start": 1547029314861,
    "end": 1547029314867,
    "duration": 6,
    "pid": 20640,
    "index": 48
  },
  {
    "name": "Require(40) node_modules/.3.1.0@egg-watcher/app.js",
    "start": 1547029314867,
    "end": 1547029314870,
    "duration": 3,
    "pid": 20640,
    "index": 49
  },
  {
    "name": "Require(41) node_modules/.3.6.0@egg-schedule/app.js",
    "start": 1547029314870,
    "end": 1547029314872,
    "duration": 2,
    "pid": 20640,
    "index": 50
  },
  {
    "name": "Require(42) node_modules/.2.4.0@egg-multipart/app.js",
    "start": 1547029314872,
    "end": 1547029314874,
    "duration": 2,
    "pid": 20640,
    "index": 51
  },
  {
    "name": "Require(43) node_modules/.2.4.1@egg-development/app.js",
    "start": 1547029314874,
    "end": 1547029314875,
    "duration": 1,
    "pid": 20640,
    "index": 52
  },
  {
    "name": "Require(44) node_modules/.3.0.5@egg-logrotator/app.js",
    "start": 1547029314875,
    "end": 1547029314875,
    "duration": 0,
    "pid": 20640,
    "index": 53
  },
  {
    "name": "Require(45) node_modules/.2.1.1@egg-static/app.js",
    "start": 1547029314876,
    "end": 1547029314876,
    "duration": 0,
    "pid": 20640,
    "index": 54
  },
  {
    "name": "Before Start in node_modules/.3.1.0@egg-watcher/lib/init.js:15:14",
    "start": 1547029314887,
    "end": 1547029315028,
    "duration": 141,
    "pid": 20640,
    "index": 55
  },
  {
    "name": "Load Service",
    "start": 1547029314920,
    "end": 1547029314924,
    "duration": 4,
    "pid": 20640,
    "index": 56
  },
  {
    "name": "Load \"service\" to Context",
    "start": 1547029314920,
    "end": 1547029314924,
    "duration": 4,
    "pid": 20640,
    "index": 57
  },
  {
    "name": "Load Middleware",
    "start": 1547029314924,
    "end": 1547029314999,
    "duration": 75,
    "pid": 20640,
    "index": 58
  },
  {
    "name": "Load \"middlewares\" to Application",
    "start": 1547029314924,
    "end": 1547029314990,
    "duration": 66,
    "pid": 20640,
    "index": 59
  },
  {
    "name": "Load Controller",
    "start": 1547029314999,
    "end": 1547029315006,
    "duration": 7,
    "pid": 20640,
    "index": 60
  },
  {
    "name": "Load \"controller\" to Application",
    "start": 1547029314999,
    "end": 1547029315006,
    "duration": 7,
    "pid": 20640,
    "index": 61
  },
  {
    "name": "Load Router",
    "start": 1547029315006,
    "end": 1547029315008,
    "duration": 2,
    "pid": 20640,
    "index": 62
  },
  {
    "name": "Require(46) app/router.ts",
    "start": 1547029315006,
    "end": 1547029315006,
    "duration": 0,
    "pid": 20640,
    "index": 63
  },
  {
    "name": "Before Start in node_modules/.4.13.0@egg-core/lib/egg.js:287:10",
    "start": 1547029315007,
    "end": 1547029315018,
    "duration": 11,
    "pid": 20640,
    "index": 64
  }
]