[
  {
    "name": "Application Start",
    "start": 1547028764169,
    "end": 1547028766150,
    "duration": 1981,
    "pid": 21040,
    "index": 0
  },
  {
    "name": "Load Plugin",
    "start": 1547028764174,
    "end": 1547028764189,
    "duration": 15,
    "pid": 21040,
    "index": 1
  },
  {
    "name": "Load Config",
    "start": 1547028764189,
    "end": 1547028764204,
    "duration": 15,
    "pid": 21040,
    "index": 2
  },
  {
    "name": "Require(0) config/config.default.ts",
    "start": 1547028764189,
    "end": 1547028764190,
    "duration": 1,
    "pid": 21040,
    "index": 3
  },
  {
    "name": "Require(1) config/config.local.ts",
    "start": 1547028764190,
    "end": 1547028764191,
    "duration": 1,
    "pid": 21040,
    "index": 4
  },
  {
    "name": "Require(2) node_modules/.3.1.0@egg-session/config/config.default.js",
    "start": 1547028764191,
    "end": 1547028764191,
    "duration": 0,
    "pid": 21040,
    "index": 5
  },
  {
    "name": "Require(3) node_modules/.2.4.2@egg-security/config/config.default.js",
    "start": 1547028764191,
    "end": 1547028764192,
    "duration": 1,
    "pid": 21040,
    "index": 6
  },
  {
    "name": "Require(4) node_modules/.2.0.0@egg-jsonp/config/config.default.js",
    "start": 1547028764192,
    "end": 1547028764192,
    "duration": 0,
    "pid": 21040,
    "index": 7
  },
  {
    "name": "Require(5) node_modules/.2.1.0@egg-onerror/config/config.default.js",
    "start": 1547028764193,
    "end": 1547028764193,
    "duration": 0,
    "pid": 21040,
    "index": 8
  },
  {
    "name": "Require(6) node_modules/.2.0.0@egg-i18n/config/config.default.js",
    "start": 1547028764193,
    "end": 1547028764193,
    "duration": 0,
    "pid": 21040,
    "index": 9
  },
  {
    "name": "Require(7) node_modules/.3.1.0@egg-watcher/config/config.default.js",
    "start": 1547028764193,
    "end": 1547028764194,
    "duration": 1,
    "pid": 21040,
    "index": 10
  },
  {
    "name": "Require(8) node_modules/.3.6.0@egg-schedule/config/config.default.js",
    "start": 1547028764194,
    "end": 1547028764194,
    "duration": 0,
    "pid": 21040,
    "index": 11
  },
  {
    "name": "Require(9) node_modules/.2.4.0@egg-multipart/config/config.default.js",
    "start": 1547028764194,
    "end": 1547028764195,
    "duration": 1,
    "pid": 21040,
    "index": 12
  },
  {
    "name": "Require(10) node_modules/.2.4.1@egg-development/config/config.default.js",
    "start": 1547028764195,
    "end": 1547028764195,
    "duration": 0,
    "pid": 21040,
    "index": 13
  },
  {
    "name": "Require(11) node_modules/.3.0.5@egg-logrotator/config/config.default.js",
    "start": 1547028764195,
    "end": 1547028764195,
    "duration": 0,
    "pid": 21040,
    "index": 14
  },
  {
    "name": "Require(12) node_modules/.2.1.1@egg-static/config/config.default.js",
    "start": 1547028764196,
    "end": 1547028764196,
    "duration": 0,
    "pid": 21040,
    "index": 15
  },
  {
    "name": "Require(13) node_modules/.2.1.1@egg-view/config/config.default.js",
    "start": 1547028764196,
    "end": 1547028764196,
    "duration": 0,
    "pid": 21040,
    "index": 16
  },
  {
    "name": "Require(14) node_modules/.2.14.2@egg/config/config.default.js",
    "start": 1547028764197,
    "end": 1547028764197,
    "duration": 0,
    "pid": 21040,
    "index": 17
  },
  {
    "name": "Require(15) config/config.default.ts",
    "start": 1547028764199,
    "end": 1547028764199,
    "duration": 0,
    "pid": 21040,
    "index": 18
  },
  {
    "name": "Require(16) node_modules/.2.4.2@egg-security/config/config.local.js",
    "start": 1547028764199,
    "end": 1547028764199,
    "duration": 0,
    "pid": 21040,
    "index": 19
  },
  {
    "name": "Require(17) node_modules/.3.1.0@egg-watcher/config/config.local.js",
    "start": 1547028764200,
    "end": 1547028764200,
    "duration": 0,
    "pid": 21040,
    "index": 20
  },
  {
    "name": "Require(18) node_modules/.2.1.1@egg-view/config/config.local.js",
    "start": 1547028764203,
    "end": 1547028764203,
    "duration": 0,
    "pid": 21040,
    "index": 21
  },
  {
    "name": "Require(19) node_modules/.2.14.2@egg/config/config.local.js",
    "start": 1547028764203,
    "end": 1547028764203,
    "duration": 0,
    "pid": 21040,
    "index": 22
  },
  {
    "name": "Require(20) config/config.local.ts",
    "start": 1547028764203,
    "end": 1547028764204,
    "duration": 1,
    "pid": 21040,
    "index": 23
  },
  {
    "name": "Load extend/application.js",
    "start": 1547028764205,
    "end": 1547028764213,
    "duration": 8,
    "pid": 21040,
    "index": 24
  },
  {
    "name": "Require(21) node_modules/.3.1.0@egg-session/app/extend/application.js",
    "start": 1547028764205,
    "end": 1547028764205,
    "duration": 0,
    "pid": 21040,
    "index": 25
  },
  {
    "name": "Require(22) node_modules/.2.4.2@egg-security/app/extend/application.js",
    "start": 1547028764205,
    "end": 1547028764206,
    "duration": 1,
    "pid": 21040,
    "index": 26
  },
  {
    "name": "Require(23) node_modules/.2.0.0@egg-jsonp/app/extend/application.js",
    "start": 1547028764206,
    "end": 1547028764207,
    "duration": 1,
    "pid": 21040,
    "index": 27
  },
  {
    "name": "Require(24) node_modules/.3.0.5@egg-logrotator/app/extend/application.js",
    "start": 1547028764208,
    "end": 1547028764210,
    "duration": 2,
    "pid": 21040,
    "index": 28
  },
  {
    "name": "Require(25) node_modules/.2.1.1@egg-view/app/extend/application.js",
    "start": 1547028764210,
    "end": 1547028764211,
    "duration": 1,
    "pid": 21040,
    "index": 29
  },
  {
    "name": "Load extend/request.js",
    "start": 1547028764213,
    "end": 1547028764218,
    "duration": 5,
    "pid": 21040,
    "index": 30
  },
  {
    "name": "Require(26) node_modules/.2.14.2@egg/app/extend/request.js",
    "start": 1547028764215,
    "end": 1547028764216,
    "duration": 1,
    "pid": 21040,
    "index": 31
  },
  {
    "name": "Load extend/response.js",
    "start": 1547028764218,
    "end": 1547028764223,
    "duration": 5,
    "pid": 21040,
    "index": 32
  },
  {
    "name": "Require(27) node_modules/.2.14.2@egg/app/extend/response.js",
    "start": 1547028764219,
    "end": 1547028764221,
    "duration": 2,
    "pid": 21040,
    "index": 33
  },
  {
    "name": "Load extend/context.js",
    "start": 1547028764223,
    "end": 1547028764281,
    "duration": 58,
    "pid": 21040,
    "index": 34
  },
  {
    "name": "Require(28) node_modules/.2.4.2@egg-security/app/extend/context.js",
    "start": 1547028764224,
    "end": 1547028764235,
    "duration": 11,
    "pid": 21040,
    "index": 35
  },
  {
    "name": "Require(29) node_modules/.2.0.0@egg-jsonp/app/extend/context.js",
    "start": 1547028764235,
    "end": 1547028764237,
    "duration": 2,
    "pid": 21040,
    "index": 36
  },
  {
    "name": "Require(30) node_modules/.2.0.0@egg-i18n/app/extend/context.js",
    "start": 1547028764238,
    "end": 1547028764238,
    "duration": 0,
    "pid": 21040,
    "index": 37
  },
  {
    "name": "Require(31) node_modules/.2.4.0@egg-multipart/app/extend/context.js",
    "start": 1547028764238,
    "end": 1547028764276,
    "duration": 38,
    "pid": 21040,
    "index": 38
  },
  {
    "name": "Require(32) node_modules/.2.1.1@egg-view/app/extend/context.js",
    "start": 1547028764277,
    "end": 1547028764278,
    "duration": 1,
    "pid": 21040,
    "index": 39
  },
  {
    "name": "Require(33) node_modules/.2.14.2@egg/app/extend/context.js",
    "start": 1547028764278,
    "end": 1547028764280,
    "duration": 2,
    "pid": 21040,
    "index": 40
  },
  {
    "name": "Load extend/helper.js",
    "start": 1547028764281,
    "end": 1547028764299,
    "duration": 18,
    "pid": 21040,
    "index": 41
  },
  {
    "name": "Require(34) node_modules/.2.4.2@egg-security/app/extend/helper.js",
    "start": 1547028764282,
    "end": 1547028764294,
    "duration": 12,
    "pid": 21040,
    "index": 42
  },
  {
    "name": "Require(35) node_modules/.2.14.2@egg/app/extend/helper.js",
    "start": 1547028764296,
    "end": 1547028764297,
    "duration": 1,
    "pid": 21040,
    "index": 43
  },
  {
    "name": "Load app.js",
    "start": 1547028764299,
    "end": 1547028764333,
    "duration": 34,
    "pid": 21040,
    "index": 44
  },
  {
    "name": "Require(36) node_modules/.3.1.0@egg-session/app.js",
    "start": 1547028764299,
    "end": 1547028764300,
    "duration": 1,
    "pid": 21040,
    "index": 45
  },
  {
    "name": "Require(37) node_modules/.2.4.2@egg-security/app.js",
    "start": 1547028764300,
    "end": 1547028764302,
    "duration": 2,
    "pid": 21040,
    "index": 46
  },
  {
    "name": "Require(38) node_modules/.2.1.0@egg-onerror/app.js",
    "start": 1547028764303,
    "end": 1547028764316,
    "duration": 13,
    "pid": 21040,
    "index": 47
  },
  {
    "name": "Require(39) node_modules/.2.0.0@egg-i18n/app.js",
    "start": 1547028764316,
    "end": 1547028764323,
    "duration": 7,
    "pid": 21040,
    "index": 48
  },
  {
    "name": "Require(40) node_modules/.3.1.0@egg-watcher/app.js",
    "start": 1547028764323,
    "end": 1547028764326,
    "duration": 3,
    "pid": 21040,
    "index": 49
  },
  {
    "name": "Require(41) node_modules/.3.6.0@egg-schedule/app.js",
    "start": 1547028764326,
    "end": 1547028764328,
    "duration": 2,
    "pid": 21040,
    "index": 50
  },
  {
    "name": "Require(42) node_modules/.2.4.0@egg-multipart/app.js",
    "start": 1547028764329,
    "end": 1547028764331,
    "duration": 2,
    "pid": 21040,
    "index": 51
  },
  {
    "name": "Require(43) node_modules/.2.4.1@egg-development/app.js",
    "start": 1547028764331,
    "end": 1547028764331,
    "duration": 0,
    "pid": 21040,
    "index": 52
  },
  {
    "name": "Require(44) node_modules/.3.0.5@egg-logrotator/app.js",
    "start": 1547028764332,
    "end": 1547028764332,
    "duration": 0,
    "pid": 21040,
    "index": 53
  },
  {
    "name": "Require(45) node_modules/.2.1.1@egg-static/app.js",
    "start": 1547028764332,
    "end": 1547028764332,
    "duration": 0,
    "pid": 21040,
    "index": 54
  },
  {
    "name": "Before Start in node_modules/.3.1.0@egg-watcher/lib/init.js:15:14",
    "start": 1547028764344,
    "end": 1547028766149,
    "duration": 1805,
    "pid": 21040,
    "index": 55
  },
  {
    "name": "Load Service",
    "start": 1547028764384,
    "end": 1547028764393,
    "duration": 9,
    "pid": 21040,
    "index": 56
  },
  {
    "name": "Load \"service\" to Context",
    "start": 1547028764384,
    "end": 1547028764393,
    "duration": 9,
    "pid": 21040,
    "index": 57
  },
  {
    "name": "Load Middleware",
    "start": 1547028764393,
    "end": 1547028764483,
    "duration": 90,
    "pid": 21040,
    "index": 58
  },
  {
    "name": "Load \"middlewares\" to Application",
    "start": 1547028764393,
    "end": 1547028764473,
    "duration": 80,
    "pid": 21040,
    "index": 59
  },
  {
    "name": "Load Controller",
    "start": 1547028764483,
    "end": 1547028766084,
    "duration": 1601,
    "pid": 21040,
    "index": 60
  },
  {
    "name": "Load \"controller\" to Application",
    "start": 1547028764484,
    "end": 1547028766084,
    "duration": 1600,
    "pid": 21040,
    "index": 61
  },
  {
    "name": "Load Router",
    "start": 1547028766084,
    "end": 1547028766085,
    "duration": 1,
    "pid": 21040,
    "index": 62
  },
  {
    "name": "Require(46) app/router.ts",
    "start": 1547028766084,
    "end": 1547028766084,
    "duration": 0,
    "pid": 21040,
    "index": 63
  },
  {
    "name": "Before Start in node_modules/.4.13.0@egg-core/lib/egg.js:287:10",
    "start": 1547028766084,
    "end": 1547028766099,
    "duration": 15,
    "pid": 21040,
    "index": 64
  }
]