[
  {
    "name": "Application Start",
    "start": 1547026368135,
    "end": 1547026370022,
    "duration": 1887,
    "pid": 11012,
    "index": 0
  },
  {
    "name": "Load Plugin",
    "start": 1547026368140,
    "end": 1547026368154,
    "duration": 14,
    "pid": 11012,
    "index": 1
  },
  {
    "name": "Load Config",
    "start": 1547026368155,
    "end": 1547026368169,
    "duration": 14,
    "pid": 11012,
    "index": 2
  },
  {
    "name": "Require(0) config/config.default.ts",
    "start": 1547026368155,
    "end": 1547026368155,
    "duration": 0,
    "pid": 11012,
    "index": 3
  },
  {
    "name": "Require(1) config/config.local.ts",
    "start": 1547026368156,
    "end": 1547026368156,
    "duration": 0,
    "pid": 11012,
    "index": 4
  },
  {
    "name": "Require(2) node_modules/.3.1.0@egg-session/config/config.default.js",
    "start": 1547026368157,
    "end": 1547026368157,
    "duration": 0,
    "pid": 11012,
    "index": 5
  },
  {
    "name": "Require(3) node_modules/.2.4.2@egg-security/config/config.default.js",
    "start": 1547026368157,
    "end": 1547026368157,
    "duration": 0,
    "pid": 11012,
    "index": 6
  },
  {
    "name": "Require(4) node_modules/.2.0.0@egg-jsonp/config/config.default.js",
    "start": 1547026368158,
    "end": 1547026368158,
    "duration": 0,
    "pid": 11012,
    "index": 7
  },
  {
    "name": "Require(5) node_modules/.2.1.0@egg-onerror/config/config.default.js",
    "start": 1547026368158,
    "end": 1547026368159,
    "duration": 1,
    "pid": 11012,
    "index": 8
  },
  {
    "name": "Require(6) node_modules/.2.0.0@egg-i18n/config/config.default.js",
    "start": 1547026368159,
    "end": 1547026368159,
    "duration": 0,
    "pid": 11012,
    "index": 9
  },
  {
    "name": "Require(7) node_modules/.3.1.0@egg-watcher/config/config.default.js",
    "start": 1547026368159,
    "end": 1547026368160,
    "duration": 1,
    "pid": 11012,
    "index": 10
  },
  {
    "name": "Require(8) node_modules/.3.6.0@egg-schedule/config/config.default.js",
    "start": 1547026368160,
    "end": 1547026368160,
    "duration": 0,
    "pid": 11012,
    "index": 11
  },
  {
    "name": "Require(9) node_modules/.2.4.0@egg-multipart/config/config.default.js",
    "start": 1547026368160,
    "end": 1547026368161,
    "duration": 1,
    "pid": 11012,
    "index": 12
  },
  {
    "name": "Require(10) node_modules/.2.4.1@egg-development/config/config.default.js",
    "start": 1547026368161,
    "end": 1547026368161,
    "duration": 0,
    "pid": 11012,
    "index": 13
  },
  {
    "name": "Require(11) node_modules/.3.0.5@egg-logrotator/config/config.default.js",
    "start": 1547026368161,
    "end": 1547026368162,
    "duration": 1,
    "pid": 11012,
    "index": 14
  },
  {
    "name": "Require(12) node_modules/.2.1.1@egg-static/config/config.default.js",
    "start": 1547026368162,
    "end": 1547026368162,
    "duration": 0,
    "pid": 11012,
    "index": 15
  },
  {
    "name": "Require(13) node_modules/.2.1.1@egg-view/config/config.default.js",
    "start": 1547026368163,
    "end": 1547026368163,
    "duration": 0,
    "pid": 11012,
    "index": 16
  },
  {
    "name": "Require(14) node_modules/.2.14.2@egg/config/config.default.js",
    "start": 1547026368163,
    "end": 1547026368163,
    "duration": 0,
    "pid": 11012,
    "index": 17
  },
  {
    "name": "Require(15) config/config.default.ts",
    "start": 1547026368164,
    "end": 1547026368164,
    "duration": 0,
    "pid": 11012,
    "index": 18
  },
  {
    "name": "Require(16) node_modules/.2.4.2@egg-security/config/config.local.js",
    "start": 1547026368166,
    "end": 1547026368166,
    "duration": 0,
    "pid": 11012,
    "index": 19
  },
  {
    "name": "Require(17) node_modules/.3.1.0@egg-watcher/config/config.local.js",
    "start": 1547026368167,
    "end": 1547026368167,
    "duration": 0,
    "pid": 11012,
    "index": 20
  },
  {
    "name": "Require(18) node_modules/.2.1.1@egg-view/config/config.local.js",
    "start": 1547026368168,
    "end": 1547026368168,
    "duration": 0,
    "pid": 11012,
    "index": 21
  },
  {
    "name": "Require(19) node_modules/.2.14.2@egg/config/config.local.js",
    "start": 1547026368169,
    "end": 1547026368169,
    "duration": 0,
    "pid": 11012,
    "index": 22
  },
  {
    "name": "Require(20) config/config.local.ts",
    "start": 1547026368169,
    "end": 1547026368169,
    "duration": 0,
    "pid": 11012,
    "index": 23
  },
  {
    "name": "Load extend/application.js",
    "start": 1547026368170,
    "end": 1547026368180,
    "duration": 10,
    "pid": 11012,
    "index": 24
  },
  {
    "name": "Require(21) node_modules/.3.1.0@egg-session/app/extend/application.js",
    "start": 1547026368171,
    "end": 1547026368171,
    "duration": 0,
    "pid": 11012,
    "index": 25
  },
  {
    "name": "Require(22) node_modules/.2.4.2@egg-security/app/extend/application.js",
    "start": 1547026368171,
    "end": 1547026368172,
    "duration": 1,
    "pid": 11012,
    "index": 26
  },
  {
    "name": "Require(23) node_modules/.2.0.0@egg-jsonp/app/extend/application.js",
    "start": 1547026368172,
    "end": 1547026368174,
    "duration": 2,
    "pid": 11012,
    "index": 27
  },
  {
    "name": "Require(24) node_modules/.3.0.5@egg-logrotator/app/extend/application.js",
    "start": 1547026368175,
    "end": 1547026368177,
    "duration": 2,
    "pid": 11012,
    "index": 28
  },
  {
    "name": "Require(25) node_modules/.2.1.1@egg-view/app/extend/application.js",
    "start": 1547026368177,
    "end": 1547026368178,
    "duration": 1,
    "pid": 11012,
    "index": 29
  },
  {
    "name": "Load extend/request.js",
    "start": 1547026368180,
    "end": 1547026368185,
    "duration": 5,
    "pid": 11012,
    "index": 30
  },
  {
    "name": "Require(26) node_modules/.2.14.2@egg/app/extend/request.js",
    "start": 1547026368182,
    "end": 1547026368183,
    "duration": 1,
    "pid": 11012,
    "index": 31
  },
  {
    "name": "Load extend/response.js",
    "start": 1547026368185,
    "end": 1547026368190,
    "duration": 5,
    "pid": 11012,
    "index": 32
  },
  {
    "name": "Require(27) node_modules/.2.14.2@egg/app/extend/response.js",
    "start": 1547026368187,
    "end": 1547026368188,
    "duration": 1,
    "pid": 11012,
    "index": 33
  },
  {
    "name": "Load extend/context.js",
    "start": 1547026368190,
    "end": 1547026368247,
    "duration": 57,
    "pid": 11012,
    "index": 34
  },
  {
    "name": "Require(28) node_modules/.2.4.2@egg-security/app/extend/context.js",
    "start": 1547026368190,
    "end": 1547026368200,
    "duration": 10,
    "pid": 11012,
    "index": 35
  },
  {
    "name": "Require(29) node_modules/.2.0.0@egg-jsonp/app/extend/context.js",
    "start": 1547026368200,
    "end": 1547026368202,
    "duration": 2,
    "pid": 11012,
    "index": 36
  },
  {
    "name": "Require(30) node_modules/.2.0.0@egg-i18n/app/extend/context.js",
    "start": 1547026368202,
    "end": 1547026368202,
    "duration": 0,
    "pid": 11012,
    "index": 37
  },
  {
    "name": "Require(31) node_modules/.2.4.0@egg-multipart/app/extend/context.js",
    "start": 1547026368203,
    "end": 1547026368242,
    "duration": 39,
    "pid": 11012,
    "index": 38
  },
  {
    "name": "Require(32) node_modules/.2.1.1@egg-view/app/extend/context.js",
    "start": 1547026368243,
    "end": 1547026368244,
    "duration": 1,
    "pid": 11012,
    "index": 39
  },
  {
    "name": "Require(33) node_modules/.2.14.2@egg/app/extend/context.js",
    "start": 1547026368244,
    "end": 1547026368245,
    "duration": 1,
    "pid": 11012,
    "index": 40
  },
  {
    "name": "Load extend/helper.js",
    "start": 1547026368247,
    "end": 1547026368264,
    "duration": 17,
    "pid": 11012,
    "index": 41
  },
  {
    "name": "Require(34) node_modules/.2.4.2@egg-security/app/extend/helper.js",
    "start": 1547026368248,
    "end": 1547026368261,
    "duration": 13,
    "pid": 11012,
    "index": 42
  },
  {
    "name": "Require(35) node_modules/.2.14.2@egg/app/extend/helper.js",
    "start": 1547026368262,
    "end": 1547026368262,
    "duration": 0,
    "pid": 11012,
    "index": 43
  },
  {
    "name": "Load app.js",
    "start": 1547026368264,
    "end": 1547026368293,
    "duration": 29,
    "pid": 11012,
    "index": 44
  },
  {
    "name": "Require(36) node_modules/.3.1.0@egg-session/app.js",
    "start": 1547026368264,
    "end": 1547026368264,
    "duration": 0,
    "pid": 11012,
    "index": 45
  },
  {
    "name": "Require(37) node_modules/.2.4.2@egg-security/app.js",
    "start": 1547026368265,
    "end": 1547026368266,
    "duration": 1,
    "pid": 11012,
    "index": 46
  },
  {
    "name": "Require(38) node_modules/.2.1.0@egg-onerror/app.js",
    "start": 1547026368266,
    "end": 1547026368275,
    "duration": 9,
    "pid": 11012,
    "index": 47
  },
  {
    "name": "Require(39) node_modules/.2.0.0@egg-i18n/app.js",
    "start": 1547026368275,
    "end": 1547026368283,
    "duration": 8,
    "pid": 11012,
    "index": 48
  },
  {
    "name": "Require(40) node_modules/.3.1.0@egg-watcher/app.js",
    "start": 1547026368283,
    "end": 1547026368286,
    "duration": 3,
    "pid": 11012,
    "index": 49
  },
  {
    "name": "Require(41) node_modules/.3.6.0@egg-schedule/app.js",
    "start": 1547026368287,
    "end": 1547026368288,
    "duration": 1,
    "pid": 11012,
    "index": 50
  },
  {
    "name": "Require(42) node_modules/.2.4.0@egg-multipart/app.js",
    "start": 1547026368288,
    "end": 1547026368290,
    "duration": 2,
    "pid": 11012,
    "index": 51
  },
  {
    "name": "Require(43) node_modules/.2.4.1@egg-development/app.js",
    "start": 1547026368291,
    "end": 1547026368291,
    "duration": 0,
    "pid": 11012,
    "index": 52
  },
  {
    "name": "Require(44) node_modules/.3.0.5@egg-logrotator/app.js",
    "start": 1547026368291,
    "end": 1547026368291,
    "duration": 0,
    "pid": 11012,
    "index": 53
  },
  {
    "name": "Require(45) node_modules/.2.1.1@egg-static/app.js",
    "start": 1547026368291,
    "end": 1547026368292,
    "duration": 1,
    "pid": 11012,
    "index": 54
  },
  {
    "name": "Before Start in node_modules/.3.1.0@egg-watcher/lib/init.js:15:14",
    "start": 1547026368304,
    "end": 1547026370021,
    "duration": 1717,
    "pid": 11012,
    "index": 55
  },
  {
    "name": "Load Service",
    "start": 1547026368343,
    "end": 1547026368347,
    "duration": 4,
    "pid": 11012,
    "index": 56
  },
  {
    "name": "Load \"service\" to Context",
    "start": 1547026368343,
    "end": 1547026368347,
    "duration": 4,
    "pid": 11012,
    "index": 57
  },
  {
    "name": "Load Middleware",
    "start": 1547026368347,
    "end": 1547026368429,
    "duration": 82,
    "pid": 11012,
    "index": 58
  },
  {
    "name": "Load \"middlewares\" to Application",
    "start": 1547026368347,
    "end": 1547026368419,
    "duration": 72,
    "pid": 11012,
    "index": 59
  },
  {
    "name": "Load Controller",
    "start": 1547026368429,
    "end": 1547026369924,
    "duration": 1495,
    "pid": 11012,
    "index": 60
  },
  {
    "name": "Load \"controller\" to Application",
    "start": 1547026368429,
    "end": 1547026369924,
    "duration": 1495,
    "pid": 11012,
    "index": 61
  },
  {
    "name": "Load Router",
    "start": 1547026369924,
    "end": 1547026369929,
    "duration": 5,
    "pid": 11012,
    "index": 62
  },
  {
    "name": "Require(46) app/router.ts",
    "start": 1547026369924,
    "end": 1547026369924,
    "duration": 0,
    "pid": 11012,
    "index": 63
  },
  {
    "name": "Before Start in node_modules/.4.13.0@egg-core/lib/egg.js:287:10",
    "start": 1547026369925,
    "end": 1547026369937,
    "duration": 12,
    "pid": 11012,
    "index": 64
  }
]