[
  {
    "name": "Application Start",
    "start": 1547029656937,
    "end": 1547029658858,
    "duration": 1921,
    "pid": 19288,
    "index": 0
  },
  {
    "name": "Load Plugin",
    "start": 1547029656940,
    "end": 1547029656953,
    "duration": 13,
    "pid": 19288,
    "index": 1
  },
  {
    "name": "Load Config",
    "start": 1547029656953,
    "end": 1547029656966,
    "duration": 13,
    "pid": 19288,
    "index": 2
  },
  {
    "name": "Require(0) config/config.default.ts",
    "start": 1547029656954,
    "end": 1547029656954,
    "duration": 0,
    "pid": 19288,
    "index": 3
  },
  {
    "name": "Require(1) config/config.local.ts",
    "start": 1547029656955,
    "end": 1547029656955,
    "duration": 0,
    "pid": 19288,
    "index": 4
  },
  {
    "name": "Require(2) node_modules/.3.1.0@egg-session/config/config.default.js",
    "start": 1547029656956,
    "end": 1547029656956,
    "duration": 0,
    "pid": 19288,
    "index": 5
  },
  {
    "name": "Require(3) node_modules/.2.4.2@egg-security/config/config.default.js",
    "start": 1547029656956,
    "end": 1547029656956,
    "duration": 0,
    "pid": 19288,
    "index": 6
  },
  {
    "name": "Require(4) node_modules/.2.0.0@egg-jsonp/config/config.default.js",
    "start": 1547029656957,
    "end": 1547029656957,
    "duration": 0,
    "pid": 19288,
    "index": 7
  },
  {
    "name": "Require(5) node_modules/.2.1.0@egg-onerror/config/config.default.js",
    "start": 1547029656957,
    "end": 1547029656957,
    "duration": 0,
    "pid": 19288,
    "index": 8
  },
  {
    "name": "Require(6) node_modules/.2.0.0@egg-i18n/config/config.default.js",
    "start": 1547029656958,
    "end": 1547029656958,
    "duration": 0,
    "pid": 19288,
    "index": 9
  },
  {
    "name": "Require(7) node_modules/.3.1.0@egg-watcher/config/config.default.js",
    "start": 1547029656958,
    "end": 1547029656958,
    "duration": 0,
    "pid": 19288,
    "index": 10
  },
  {
    "name": "Require(8) node_modules/.3.6.0@egg-schedule/config/config.default.js",
    "start": 1547029656959,
    "end": 1547029656959,
    "duration": 0,
    "pid": 19288,
    "index": 11
  },
  {
    "name": "Require(9) node_modules/.2.4.0@egg-multipart/config/config.default.js",
    "start": 1547029656959,
    "end": 1547029656960,
    "duration": 1,
    "pid": 19288,
    "index": 12
  },
  {
    "name": "Require(10) node_modules/.2.4.1@egg-development/config/config.default.js",
    "start": 1547029656960,
    "end": 1547029656960,
    "duration": 0,
    "pid": 19288,
    "index": 13
  },
  {
    "name": "Require(11) node_modules/.3.0.5@egg-logrotator/config/config.default.js",
    "start": 1547029656960,
    "end": 1547029656960,
    "duration": 0,
    "pid": 19288,
    "index": 14
  },
  {
    "name": "Require(12) node_modules/.2.1.1@egg-static/config/config.default.js",
    "start": 1547029656961,
    "end": 1547029656961,
    "duration": 0,
    "pid": 19288,
    "index": 15
  },
  {
    "name": "Require(13) node_modules/.2.1.1@egg-view/config/config.default.js",
    "start": 1547029656961,
    "end": 1547029656961,
    "duration": 0,
    "pid": 19288,
    "index": 16
  },
  {
    "name": "Require(14) node_modules/.2.14.2@egg/config/config.default.js",
    "start": 1547029656962,
    "end": 1547029656962,
    "duration": 0,
    "pid": 19288,
    "index": 17
  },
  {
    "name": "Require(15) config/config.default.ts",
    "start": 1547029656963,
    "end": 1547029656963,
    "duration": 0,
    "pid": 19288,
    "index": 18
  },
  {
    "name": "Require(16) node_modules/.2.4.2@egg-security/config/config.local.js",
    "start": 1547029656964,
    "end": 1547029656964,
    "duration": 0,
    "pid": 19288,
    "index": 19
  },
  {
    "name": "Require(17) node_modules/.3.1.0@egg-watcher/config/config.local.js",
    "start": 1547029656965,
    "end": 1547029656965,
    "duration": 0,
    "pid": 19288,
    "index": 20
  },
  {
    "name": "Require(18) node_modules/.2.1.1@egg-view/config/config.local.js",
    "start": 1547029656966,
    "end": 1547029656966,
    "duration": 0,
    "pid": 19288,
    "index": 21
  },
  {
    "name": "Require(19) node_modules/.2.14.2@egg/config/config.local.js",
    "start": 1547029656966,
    "end": 1547029656966,
    "duration": 0,
    "pid": 19288,
    "index": 22
  },
  {
    "name": "Require(20) config/config.local.ts",
    "start": 1547029656966,
    "end": 1547029656966,
    "duration": 0,
    "pid": 19288,
    "index": 23
  },
  {
    "name": "Load extend/application.js",
    "start": 1547029656967,
    "end": 1547029656976,
    "duration": 9,
    "pid": 19288,
    "index": 24
  },
  {
    "name": "Require(21) node_modules/.3.1.0@egg-session/app/extend/application.js",
    "start": 1547029656968,
    "end": 1547029656968,
    "duration": 0,
    "pid": 19288,
    "index": 25
  },
  {
    "name": "Require(22) node_modules/.2.4.2@egg-security/app/extend/application.js",
    "start": 1547029656968,
    "end": 1547029656969,
    "duration": 1,
    "pid": 19288,
    "index": 26
  },
  {
    "name": "Require(23) node_modules/.2.0.0@egg-jsonp/app/extend/application.js",
    "start": 1547029656969,
    "end": 1547029656971,
    "duration": 2,
    "pid": 19288,
    "index": 27
  },
  {
    "name": "Require(24) node_modules/.3.0.5@egg-logrotator/app/extend/application.js",
    "start": 1547029656971,
    "end": 1547029656973,
    "duration": 2,
    "pid": 19288,
    "index": 28
  },
  {
    "name": "Require(25) node_modules/.2.1.1@egg-view/app/extend/application.js",
    "start": 1547029656973,
    "end": 1547029656974,
    "duration": 1,
    "pid": 19288,
    "index": 29
  },
  {
    "name": "Load extend/request.js",
    "start": 1547029656976,
    "end": 1547029656981,
    "duration": 5,
    "pid": 19288,
    "index": 30
  },
  {
    "name": "Require(26) node_modules/.2.14.2@egg/app/extend/request.js",
    "start": 1547029656978,
    "end": 1547029656979,
    "duration": 1,
    "pid": 19288,
    "index": 31
  },
  {
    "name": "Load extend/response.js",
    "start": 1547029656981,
    "end": 1547029656985,
    "duration": 4,
    "pid": 19288,
    "index": 32
  },
  {
    "name": "Require(27) node_modules/.2.14.2@egg/app/extend/response.js",
    "start": 1547029656982,
    "end": 1547029656984,
    "duration": 2,
    "pid": 19288,
    "index": 33
  },
  {
    "name": "Load extend/context.js",
    "start": 1547029656985,
    "end": 1547029657039,
    "duration": 54,
    "pid": 19288,
    "index": 34
  },
  {
    "name": "Require(28) node_modules/.2.4.2@egg-security/app/extend/context.js",
    "start": 1547029656986,
    "end": 1547029656995,
    "duration": 9,
    "pid": 19288,
    "index": 35
  },
  {
    "name": "Require(29) node_modules/.2.0.0@egg-jsonp/app/extend/context.js",
    "start": 1547029656995,
    "end": 1547029656996,
    "duration": 1,
    "pid": 19288,
    "index": 36
  },
  {
    "name": "Require(30) node_modules/.2.0.0@egg-i18n/app/extend/context.js",
    "start": 1547029656997,
    "end": 1547029656997,
    "duration": 0,
    "pid": 19288,
    "index": 37
  },
  {
    "name": "Require(31) node_modules/.2.4.0@egg-multipart/app/extend/context.js",
    "start": 1547029656998,
    "end": 1547029657034,
    "duration": 36,
    "pid": 19288,
    "index": 38
  },
  {
    "name": "Require(32) node_modules/.2.1.1@egg-view/app/extend/context.js",
    "start": 1547029657035,
    "end": 1547029657035,
    "duration": 0,
    "pid": 19288,
    "index": 39
  },
  {
    "name": "Require(33) node_modules/.2.14.2@egg/app/extend/context.js",
    "start": 1547029657036,
    "end": 1547029657037,
    "duration": 1,
    "pid": 19288,
    "index": 40
  },
  {
    "name": "Load extend/helper.js",
    "start": 1547029657039,
    "end": 1547029657053,
    "duration": 14,
    "pid": 19288,
    "index": 41
  },
  {
    "name": "Require(34) node_modules/.2.4.2@egg-security/app/extend/helper.js",
    "start": 1547029657039,
    "end": 1547029657050,
    "duration": 11,
    "pid": 19288,
    "index": 42
  },
  {
    "name": "Require(35) node_modules/.2.14.2@egg/app/extend/helper.js",
    "start": 1547029657051,
    "end": 1547029657051,
    "duration": 0,
    "pid": 19288,
    "index": 43
  },
  {
    "name": "Load app.js",
    "start": 1547029657053,
    "end": 1547029657078,
    "duration": 25,
    "pid": 19288,
    "index": 44
  },
  {
    "name": "Require(36) node_modules/.3.1.0@egg-session/app.js",
    "start": 1547029657053,
    "end": 1547029657054,
    "duration": 1,
    "pid": 19288,
    "index": 45
  },
  {
    "name": "Require(37) node_modules/.2.4.2@egg-security/app.js",
    "start": 1547029657054,
    "end": 1547029657055,
    "duration": 1,
    "pid": 19288,
    "index": 46
  },
  {
    "name": "Require(38) node_modules/.2.1.0@egg-onerror/app.js",
    "start": 1547029657056,
    "end": 1547029657064,
    "duration": 8,
    "pid": 19288,
    "index": 47
  },
  {
    "name": "Require(39) node_modules/.2.0.0@egg-i18n/app.js",
    "start": 1547029657064,
    "end": 1547029657068,
    "duration": 4,
    "pid": 19288,
    "index": 48
  },
  {
    "name": "Require(40) node_modules/.3.1.0@egg-watcher/app.js",
    "start": 1547029657069,
    "end": 1547029657072,
    "duration": 3,
    "pid": 19288,
    "index": 49
  },
  {
    "name": "Require(41) node_modules/.3.6.0@egg-schedule/app.js",
    "start": 1547029657072,
    "end": 1547029657073,
    "duration": 1,
    "pid": 19288,
    "index": 50
  },
  {
    "name": "Require(42) node_modules/.2.4.0@egg-multipart/app.js",
    "start": 1547029657073,
    "end": 1547029657075,
    "duration": 2,
    "pid": 19288,
    "index": 51
  },
  {
    "name": "Require(43) node_modules/.2.4.1@egg-development/app.js",
    "start": 1547029657076,
    "end": 1547029657076,
    "duration": 0,
    "pid": 19288,
    "index": 52
  },
  {
    "name": "Require(44) node_modules/.3.0.5@egg-logrotator/app.js",
    "start": 1547029657076,
    "end": 1547029657076,
    "duration": 0,
    "pid": 19288,
    "index": 53
  },
  {
    "name": "Require(45) node_modules/.2.1.1@egg-static/app.js",
    "start": 1547029657076,
    "end": 1547029657077,
    "duration": 1,
    "pid": 19288,
    "index": 54
  },
  {
    "name": "Before Start in node_modules/.3.1.0@egg-watcher/lib/init.js:15:14",
    "start": 1547029657086,
    "end": 1547029658858,
    "duration": 1772,
    "pid": 19288,
    "index": 55
  },
  {
    "name": "Load Service",
    "start": 1547029657118,
    "end": 1547029657121,
    "duration": 3,
    "pid": 19288,
    "index": 56
  },
  {
    "name": "Load \"service\" to Context",
    "start": 1547029657118,
    "end": 1547029657121,
    "duration": 3,
    "pid": 19288,
    "index": 57
  },
  {
    "name": "Load Middleware",
    "start": 1547029657122,
    "end": 1547029657207,
    "duration": 85,
    "pid": 19288,
    "index": 58
  },
  {
    "name": "Load \"middlewares\" to Application",
    "start": 1547029657122,
    "end": 1547029657198,
    "duration": 76,
    "pid": 19288,
    "index": 59
  },
  {
    "name": "Load Controller",
    "start": 1547029657207,
    "end": 1547029658794,
    "duration": 1587,
    "pid": 19288,
    "index": 60
  },
  {
    "name": "Load \"controller\" to Application",
    "start": 1547029657207,
    "end": 1547029658794,
    "duration": 1587,
    "pid": 19288,
    "index": 61
  },
  {
    "name": "Load Router",
    "start": 1547029658794,
    "end": 1547029658795,
    "duration": 1,
    "pid": 19288,
    "index": 62
  },
  {
    "name": "Require(46) app/router.ts",
    "start": 1547029658794,
    "end": 1547029658794,
    "duration": 0,
    "pid": 19288,
    "index": 63
  },
  {
    "name": "Before Start in node_modules/.4.13.0@egg-core/lib/egg.js:287:10",
    "start": 1547029658794,
    "end": 1547029658808,
    "duration": 14,
    "pid": 19288,
    "index": 64
  }
]