[
  {
    "name": "Application Start",
    "start": 1547025520799,
    "end": 1547025522699,
    "duration": 1900,
    "pid": 9872,
    "index": 0
  },
  {
    "name": "Load Plugin",
    "start": 1547025520802,
    "end": 1547025520815,
    "duration": 13,
    "pid": 9872,
    "index": 1
  },
  {
    "name": "Load Config",
    "start": 1547025520815,
    "end": 1547025520827,
    "duration": 12,
    "pid": 9872,
    "index": 2
  },
  {
    "name": "Require(0) config/config.default.ts",
    "start": 1547025520816,
    "end": 1547025520816,
    "duration": 0,
    "pid": 9872,
    "index": 3
  },
  {
    "name": "Require(1) config/config.local.ts",
    "start": 1547025520817,
    "end": 1547025520817,
    "duration": 0,
    "pid": 9872,
    "index": 4
  },
  {
    "name": "Require(2) node_modules/.3.1.0@egg-session/config/config.default.js",
    "start": 1547025520818,
    "end": 1547025520818,
    "duration": 0,
    "pid": 9872,
    "index": 5
  },
  {
    "name": "Require(3) node_modules/.2.4.2@egg-security/config/config.default.js",
    "start": 1547025520818,
    "end": 1547025520818,
    "duration": 0,
    "pid": 9872,
    "index": 6
  },
  {
    "name": "Require(4) node_modules/.2.0.0@egg-jsonp/config/config.default.js",
    "start": 1547025520819,
    "end": 1547025520819,
    "duration": 0,
    "pid": 9872,
    "index": 7
  },
  {
    "name": "Require(5) node_modules/.2.1.0@egg-onerror/config/config.default.js",
    "start": 1547025520819,
    "end": 1547025520820,
    "duration": 1,
    "pid": 9872,
    "index": 8
  },
  {
    "name": "Require(6) node_modules/.2.0.0@egg-i18n/config/config.default.js",
    "start": 1547025520820,
    "end": 1547025520820,
    "duration": 0,
    "pid": 9872,
    "index": 9
  },
  {
    "name": "Require(7) node_modules/.3.1.0@egg-watcher/config/config.default.js",
    "start": 1547025520820,
    "end": 1547025520821,
    "duration": 1,
    "pid": 9872,
    "index": 10
  },
  {
    "name": "Require(8) node_modules/.3.6.0@egg-schedule/config/config.default.js",
    "start": 1547025520821,
    "end": 1547025520821,
    "duration": 0,
    "pid": 9872,
    "index": 11
  },
  {
    "name": "Require(9) node_modules/.2.4.0@egg-multipart/config/config.default.js",
    "start": 1547025520821,
    "end": 1547025520821,
    "duration": 0,
    "pid": 9872,
    "index": 12
  },
  {
    "name": "Require(10) node_modules/.2.4.1@egg-development/config/config.default.js",
    "start": 1547025520822,
    "end": 1547025520822,
    "duration": 0,
    "pid": 9872,
    "index": 13
  },
  {
    "name": "Require(11) node_modules/.3.0.5@egg-logrotator/config/config.default.js",
    "start": 1547025520822,
    "end": 1547025520822,
    "duration": 0,
    "pid": 9872,
    "index": 14
  },
  {
    "name": "Require(12) node_modules/.2.1.1@egg-static/config/config.default.js",
    "start": 1547025520823,
    "end": 1547025520823,
    "duration": 0,
    "pid": 9872,
    "index": 15
  },
  {
    "name": "Require(13) node_modules/.2.1.1@egg-view/config/config.default.js",
    "start": 1547025520823,
    "end": 1547025520823,
    "duration": 0,
    "pid": 9872,
    "index": 16
  },
  {
    "name": "Require(14) node_modules/.2.14.2@egg/config/config.default.js",
    "start": 1547025520823,
    "end": 1547025520824,
    "duration": 1,
    "pid": 9872,
    "index": 17
  },
  {
    "name": "Require(15) config/config.default.ts",
    "start": 1547025520825,
    "end": 1547025520825,
    "duration": 0,
    "pid": 9872,
    "index": 18
  },
  {
    "name": "Require(16) node_modules/.2.4.2@egg-security/config/config.local.js",
    "start": 1547025520825,
    "end": 1547025520825,
    "duration": 0,
    "pid": 9872,
    "index": 19
  },
  {
    "name": "Require(17) node_modules/.3.1.0@egg-watcher/config/config.local.js",
    "start": 1547025520826,
    "end": 1547025520826,
    "duration": 0,
    "pid": 9872,
    "index": 20
  },
  {
    "name": "Require(18) node_modules/.2.1.1@egg-view/config/config.local.js",
    "start": 1547025520827,
    "end": 1547025520827,
    "duration": 0,
    "pid": 9872,
    "index": 21
  },
  {
    "name": "Require(19) node_modules/.2.14.2@egg/config/config.local.js",
    "start": 1547025520827,
    "end": 1547025520827,
    "duration": 0,
    "pid": 9872,
    "index": 22
  },
  {
    "name": "Require(20) config/config.local.ts",
    "start": 1547025520827,
    "end": 1547025520827,
    "duration": 0,
    "pid": 9872,
    "index": 23
  },
  {
    "name": "Load extend/application.js",
    "start": 1547025520828,
    "end": 1547025520837,
    "duration": 9,
    "pid": 9872,
    "index": 24
  },
  {
    "name": "Require(21) node_modules/.3.1.0@egg-session/app/extend/application.js",
    "start": 1547025520829,
    "end": 1547025520829,
    "duration": 0,
    "pid": 9872,
    "index": 25
  },
  {
    "name": "Require(22) node_modules/.2.4.2@egg-security/app/extend/application.js",
    "start": 1547025520829,
    "end": 1547025520830,
    "duration": 1,
    "pid": 9872,
    "index": 26
  },
  {
    "name": "Require(23) node_modules/.2.0.0@egg-jsonp/app/extend/application.js",
    "start": 1547025520830,
    "end": 1547025520831,
    "duration": 1,
    "pid": 9872,
    "index": 27
  },
  {
    "name": "Require(24) node_modules/.3.0.5@egg-logrotator/app/extend/application.js",
    "start": 1547025520832,
    "end": 1547025520834,
    "duration": 2,
    "pid": 9872,
    "index": 28
  },
  {
    "name": "Require(25) node_modules/.2.1.1@egg-view/app/extend/application.js",
    "start": 1547025520834,
    "end": 1547025520836,
    "duration": 2,
    "pid": 9872,
    "index": 29
  },
  {
    "name": "Load extend/request.js",
    "start": 1547025520837,
    "end": 1547025520842,
    "duration": 5,
    "pid": 9872,
    "index": 30
  },
  {
    "name": "Require(26) node_modules/.2.14.2@egg/app/extend/request.js",
    "start": 1547025520839,
    "end": 1547025520840,
    "duration": 1,
    "pid": 9872,
    "index": 31
  },
  {
    "name": "Load extend/response.js",
    "start": 1547025520842,
    "end": 1547025520847,
    "duration": 5,
    "pid": 9872,
    "index": 32
  },
  {
    "name": "Require(27) node_modules/.2.14.2@egg/app/extend/response.js",
    "start": 1547025520843,
    "end": 1547025520845,
    "duration": 2,
    "pid": 9872,
    "index": 33
  },
  {
    "name": "Load extend/context.js",
    "start": 1547025520847,
    "end": 1547025520901,
    "duration": 54,
    "pid": 9872,
    "index": 34
  },
  {
    "name": "Require(28) node_modules/.2.4.2@egg-security/app/extend/context.js",
    "start": 1547025520847,
    "end": 1547025520857,
    "duration": 10,
    "pid": 9872,
    "index": 35
  },
  {
    "name": "Require(29) node_modules/.2.0.0@egg-jsonp/app/extend/context.js",
    "start": 1547025520857,
    "end": 1547025520858,
    "duration": 1,
    "pid": 9872,
    "index": 36
  },
  {
    "name": "Require(30) node_modules/.2.0.0@egg-i18n/app/extend/context.js",
    "start": 1547025520858,
    "end": 1547025520859,
    "duration": 1,
    "pid": 9872,
    "index": 37
  },
  {
    "name": "Require(31) node_modules/.2.4.0@egg-multipart/app/extend/context.js",
    "start": 1547025520859,
    "end": 1547025520896,
    "duration": 37,
    "pid": 9872,
    "index": 38
  },
  {
    "name": "Require(32) node_modules/.2.1.1@egg-view/app/extend/context.js",
    "start": 1547025520897,
    "end": 1547025520897,
    "duration": 0,
    "pid": 9872,
    "index": 39
  },
  {
    "name": "Require(33) node_modules/.2.14.2@egg/app/extend/context.js",
    "start": 1547025520898,
    "end": 1547025520899,
    "duration": 1,
    "pid": 9872,
    "index": 40
  },
  {
    "name": "Load extend/helper.js",
    "start": 1547025520901,
    "end": 1547025520918,
    "duration": 17,
    "pid": 9872,
    "index": 41
  },
  {
    "name": "Require(34) node_modules/.2.4.2@egg-security/app/extend/helper.js",
    "start": 1547025520901,
    "end": 1547025520915,
    "duration": 14,
    "pid": 9872,
    "index": 42
  },
  {
    "name": "Require(35) node_modules/.2.14.2@egg/app/extend/helper.js",
    "start": 1547025520916,
    "end": 1547025520917,
    "duration": 1,
    "pid": 9872,
    "index": 43
  },
  {
    "name": "Load app.js",
    "start": 1547025520918,
    "end": 1547025520943,
    "duration": 25,
    "pid": 9872,
    "index": 44
  },
  {
    "name": "Require(36) node_modules/.3.1.0@egg-session/app.js",
    "start": 1547025520919,
    "end": 1547025520919,
    "duration": 0,
    "pid": 9872,
    "index": 45
  },
  {
    "name": "Require(37) node_modules/.2.4.2@egg-security/app.js",
    "start": 1547025520919,
    "end": 1547025520920,
    "duration": 1,
    "pid": 9872,
    "index": 46
  },
  {
    "name": "Require(38) node_modules/.2.1.0@egg-onerror/app.js",
    "start": 1547025520921,
    "end": 1547025520929,
    "duration": 8,
    "pid": 9872,
    "index": 47
  },
  {
    "name": "Require(39) node_modules/.2.0.0@egg-i18n/app.js",
    "start": 1547025520929,
    "end": 1547025520933,
    "duration": 4,
    "pid": 9872,
    "index": 48
  },
  {
    "name": "Require(40) node_modules/.3.1.0@egg-watcher/app.js",
    "start": 1547025520934,
    "end": 1547025520937,
    "duration": 3,
    "pid": 9872,
    "index": 49
  },
  {
    "name": "Require(41) node_modules/.3.6.0@egg-schedule/app.js",
    "start": 1547025520937,
    "end": 1547025520939,
    "duration": 2,
    "pid": 9872,
    "index": 50
  },
  {
    "name": "Require(42) node_modules/.2.4.0@egg-multipart/app.js",
    "start": 1547025520939,
    "end": 1547025520941,
    "duration": 2,
    "pid": 9872,
    "index": 51
  },
  {
    "name": "Require(43) node_modules/.2.4.1@egg-development/app.js",
    "start": 1547025520941,
    "end": 1547025520941,
    "duration": 0,
    "pid": 9872,
    "index": 52
  },
  {
    "name": "Require(44) node_modules/.3.0.5@egg-logrotator/app.js",
    "start": 1547025520941,
    "end": 1547025520941,
    "duration": 0,
    "pid": 9872,
    "index": 53
  },
  {
    "name": "Require(45) node_modules/.2.1.1@egg-static/app.js",
    "start": 1547025520942,
    "end": 1547025520942,
    "duration": 0,
    "pid": 9872,
    "index": 54
  },
  {
    "name": "Before Start in node_modules/.3.1.0@egg-watcher/lib/init.js:15:14",
    "start": 1547025520951,
    "end": 1547025522698,
    "duration": 1747,
    "pid": 9872,
    "index": 55
  },
  {
    "name": "Load Service",
    "start": 1547025520982,
    "end": 1547025520986,
    "duration": 4,
    "pid": 9872,
    "index": 56
  },
  {
    "name": "Load \"service\" to Context",
    "start": 1547025520983,
    "end": 1547025520986,
    "duration": 3,
    "pid": 9872,
    "index": 57
  },
  {
    "name": "Load Middleware",
    "start": 1547025520986,
    "end": 1547025521057,
    "duration": 71,
    "pid": 9872,
    "index": 58
  },
  {
    "name": "Load \"middlewares\" to Application",
    "start": 1547025520986,
    "end": 1547025521050,
    "duration": 64,
    "pid": 9872,
    "index": 59
  },
  {
    "name": "Load Controller",
    "start": 1547025521057,
    "end": 1547025522624,
    "duration": 1567,
    "pid": 9872,
    "index": 60
  },
  {
    "name": "Load \"controller\" to Application",
    "start": 1547025521057,
    "end": 1547025522624,
    "duration": 1567,
    "pid": 9872,
    "index": 61
  },
  {
    "name": "Load Router",
    "start": 1547025522624,
    "end": 1547025522628,
    "duration": 4,
    "pid": 9872,
    "index": 62
  },
  {
    "name": "Require(46) app/router.ts",
    "start": 1547025522624,
    "end": 1547025522624,
    "duration": 0,
    "pid": 9872,
    "index": 63
  },
  {
    "name": "Before Start in node_modules/.4.13.0@egg-core/lib/egg.js:287:10",
    "start": 1547025522624,
    "end": 1547025522640,
    "duration": 16,
    "pid": 9872,
    "index": 64
  }
]