[
  {
    "name": "Application Start",
    "start": 1547029035969,
    "end": 1547029036258,
    "duration": 289,
    "pid": 19924,
    "index": 0
  },
  {
    "name": "Load Plugin",
    "start": 1547029035972,
    "end": 1547029035985,
    "duration": 13,
    "pid": 19924,
    "index": 1
  },
  {
    "name": "Load Config",
    "start": 1547029035985,
    "end": 1547029035997,
    "duration": 12,
    "pid": 19924,
    "index": 2
  },
  {
    "name": "Require(0) config/config.default.ts",
    "start": 1547029035986,
    "end": 1547029035986,
    "duration": 0,
    "pid": 19924,
    "index": 3
  },
  {
    "name": "Require(1) config/config.local.ts",
    "start": 1547029035987,
    "end": 1547029035987,
    "duration": 0,
    "pid": 19924,
    "index": 4
  },
  {
    "name": "Require(2) node_modules/.3.1.0@egg-session/config/config.default.js",
    "start": 1547029035987,
    "end": 1547029035988,
    "duration": 1,
    "pid": 19924,
    "index": 5
  },
  {
    "name": "Require(3) node_modules/.2.4.2@egg-security/config/config.default.js",
    "start": 1547029035988,
    "end": 1547029035988,
    "duration": 0,
    "pid": 19924,
    "index": 6
  },
  {
    "name": "Require(4) node_modules/.2.0.0@egg-jsonp/config/config.default.js",
    "start": 1547029035989,
    "end": 1547029035989,
    "duration": 0,
    "pid": 19924,
    "index": 7
  },
  {
    "name": "Require(5) node_modules/.2.1.0@egg-onerror/config/config.default.js",
    "start": 1547029035989,
    "end": 1547029035989,
    "duration": 0,
    "pid": 19924,
    "index": 8
  },
  {
    "name": "Require(6) node_modules/.2.0.0@egg-i18n/config/config.default.js",
    "start": 1547029035989,
    "end": 1547029035990,
    "duration": 1,
    "pid": 19924,
    "index": 9
  },
  {
    "name": "Require(7) node_modules/.3.1.0@egg-watcher/config/config.default.js",
    "start": 1547029035990,
    "end": 1547029035990,
    "duration": 0,
    "pid": 19924,
    "index": 10
  },
  {
    "name": "Require(8) node_modules/.3.6.0@egg-schedule/config/config.default.js",
    "start": 1547029035991,
    "end": 1547029035991,
    "duration": 0,
    "pid": 19924,
    "index": 11
  },
  {
    "name": "Require(9) node_modules/.2.4.0@egg-multipart/config/config.default.js",
    "start": 1547029035991,
    "end": 1547029035991,
    "duration": 0,
    "pid": 19924,
    "index": 12
  },
  {
    "name": "Require(10) node_modules/.2.4.1@egg-development/config/config.default.js",
    "start": 1547029035992,
    "end": 1547029035992,
    "duration": 0,
    "pid": 19924,
    "index": 13
  },
  {
    "name": "Require(11) node_modules/.3.0.5@egg-logrotator/config/config.default.js",
    "start": 1547029035992,
    "end": 1547029035992,
    "duration": 0,
    "pid": 19924,
    "index": 14
  },
  {
    "name": "Require(12) node_modules/.2.1.1@egg-static/config/config.default.js",
    "start": 1547029035992,
    "end": 1547029035993,
    "duration": 1,
    "pid": 19924,
    "index": 15
  },
  {
    "name": "Require(13) node_modules/.2.1.1@egg-view/config/config.default.js",
    "start": 1547029035993,
    "end": 1547029035993,
    "duration": 0,
    "pid": 19924,
    "index": 16
  },
  {
    "name": "Require(14) node_modules/.2.14.2@egg/config/config.default.js",
    "start": 1547029035993,
    "end": 1547029035994,
    "duration": 1,
    "pid": 19924,
    "index": 17
  },
  {
    "name": "Require(15) config/config.default.ts",
    "start": 1547029035995,
    "end": 1547029035995,
    "duration": 0,
    "pid": 19924,
    "index": 18
  },
  {
    "name": "Require(16) node_modules/.2.4.2@egg-security/config/config.local.js",
    "start": 1547029035995,
    "end": 1547029035995,
    "duration": 0,
    "pid": 19924,
    "index": 19
  },
  {
    "name": "Require(17) node_modules/.3.1.0@egg-watcher/config/config.local.js",
    "start": 1547029035996,
    "end": 1547029035996,
    "duration": 0,
    "pid": 19924,
    "index": 20
  },
  {
    "name": "Require(18) node_modules/.2.1.1@egg-view/config/config.local.js",
    "start": 1547029035997,
    "end": 1547029035997,
    "duration": 0,
    "pid": 19924,
    "index": 21
  },
  {
    "name": "Require(19) node_modules/.2.14.2@egg/config/config.local.js",
    "start": 1547029035997,
    "end": 1547029035997,
    "duration": 0,
    "pid": 19924,
    "index": 22
  },
  {
    "name": "Require(20) config/config.local.ts",
    "start": 1547029035997,
    "end": 1547029035997,
    "duration": 0,
    "pid": 19924,
    "index": 23
  },
  {
    "name": "Load extend/application.js",
    "start": 1547029035998,
    "end": 1547029036008,
    "duration": 10,
    "pid": 19924,
    "index": 24
  },
  {
    "name": "Require(21) node_modules/.3.1.0@egg-session/app/extend/application.js",
    "start": 1547029035999,
    "end": 1547029035999,
    "duration": 0,
    "pid": 19924,
    "index": 25
  },
  {
    "name": "Require(22) node_modules/.2.4.2@egg-security/app/extend/application.js",
    "start": 1547029035999,
    "end": 1547029036000,
    "duration": 1,
    "pid": 19924,
    "index": 26
  },
  {
    "name": "Require(23) node_modules/.2.0.0@egg-jsonp/app/extend/application.js",
    "start": 1547029036000,
    "end": 1547029036002,
    "duration": 2,
    "pid": 19924,
    "index": 27
  },
  {
    "name": "Require(24) node_modules/.3.0.5@egg-logrotator/app/extend/application.js",
    "start": 1547029036003,
    "end": 1547029036004,
    "duration": 1,
    "pid": 19924,
    "index": 28
  },
  {
    "name": "Require(25) node_modules/.2.1.1@egg-view/app/extend/application.js",
    "start": 1547029036005,
    "end": 1547029036006,
    "duration": 1,
    "pid": 19924,
    "index": 29
  },
  {
    "name": "Load extend/request.js",
    "start": 1547029036008,
    "end": 1547029036012,
    "duration": 4,
    "pid": 19924,
    "index": 30
  },
  {
    "name": "Require(26) node_modules/.2.14.2@egg/app/extend/request.js",
    "start": 1547029036009,
    "end": 1547029036010,
    "duration": 1,
    "pid": 19924,
    "index": 31
  },
  {
    "name": "Load extend/response.js",
    "start": 1547029036012,
    "end": 1547029036017,
    "duration": 5,
    "pid": 19924,
    "index": 32
  },
  {
    "name": "Require(27) node_modules/.2.14.2@egg/app/extend/response.js",
    "start": 1547029036014,
    "end": 1547029036015,
    "duration": 1,
    "pid": 19924,
    "index": 33
  },
  {
    "name": "Load extend/context.js",
    "start": 1547029036017,
    "end": 1547029036069,
    "duration": 52,
    "pid": 19924,
    "index": 34
  },
  {
    "name": "Require(28) node_modules/.2.4.2@egg-security/app/extend/context.js",
    "start": 1547029036017,
    "end": 1547029036026,
    "duration": 9,
    "pid": 19924,
    "index": 35
  },
  {
    "name": "Require(29) node_modules/.2.0.0@egg-jsonp/app/extend/context.js",
    "start": 1547029036026,
    "end": 1547029036027,
    "duration": 1,
    "pid": 19924,
    "index": 36
  },
  {
    "name": "Require(30) node_modules/.2.0.0@egg-i18n/app/extend/context.js",
    "start": 1547029036028,
    "end": 1547029036028,
    "duration": 0,
    "pid": 19924,
    "index": 37
  },
  {
    "name": "Require(31) node_modules/.2.4.0@egg-multipart/app/extend/context.js",
    "start": 1547029036028,
    "end": 1547029036064,
    "duration": 36,
    "pid": 19924,
    "index": 38
  },
  {
    "name": "Require(32) node_modules/.2.1.1@egg-view/app/extend/context.js",
    "start": 1547029036065,
    "end": 1547029036066,
    "duration": 1,
    "pid": 19924,
    "index": 39
  },
  {
    "name": "Require(33) node_modules/.2.14.2@egg/app/extend/context.js",
    "start": 1547029036066,
    "end": 1547029036067,
    "duration": 1,
    "pid": 19924,
    "index": 40
  },
  {
    "name": "Load extend/helper.js",
    "start": 1547029036069,
    "end": 1547029036084,
    "duration": 15,
    "pid": 19924,
    "index": 41
  },
  {
    "name": "Require(34) node_modules/.2.4.2@egg-security/app/extend/helper.js",
    "start": 1547029036070,
    "end": 1547029036081,
    "duration": 11,
    "pid": 19924,
    "index": 42
  },
  {
    "name": "Require(35) node_modules/.2.14.2@egg/app/extend/helper.js",
    "start": 1547029036082,
    "end": 1547029036082,
    "duration": 0,
    "pid": 19924,
    "index": 43
  },
  {
    "name": "Load app.js",
    "start": 1547029036084,
    "end": 1547029036108,
    "duration": 24,
    "pid": 19924,
    "index": 44
  },
  {
    "name": "Require(36) node_modules/.3.1.0@egg-session/app.js",
    "start": 1547029036084,
    "end": 1547029036084,
    "duration": 0,
    "pid": 19924,
    "index": 45
  },
  {
    "name": "Require(37) node_modules/.2.4.2@egg-security/app.js",
    "start": 1547029036084,
    "end": 1547029036085,
    "duration": 1,
    "pid": 19924,
    "index": 46
  },
  {
    "name": "Require(38) node_modules/.2.1.0@egg-onerror/app.js",
    "start": 1547029036086,
    "end": 1547029036094,
    "duration": 8,
    "pid": 19924,
    "index": 47
  },
  {
    "name": "Require(39) node_modules/.2.0.0@egg-i18n/app.js",
    "start": 1547029036094,
    "end": 1547029036099,
    "duration": 5,
    "pid": 19924,
    "index": 48
  },
  {
    "name": "Require(40) node_modules/.3.1.0@egg-watcher/app.js",
    "start": 1547029036099,
    "end": 1547029036102,
    "duration": 3,
    "pid": 19924,
    "index": 49
  },
  {
    "name": "Require(41) node_modules/.3.6.0@egg-schedule/app.js",
    "start": 1547029036102,
    "end": 1547029036104,
    "duration": 2,
    "pid": 19924,
    "index": 50
  },
  {
    "name": "Require(42) node_modules/.2.4.0@egg-multipart/app.js",
    "start": 1547029036104,
    "end": 1547029036106,
    "duration": 2,
    "pid": 19924,
    "index": 51
  },
  {
    "name": "Require(43) node_modules/.2.4.1@egg-development/app.js",
    "start": 1547029036106,
    "end": 1547029036106,
    "duration": 0,
    "pid": 19924,
    "index": 52
  },
  {
    "name": "Require(44) node_modules/.3.0.5@egg-logrotator/app.js",
    "start": 1547029036106,
    "end": 1547029036106,
    "duration": 0,
    "pid": 19924,
    "index": 53
  },
  {
    "name": "Require(45) node_modules/.2.1.1@egg-static/app.js",
    "start": 1547029036107,
    "end": 1547029036107,
    "duration": 0,
    "pid": 19924,
    "index": 54
  },
  {
    "name": "Before Start in node_modules/.3.1.0@egg-watcher/lib/init.js:15:14",
    "start": 1547029036117,
    "end": 1547029036258,
    "duration": 141,
    "pid": 19924,
    "index": 55
  },
  {
    "name": "Load Service",
    "start": 1547029036152,
    "end": 1547029036156,
    "duration": 4,
    "pid": 19924,
    "index": 56
  },
  {
    "name": "Load \"service\" to Context",
    "start": 1547029036152,
    "end": 1547029036156,
    "duration": 4,
    "pid": 19924,
    "index": 57
  },
  {
    "name": "Load Middleware",
    "start": 1547029036156,
    "end": 1547029036232,
    "duration": 76,
    "pid": 19924,
    "index": 58
  },
  {
    "name": "Load \"middlewares\" to Application",
    "start": 1547029036156,
    "end": 1547029036223,
    "duration": 67,
    "pid": 19924,
    "index": 59
  },
  {
    "name": "Load Controller",
    "start": 1547029036232,
    "end": 1547029036239,
    "duration": 7,
    "pid": 19924,
    "index": 60
  },
  {
    "name": "Load \"controller\" to Application",
    "start": 1547029036232,
    "end": 1547029036239,
    "duration": 7,
    "pid": 19924,
    "index": 61
  },
  {
    "name": "Load Router",
    "start": 1547029036239,
    "end": 1547029036240,
    "duration": 1,
    "pid": 19924,
    "index": 62
  },
  {
    "name": "Require(46) app/router.ts",
    "start": 1547029036239,
    "end": 1547029036239,
    "duration": 0,
    "pid": 19924,
    "index": 63
  },
  {
    "name": "Before Start in node_modules/.4.13.0@egg-core/lib/egg.js:287:10",
    "start": 1547029036239,
    "end": 1547029036249,
    "duration": 10,
    "pid": 19924,
    "index": 64
  }
]