[
  {
    "name": "Application Start",
    "start": 1547025540412,
    "end": 1547025540692,
    "duration": 280,
    "pid": 16488,
    "index": 0
  },
  {
    "name": "Load Plugin",
    "start": 1547025540415,
    "end": 1547025540428,
    "duration": 13,
    "pid": 16488,
    "index": 1
  },
  {
    "name": "Load Config",
    "start": 1547025540428,
    "end": 1547025540442,
    "duration": 14,
    "pid": 16488,
    "index": 2
  },
  {
    "name": "Require(0) config/config.default.ts",
    "start": 1547025540429,
    "end": 1547025540429,
    "duration": 0,
    "pid": 16488,
    "index": 3
  },
  {
    "name": "Require(1) config/config.local.ts",
    "start": 1547025540430,
    "end": 1547025540430,
    "duration": 0,
    "pid": 16488,
    "index": 4
  },
  {
    "name": "Require(2) node_modules/.3.1.0@egg-session/config/config.default.js",
    "start": 1547025540431,
    "end": 1547025540432,
    "duration": 1,
    "pid": 16488,
    "index": 5
  },
  {
    "name": "Require(3) node_modules/.2.4.2@egg-security/config/config.default.js",
    "start": 1547025540432,
    "end": 1547025540432,
    "duration": 0,
    "pid": 16488,
    "index": 6
  },
  {
    "name": "Require(4) node_modules/.2.0.0@egg-jsonp/config/config.default.js",
    "start": 1547025540433,
    "end": 1547025540433,
    "duration": 0,
    "pid": 16488,
    "index": 7
  },
  {
    "name": "Require(5) node_modules/.2.1.0@egg-onerror/config/config.default.js",
    "start": 1547025540433,
    "end": 1547025540433,
    "duration": 0,
    "pid": 16488,
    "index": 8
  },
  {
    "name": "Require(6) node_modules/.2.0.0@egg-i18n/config/config.default.js",
    "start": 1547025540434,
    "end": 1547025540434,
    "duration": 0,
    "pid": 16488,
    "index": 9
  },
  {
    "name": "Require(7) node_modules/.3.1.0@egg-watcher/config/config.default.js",
    "start": 1547025540434,
    "end": 1547025540434,
    "duration": 0,
    "pid": 16488,
    "index": 10
  },
  {
    "name": "Require(8) node_modules/.3.6.0@egg-schedule/config/config.default.js",
    "start": 1547025540435,
    "end": 1547025540435,
    "duration": 0,
    "pid": 16488,
    "index": 11
  },
  {
    "name": "Require(9) node_modules/.2.4.0@egg-multipart/config/config.default.js",
    "start": 1547025540435,
    "end": 1547025540435,
    "duration": 0,
    "pid": 16488,
    "index": 12
  },
  {
    "name": "Require(10) node_modules/.2.4.1@egg-development/config/config.default.js",
    "start": 1547025540436,
    "end": 1547025540436,
    "duration": 0,
    "pid": 16488,
    "index": 13
  },
  {
    "name": "Require(11) node_modules/.3.0.5@egg-logrotator/config/config.default.js",
    "start": 1547025540436,
    "end": 1547025540436,
    "duration": 0,
    "pid": 16488,
    "index": 14
  },
  {
    "name": "Require(12) node_modules/.2.1.1@egg-static/config/config.default.js",
    "start": 1547025540437,
    "end": 1547025540437,
    "duration": 0,
    "pid": 16488,
    "index": 15
  },
  {
    "name": "Require(13) node_modules/.2.1.1@egg-view/config/config.default.js",
    "start": 1547025540437,
    "end": 1547025540437,
    "duration": 0,
    "pid": 16488,
    "index": 16
  },
  {
    "name": "Require(14) node_modules/.2.14.2@egg/config/config.default.js",
    "start": 1547025540438,
    "end": 1547025540438,
    "duration": 0,
    "pid": 16488,
    "index": 17
  },
  {
    "name": "Require(15) config/config.default.ts",
    "start": 1547025540439,
    "end": 1547025540439,
    "duration": 0,
    "pid": 16488,
    "index": 18
  },
  {
    "name": "Require(16) node_modules/.2.4.2@egg-security/config/config.local.js",
    "start": 1547025540439,
    "end": 1547025540439,
    "duration": 0,
    "pid": 16488,
    "index": 19
  },
  {
    "name": "Require(17) node_modules/.3.1.0@egg-watcher/config/config.local.js",
    "start": 1547025540440,
    "end": 1547025540440,
    "duration": 0,
    "pid": 16488,
    "index": 20
  },
  {
    "name": "Require(18) node_modules/.2.1.1@egg-view/config/config.local.js",
    "start": 1547025540441,
    "end": 1547025540441,
    "duration": 0,
    "pid": 16488,
    "index": 21
  },
  {
    "name": "Require(19) node_modules/.2.14.2@egg/config/config.local.js",
    "start": 1547025540441,
    "end": 1547025540441,
    "duration": 0,
    "pid": 16488,
    "index": 22
  },
  {
    "name": "Require(20) config/config.local.ts",
    "start": 1547025540442,
    "end": 1547025540442,
    "duration": 0,
    "pid": 16488,
    "index": 23
  },
  {
    "name": "Load extend/application.js",
    "start": 1547025540443,
    "end": 1547025540451,
    "duration": 8,
    "pid": 16488,
    "index": 24
  },
  {
    "name": "Require(21) node_modules/.3.1.0@egg-session/app/extend/application.js",
    "start": 1547025540443,
    "end": 1547025540443,
    "duration": 0,
    "pid": 16488,
    "index": 25
  },
  {
    "name": "Require(22) node_modules/.2.4.2@egg-security/app/extend/application.js",
    "start": 1547025540443,
    "end": 1547025540444,
    "duration": 1,
    "pid": 16488,
    "index": 26
  },
  {
    "name": "Require(23) node_modules/.2.0.0@egg-jsonp/app/extend/application.js",
    "start": 1547025540444,
    "end": 1547025540445,
    "duration": 1,
    "pid": 16488,
    "index": 27
  },
  {
    "name": "Require(24) node_modules/.3.0.5@egg-logrotator/app/extend/application.js",
    "start": 1547025540446,
    "end": 1547025540448,
    "duration": 2,
    "pid": 16488,
    "index": 28
  },
  {
    "name": "Require(25) node_modules/.2.1.1@egg-view/app/extend/application.js",
    "start": 1547025540448,
    "end": 1547025540449,
    "duration": 1,
    "pid": 16488,
    "index": 29
  },
  {
    "name": "Load extend/request.js",
    "start": 1547025540451,
    "end": 1547025540456,
    "duration": 5,
    "pid": 16488,
    "index": 30
  },
  {
    "name": "Require(26) node_modules/.2.14.2@egg/app/extend/request.js",
    "start": 1547025540453,
    "end": 1547025540454,
    "duration": 1,
    "pid": 16488,
    "index": 31
  },
  {
    "name": "Load extend/response.js",
    "start": 1547025540456,
    "end": 1547025540460,
    "duration": 4,
    "pid": 16488,
    "index": 32
  },
  {
    "name": "Require(27) node_modules/.2.14.2@egg/app/extend/response.js",
    "start": 1547025540457,
    "end": 1547025540459,
    "duration": 2,
    "pid": 16488,
    "index": 33
  },
  {
    "name": "Load extend/context.js",
    "start": 1547025540460,
    "end": 1547025540515,
    "duration": 55,
    "pid": 16488,
    "index": 34
  },
  {
    "name": "Require(28) node_modules/.2.4.2@egg-security/app/extend/context.js",
    "start": 1547025540461,
    "end": 1547025540470,
    "duration": 9,
    "pid": 16488,
    "index": 35
  },
  {
    "name": "Require(29) node_modules/.2.0.0@egg-jsonp/app/extend/context.js",
    "start": 1547025540471,
    "end": 1547025540472,
    "duration": 1,
    "pid": 16488,
    "index": 36
  },
  {
    "name": "Require(30) node_modules/.2.0.0@egg-i18n/app/extend/context.js",
    "start": 1547025540472,
    "end": 1547025540472,
    "duration": 0,
    "pid": 16488,
    "index": 37
  },
  {
    "name": "Require(31) node_modules/.2.4.0@egg-multipart/app/extend/context.js",
    "start": 1547025540473,
    "end": 1547025540510,
    "duration": 37,
    "pid": 16488,
    "index": 38
  },
  {
    "name": "Require(32) node_modules/.2.1.1@egg-view/app/extend/context.js",
    "start": 1547025540511,
    "end": 1547025540511,
    "duration": 0,
    "pid": 16488,
    "index": 39
  },
  {
    "name": "Require(33) node_modules/.2.14.2@egg/app/extend/context.js",
    "start": 1547025540511,
    "end": 1547025540513,
    "duration": 2,
    "pid": 16488,
    "index": 40
  },
  {
    "name": "Load extend/helper.js",
    "start": 1547025540515,
    "end": 1547025540531,
    "duration": 16,
    "pid": 16488,
    "index": 41
  },
  {
    "name": "Require(34) node_modules/.2.4.2@egg-security/app/extend/helper.js",
    "start": 1547025540516,
    "end": 1547025540527,
    "duration": 11,
    "pid": 16488,
    "index": 42
  },
  {
    "name": "Require(35) node_modules/.2.14.2@egg/app/extend/helper.js",
    "start": 1547025540529,
    "end": 1547025540529,
    "duration": 0,
    "pid": 16488,
    "index": 43
  },
  {
    "name": "Load app.js",
    "start": 1547025540531,
    "end": 1547025540555,
    "duration": 24,
    "pid": 16488,
    "index": 44
  },
  {
    "name": "Require(36) node_modules/.3.1.0@egg-session/app.js",
    "start": 1547025540531,
    "end": 1547025540531,
    "duration": 0,
    "pid": 16488,
    "index": 45
  },
  {
    "name": "Require(37) node_modules/.2.4.2@egg-security/app.js",
    "start": 1547025540532,
    "end": 1547025540533,
    "duration": 1,
    "pid": 16488,
    "index": 46
  },
  {
    "name": "Require(38) node_modules/.2.1.0@egg-onerror/app.js",
    "start": 1547025540533,
    "end": 1547025540541,
    "duration": 8,
    "pid": 16488,
    "index": 47
  },
  {
    "name": "Require(39) node_modules/.2.0.0@egg-i18n/app.js",
    "start": 1547025540541,
    "end": 1547025540546,
    "duration": 5,
    "pid": 16488,
    "index": 48
  },
  {
    "name": "Require(40) node_modules/.3.1.0@egg-watcher/app.js",
    "start": 1547025540546,
    "end": 1547025540549,
    "duration": 3,
    "pid": 16488,
    "index": 49
  },
  {
    "name": "Require(41) node_modules/.3.6.0@egg-schedule/app.js",
    "start": 1547025540550,
    "end": 1547025540551,
    "duration": 1,
    "pid": 16488,
    "index": 50
  },
  {
    "name": "Require(42) node_modules/.2.4.0@egg-multipart/app.js",
    "start": 1547025540551,
    "end": 1547025540553,
    "duration": 2,
    "pid": 16488,
    "index": 51
  },
  {
    "name": "Require(43) node_modules/.2.4.1@egg-development/app.js",
    "start": 1547025540554,
    "end": 1547025540554,
    "duration": 0,
    "pid": 16488,
    "index": 52
  },
  {
    "name": "Require(44) node_modules/.3.0.5@egg-logrotator/app.js",
    "start": 1547025540554,
    "end": 1547025540554,
    "duration": 0,
    "pid": 16488,
    "index": 53
  },
  {
    "name": "Require(45) node_modules/.2.1.1@egg-static/app.js",
    "start": 1547025540554,
    "end": 1547025540554,
    "duration": 0,
    "pid": 16488,
    "index": 54
  },
  {
    "name": "Before Start in node_modules/.3.1.0@egg-watcher/lib/init.js:15:14",
    "start": 1547025540564,
    "end": 1547025540691,
    "duration": 127,
    "pid": 16488,
    "index": 55
  },
  {
    "name": "Load Service",
    "start": 1547025540596,
    "end": 1547025540599,
    "duration": 3,
    "pid": 16488,
    "index": 56
  },
  {
    "name": "Load \"service\" to Context",
    "start": 1547025540596,
    "end": 1547025540599,
    "duration": 3,
    "pid": 16488,
    "index": 57
  },
  {
    "name": "Load Middleware",
    "start": 1547025540600,
    "end": 1547025540669,
    "duration": 69,
    "pid": 16488,
    "index": 58
  },
  {
    "name": "Load \"middlewares\" to Application",
    "start": 1547025540600,
    "end": 1547025540661,
    "duration": 61,
    "pid": 16488,
    "index": 59
  },
  {
    "name": "Load Controller",
    "start": 1547025540669,
    "end": 1547025540672,
    "duration": 3,
    "pid": 16488,
    "index": 60
  },
  {
    "name": "Load \"controller\" to Application",
    "start": 1547025540669,
    "end": 1547025540672,
    "duration": 3,
    "pid": 16488,
    "index": 61
  },
  {
    "name": "Load Router",
    "start": 1547025540672,
    "end": 1547025540675,
    "duration": 3,
    "pid": 16488,
    "index": 62
  },
  {
    "name": "Require(46) app/router.ts",
    "start": 1547025540672,
    "end": 1547025540672,
    "duration": 0,
    "pid": 16488,
    "index": 63
  },
  {
    "name": "Before Start in node_modules/.4.13.0@egg-core/lib/egg.js:287:10",
    "start": 1547025540672,
    "end": 1547025540683,
    "duration": 11,
    "pid": 16488,
    "index": 64
  }
]