[
  {
    "name": "Application Start",
    "start": 1547029745268,
    "end": 1547029747176,
    "duration": 1908,
    "pid": 20628,
    "index": 0
  },
  {
    "name": "Load Plugin",
    "start": 1547029745271,
    "end": 1547029745284,
    "duration": 13,
    "pid": 20628,
    "index": 1
  },
  {
    "name": "Load Config",
    "start": 1547029745284,
    "end": 1547029745297,
    "duration": 13,
    "pid": 20628,
    "index": 2
  },
  {
    "name": "Require(0) config/config.default.ts",
    "start": 1547029745285,
    "end": 1547029745285,
    "duration": 0,
    "pid": 20628,
    "index": 3
  },
  {
    "name": "Require(1) config/config.local.ts",
    "start": 1547029745286,
    "end": 1547029745286,
    "duration": 0,
    "pid": 20628,
    "index": 4
  },
  {
    "name": "Require(2) node_modules/.3.1.0@egg-session/config/config.default.js",
    "start": 1547029745286,
    "end": 1547029745286,
    "duration": 0,
    "pid": 20628,
    "index": 5
  },
  {
    "name": "Require(3) node_modules/.2.4.2@egg-security/config/config.default.js",
    "start": 1547029745287,
    "end": 1547029745287,
    "duration": 0,
    "pid": 20628,
    "index": 6
  },
  {
    "name": "Require(4) node_modules/.2.0.0@egg-jsonp/config/config.default.js",
    "start": 1547029745288,
    "end": 1547029745288,
    "duration": 0,
    "pid": 20628,
    "index": 7
  },
  {
    "name": "Require(5) node_modules/.2.1.0@egg-onerror/config/config.default.js",
    "start": 1547029745288,
    "end": 1547029745289,
    "duration": 1,
    "pid": 20628,
    "index": 8
  },
  {
    "name": "Require(6) node_modules/.2.0.0@egg-i18n/config/config.default.js",
    "start": 1547029745289,
    "end": 1547029745289,
    "duration": 0,
    "pid": 20628,
    "index": 9
  },
  {
    "name": "Require(7) node_modules/.3.1.0@egg-watcher/config/config.default.js",
    "start": 1547029745289,
    "end": 1547029745290,
    "duration": 1,
    "pid": 20628,
    "index": 10
  },
  {
    "name": "Require(8) node_modules/.3.6.0@egg-schedule/config/config.default.js",
    "start": 1547029745290,
    "end": 1547029745290,
    "duration": 0,
    "pid": 20628,
    "index": 11
  },
  {
    "name": "Require(9) node_modules/.2.4.0@egg-multipart/config/config.default.js",
    "start": 1547029745290,
    "end": 1547029745290,
    "duration": 0,
    "pid": 20628,
    "index": 12
  },
  {
    "name": "Require(10) node_modules/.2.4.1@egg-development/config/config.default.js",
    "start": 1547029745291,
    "end": 1547029745291,
    "duration": 0,
    "pid": 20628,
    "index": 13
  },
  {
    "name": "Require(11) node_modules/.3.0.5@egg-logrotator/config/config.default.js",
    "start": 1547029745291,
    "end": 1547029745292,
    "duration": 1,
    "pid": 20628,
    "index": 14
  },
  {
    "name": "Require(12) node_modules/.2.1.1@egg-static/config/config.default.js",
    "start": 1547029745292,
    "end": 1547029745292,
    "duration": 0,
    "pid": 20628,
    "index": 15
  },
  {
    "name": "Require(13) node_modules/.2.1.1@egg-view/config/config.default.js",
    "start": 1547029745292,
    "end": 1547029745292,
    "duration": 0,
    "pid": 20628,
    "index": 16
  },
  {
    "name": "Require(14) node_modules/.2.14.2@egg/config/config.default.js",
    "start": 1547029745293,
    "end": 1547029745293,
    "duration": 0,
    "pid": 20628,
    "index": 17
  },
  {
    "name": "Require(15) config/config.default.ts",
    "start": 1547029745294,
    "end": 1547029745294,
    "duration": 0,
    "pid": 20628,
    "index": 18
  },
  {
    "name": "Require(16) node_modules/.2.4.2@egg-security/config/config.local.js",
    "start": 1547029745294,
    "end": 1547029745295,
    "duration": 1,
    "pid": 20628,
    "index": 19
  },
  {
    "name": "Require(17) node_modules/.3.1.0@egg-watcher/config/config.local.js",
    "start": 1547029745295,
    "end": 1547029745296,
    "duration": 1,
    "pid": 20628,
    "index": 20
  },
  {
    "name": "Require(18) node_modules/.2.1.1@egg-view/config/config.local.js",
    "start": 1547029745297,
    "end": 1547029745297,
    "duration": 0,
    "pid": 20628,
    "index": 21
  },
  {
    "name": "Require(19) node_modules/.2.14.2@egg/config/config.local.js",
    "start": 1547029745297,
    "end": 1547029745297,
    "duration": 0,
    "pid": 20628,
    "index": 22
  },
  {
    "name": "Require(20) config/config.local.ts",
    "start": 1547029745297,
    "end": 1547029745297,
    "duration": 0,
    "pid": 20628,
    "index": 23
  },
  {
    "name": "Load extend/application.js",
    "start": 1547029745299,
    "end": 1547029745308,
    "duration": 9,
    "pid": 20628,
    "index": 24
  },
  {
    "name": "Require(21) node_modules/.3.1.0@egg-session/app/extend/application.js",
    "start": 1547029745299,
    "end": 1547029745299,
    "duration": 0,
    "pid": 20628,
    "index": 25
  },
  {
    "name": "Require(22) node_modules/.2.4.2@egg-security/app/extend/application.js",
    "start": 1547029745299,
    "end": 1547029745300,
    "duration": 1,
    "pid": 20628,
    "index": 26
  },
  {
    "name": "Require(23) node_modules/.2.0.0@egg-jsonp/app/extend/application.js",
    "start": 1547029745300,
    "end": 1547029745301,
    "duration": 1,
    "pid": 20628,
    "index": 27
  },
  {
    "name": "Require(24) node_modules/.3.0.5@egg-logrotator/app/extend/application.js",
    "start": 1547029745302,
    "end": 1547029745305,
    "duration": 3,
    "pid": 20628,
    "index": 28
  },
  {
    "name": "Require(25) node_modules/.2.1.1@egg-view/app/extend/application.js",
    "start": 1547029745305,
    "end": 1547029745306,
    "duration": 1,
    "pid": 20628,
    "index": 29
  },
  {
    "name": "Load extend/request.js",
    "start": 1547029745308,
    "end": 1547029745313,
    "duration": 5,
    "pid": 20628,
    "index": 30
  },
  {
    "name": "Require(26) node_modules/.2.14.2@egg/app/extend/request.js",
    "start": 1547029745310,
    "end": 1547029745311,
    "duration": 1,
    "pid": 20628,
    "index": 31
  },
  {
    "name": "Load extend/response.js",
    "start": 1547029745313,
    "end": 1547029745317,
    "duration": 4,
    "pid": 20628,
    "index": 32
  },
  {
    "name": "Require(27) node_modules/.2.14.2@egg/app/extend/response.js",
    "start": 1547029745314,
    "end": 1547029745316,
    "duration": 2,
    "pid": 20628,
    "index": 33
  },
  {
    "name": "Load extend/context.js",
    "start": 1547029745317,
    "end": 1547029745373,
    "duration": 56,
    "pid": 20628,
    "index": 34
  },
  {
    "name": "Require(28) node_modules/.2.4.2@egg-security/app/extend/context.js",
    "start": 1547029745317,
    "end": 1547029745327,
    "duration": 10,
    "pid": 20628,
    "index": 35
  },
  {
    "name": "Require(29) node_modules/.2.0.0@egg-jsonp/app/extend/context.js",
    "start": 1547029745328,
    "end": 1547029745329,
    "duration": 1,
    "pid": 20628,
    "index": 36
  },
  {
    "name": "Require(30) node_modules/.2.0.0@egg-i18n/app/extend/context.js",
    "start": 1547029745329,
    "end": 1547029745329,
    "duration": 0,
    "pid": 20628,
    "index": 37
  },
  {
    "name": "Require(31) node_modules/.2.4.0@egg-multipart/app/extend/context.js",
    "start": 1547029745330,
    "end": 1547029745368,
    "duration": 38,
    "pid": 20628,
    "index": 38
  },
  {
    "name": "Require(32) node_modules/.2.1.1@egg-view/app/extend/context.js",
    "start": 1547029745369,
    "end": 1547029745370,
    "duration": 1,
    "pid": 20628,
    "index": 39
  },
  {
    "name": "Require(33) node_modules/.2.14.2@egg/app/extend/context.js",
    "start": 1547029745370,
    "end": 1547029745371,
    "duration": 1,
    "pid": 20628,
    "index": 40
  },
  {
    "name": "Load extend/helper.js",
    "start": 1547029745373,
    "end": 1547029745388,
    "duration": 15,
    "pid": 20628,
    "index": 41
  },
  {
    "name": "Require(34) node_modules/.2.4.2@egg-security/app/extend/helper.js",
    "start": 1547029745374,
    "end": 1547029745384,
    "duration": 10,
    "pid": 20628,
    "index": 42
  },
  {
    "name": "Require(35) node_modules/.2.14.2@egg/app/extend/helper.js",
    "start": 1547029745385,
    "end": 1547029745386,
    "duration": 1,
    "pid": 20628,
    "index": 43
  },
  {
    "name": "Load app.js",
    "start": 1547029745388,
    "end": 1547029745415,
    "duration": 27,
    "pid": 20628,
    "index": 44
  },
  {
    "name": "Require(36) node_modules/.3.1.0@egg-session/app.js",
    "start": 1547029745388,
    "end": 1547029745388,
    "duration": 0,
    "pid": 20628,
    "index": 45
  },
  {
    "name": "Require(37) node_modules/.2.4.2@egg-security/app.js",
    "start": 1547029745389,
    "end": 1547029745390,
    "duration": 1,
    "pid": 20628,
    "index": 46
  },
  {
    "name": "Require(38) node_modules/.2.1.0@egg-onerror/app.js",
    "start": 1547029745391,
    "end": 1547029745399,
    "duration": 8,
    "pid": 20628,
    "index": 47
  },
  {
    "name": "Require(39) node_modules/.2.0.0@egg-i18n/app.js",
    "start": 1547029745399,
    "end": 1547029745406,
    "duration": 7,
    "pid": 20628,
    "index": 48
  },
  {
    "name": "Require(40) node_modules/.3.1.0@egg-watcher/app.js",
    "start": 1547029745406,
    "end": 1547029745409,
    "duration": 3,
    "pid": 20628,
    "index": 49
  },
  {
    "name": "Require(41) node_modules/.3.6.0@egg-schedule/app.js",
    "start": 1547029745409,
    "end": 1547029745411,
    "duration": 2,
    "pid": 20628,
    "index": 50
  },
  {
    "name": "Require(42) node_modules/.2.4.0@egg-multipart/app.js",
    "start": 1547029745411,
    "end": 1547029745413,
    "duration": 2,
    "pid": 20628,
    "index": 51
  },
  {
    "name": "Require(43) node_modules/.2.4.1@egg-development/app.js",
    "start": 1547029745413,
    "end": 1547029745413,
    "duration": 0,
    "pid": 20628,
    "index": 52
  },
  {
    "name": "Require(44) node_modules/.3.0.5@egg-logrotator/app.js",
    "start": 1547029745413,
    "end": 1547029745414,
    "duration": 1,
    "pid": 20628,
    "index": 53
  },
  {
    "name": "Require(45) node_modules/.2.1.1@egg-static/app.js",
    "start": 1547029745414,
    "end": 1547029745414,
    "duration": 0,
    "pid": 20628,
    "index": 54
  },
  {
    "name": "Before Start in node_modules/.3.1.0@egg-watcher/lib/init.js:15:14",
    "start": 1547029745427,
    "end": 1547029747175,
    "duration": 1748,
    "pid": 20628,
    "index": 55
  },
  {
    "name": "Load Service",
    "start": 1547029745460,
    "end": 1547029745464,
    "duration": 4,
    "pid": 20628,
    "index": 56
  },
  {
    "name": "Load \"service\" to Context",
    "start": 1547029745460,
    "end": 1547029745464,
    "duration": 4,
    "pid": 20628,
    "index": 57
  },
  {
    "name": "Load Middleware",
    "start": 1547029745464,
    "end": 1547029745540,
    "duration": 76,
    "pid": 20628,
    "index": 58
  },
  {
    "name": "Load \"middlewares\" to Application",
    "start": 1547029745464,
    "end": 1547029745531,
    "duration": 67,
    "pid": 20628,
    "index": 59
  },
  {
    "name": "Load Controller",
    "start": 1547029745540,
    "end": 1547029747083,
    "duration": 1543,
    "pid": 20628,
    "index": 60
  },
  {
    "name": "Load \"controller\" to Application",
    "start": 1547029745540,
    "end": 1547029747083,
    "duration": 1543,
    "pid": 20628,
    "index": 61
  },
  {
    "name": "Load Router",
    "start": 1547029747083,
    "end": 1547029747085,
    "duration": 2,
    "pid": 20628,
    "index": 62
  },
  {
    "name": "Require(46) app/router.ts",
    "start": 1547029747083,
    "end": 1547029747083,
    "duration": 0,
    "pid": 20628,
    "index": 63
  },
  {
    "name": "Before Start in node_modules/.4.13.0@egg-core/lib/egg.js:287:10",
    "start": 1547029747084,
    "end": 1547029747093,
    "duration": 9,
    "pid": 20628,
    "index": 64
  }
]