[
  {
    "name": "Application Start",
    "start": 1547029218432,
    "end": 1547029220374,
    "duration": 1942,
    "pid": 1504,
    "index": 0
  },
  {
    "name": "Load Plugin",
    "start": 1547029218435,
    "end": 1547029218449,
    "duration": 14,
    "pid": 1504,
    "index": 1
  },
  {
    "name": "Load Config",
    "start": 1547029218449,
    "end": 1547029218468,
    "duration": 19,
    "pid": 1504,
    "index": 2
  },
  {
    "name": "Require(0) config/config.default.ts",
    "start": 1547029218450,
    "end": 1547029218450,
    "duration": 0,
    "pid": 1504,
    "index": 3
  },
  {
    "name": "Require(1) config/config.local.ts",
    "start": 1547029218451,
    "end": 1547029218451,
    "duration": 0,
    "pid": 1504,
    "index": 4
  },
  {
    "name": "Require(2) node_modules/.3.1.0@egg-session/config/config.default.js",
    "start": 1547029218451,
    "end": 1547029218451,
    "duration": 0,
    "pid": 1504,
    "index": 5
  },
  {
    "name": "Require(3) node_modules/.2.4.2@egg-security/config/config.default.js",
    "start": 1547029218452,
    "end": 1547029218452,
    "duration": 0,
    "pid": 1504,
    "index": 6
  },
  {
    "name": "Require(4) node_modules/.2.0.0@egg-jsonp/config/config.default.js",
    "start": 1547029218453,
    "end": 1547029218453,
    "duration": 0,
    "pid": 1504,
    "index": 7
  },
  {
    "name": "Require(5) node_modules/.2.1.0@egg-onerror/config/config.default.js",
    "start": 1547029218454,
    "end": 1547029218454,
    "duration": 0,
    "pid": 1504,
    "index": 8
  },
  {
    "name": "Require(6) node_modules/.2.0.0@egg-i18n/config/config.default.js",
    "start": 1547029218454,
    "end": 1547029218454,
    "duration": 0,
    "pid": 1504,
    "index": 9
  },
  {
    "name": "Require(7) node_modules/.3.1.0@egg-watcher/config/config.default.js",
    "start": 1547029218455,
    "end": 1547029218455,
    "duration": 0,
    "pid": 1504,
    "index": 10
  },
  {
    "name": "Require(8) node_modules/.3.6.0@egg-schedule/config/config.default.js",
    "start": 1547029218455,
    "end": 1547029218455,
    "duration": 0,
    "pid": 1504,
    "index": 11
  },
  {
    "name": "Require(9) node_modules/.2.4.0@egg-multipart/config/config.default.js",
    "start": 1547029218455,
    "end": 1547029218456,
    "duration": 1,
    "pid": 1504,
    "index": 12
  },
  {
    "name": "Require(10) node_modules/.2.4.1@egg-development/config/config.default.js",
    "start": 1547029218456,
    "end": 1547029218456,
    "duration": 0,
    "pid": 1504,
    "index": 13
  },
  {
    "name": "Require(11) node_modules/.3.0.5@egg-logrotator/config/config.default.js",
    "start": 1547029218458,
    "end": 1547029218459,
    "duration": 1,
    "pid": 1504,
    "index": 14
  },
  {
    "name": "Require(12) node_modules/.2.1.1@egg-static/config/config.default.js",
    "start": 1547029218459,
    "end": 1547029218459,
    "duration": 0,
    "pid": 1504,
    "index": 15
  },
  {
    "name": "Require(13) node_modules/.2.1.1@egg-view/config/config.default.js",
    "start": 1547029218460,
    "end": 1547029218463,
    "duration": 3,
    "pid": 1504,
    "index": 16
  },
  {
    "name": "Require(14) node_modules/.2.14.2@egg/config/config.default.js",
    "start": 1547029218464,
    "end": 1547029218464,
    "duration": 0,
    "pid": 1504,
    "index": 17
  },
  {
    "name": "Require(15) config/config.default.ts",
    "start": 1547029218465,
    "end": 1547029218465,
    "duration": 0,
    "pid": 1504,
    "index": 18
  },
  {
    "name": "Require(16) node_modules/.2.4.2@egg-security/config/config.local.js",
    "start": 1547029218466,
    "end": 1547029218466,
    "duration": 0,
    "pid": 1504,
    "index": 19
  },
  {
    "name": "Require(17) node_modules/.3.1.0@egg-watcher/config/config.local.js",
    "start": 1547029218467,
    "end": 1547029218467,
    "duration": 0,
    "pid": 1504,
    "index": 20
  },
  {
    "name": "Require(18) node_modules/.2.1.1@egg-view/config/config.local.js",
    "start": 1547029218468,
    "end": 1547029218468,
    "duration": 0,
    "pid": 1504,
    "index": 21
  },
  {
    "name": "Require(19) node_modules/.2.14.2@egg/config/config.local.js",
    "start": 1547029218468,
    "end": 1547029218468,
    "duration": 0,
    "pid": 1504,
    "index": 22
  },
  {
    "name": "Require(20) config/config.local.ts",
    "start": 1547029218468,
    "end": 1547029218468,
    "duration": 0,
    "pid": 1504,
    "index": 23
  },
  {
    "name": "Load extend/application.js",
    "start": 1547029218469,
    "end": 1547029218479,
    "duration": 10,
    "pid": 1504,
    "index": 24
  },
  {
    "name": "Require(21) node_modules/.3.1.0@egg-session/app/extend/application.js",
    "start": 1547029218470,
    "end": 1547029218470,
    "duration": 0,
    "pid": 1504,
    "index": 25
  },
  {
    "name": "Require(22) node_modules/.2.4.2@egg-security/app/extend/application.js",
    "start": 1547029218470,
    "end": 1547029218471,
    "duration": 1,
    "pid": 1504,
    "index": 26
  },
  {
    "name": "Require(23) node_modules/.2.0.0@egg-jsonp/app/extend/application.js",
    "start": 1547029218471,
    "end": 1547029218473,
    "duration": 2,
    "pid": 1504,
    "index": 27
  },
  {
    "name": "Require(24) node_modules/.3.0.5@egg-logrotator/app/extend/application.js",
    "start": 1547029218474,
    "end": 1547029218476,
    "duration": 2,
    "pid": 1504,
    "index": 28
  },
  {
    "name": "Require(25) node_modules/.2.1.1@egg-view/app/extend/application.js",
    "start": 1547029218476,
    "end": 1547029218477,
    "duration": 1,
    "pid": 1504,
    "index": 29
  },
  {
    "name": "Load extend/request.js",
    "start": 1547029218479,
    "end": 1547029218483,
    "duration": 4,
    "pid": 1504,
    "index": 30
  },
  {
    "name": "Require(26) node_modules/.2.14.2@egg/app/extend/request.js",
    "start": 1547029218480,
    "end": 1547029218481,
    "duration": 1,
    "pid": 1504,
    "index": 31
  },
  {
    "name": "Load extend/response.js",
    "start": 1547029218483,
    "end": 1547029218489,
    "duration": 6,
    "pid": 1504,
    "index": 32
  },
  {
    "name": "Require(27) node_modules/.2.14.2@egg/app/extend/response.js",
    "start": 1547029218485,
    "end": 1547029218486,
    "duration": 1,
    "pid": 1504,
    "index": 33
  },
  {
    "name": "Load extend/context.js",
    "start": 1547029218489,
    "end": 1547029218549,
    "duration": 60,
    "pid": 1504,
    "index": 34
  },
  {
    "name": "Require(28) node_modules/.2.4.2@egg-security/app/extend/context.js",
    "start": 1547029218489,
    "end": 1547029218504,
    "duration": 15,
    "pid": 1504,
    "index": 35
  },
  {
    "name": "Require(29) node_modules/.2.0.0@egg-jsonp/app/extend/context.js",
    "start": 1547029218505,
    "end": 1547029218507,
    "duration": 2,
    "pid": 1504,
    "index": 36
  },
  {
    "name": "Require(30) node_modules/.2.0.0@egg-i18n/app/extend/context.js",
    "start": 1547029218507,
    "end": 1547029218508,
    "duration": 1,
    "pid": 1504,
    "index": 37
  },
  {
    "name": "Require(31) node_modules/.2.4.0@egg-multipart/app/extend/context.js",
    "start": 1547029218508,
    "end": 1547029218544,
    "duration": 36,
    "pid": 1504,
    "index": 38
  },
  {
    "name": "Require(32) node_modules/.2.1.1@egg-view/app/extend/context.js",
    "start": 1547029218545,
    "end": 1547029218546,
    "duration": 1,
    "pid": 1504,
    "index": 39
  },
  {
    "name": "Require(33) node_modules/.2.14.2@egg/app/extend/context.js",
    "start": 1547029218546,
    "end": 1547029218547,
    "duration": 1,
    "pid": 1504,
    "index": 40
  },
  {
    "name": "Load extend/helper.js",
    "start": 1547029218549,
    "end": 1547029218563,
    "duration": 14,
    "pid": 1504,
    "index": 41
  },
  {
    "name": "Require(34) node_modules/.2.4.2@egg-security/app/extend/helper.js",
    "start": 1547029218549,
    "end": 1547029218560,
    "duration": 11,
    "pid": 1504,
    "index": 42
  },
  {
    "name": "Require(35) node_modules/.2.14.2@egg/app/extend/helper.js",
    "start": 1547029218561,
    "end": 1547029218562,
    "duration": 1,
    "pid": 1504,
    "index": 43
  },
  {
    "name": "Load app.js",
    "start": 1547029218563,
    "end": 1547029218589,
    "duration": 26,
    "pid": 1504,
    "index": 44
  },
  {
    "name": "Require(36) node_modules/.3.1.0@egg-session/app.js",
    "start": 1547029218563,
    "end": 1547029218564,
    "duration": 1,
    "pid": 1504,
    "index": 45
  },
  {
    "name": "Require(37) node_modules/.2.4.2@egg-security/app.js",
    "start": 1547029218564,
    "end": 1547029218565,
    "duration": 1,
    "pid": 1504,
    "index": 46
  },
  {
    "name": "Require(38) node_modules/.2.1.0@egg-onerror/app.js",
    "start": 1547029218566,
    "end": 1547029218574,
    "duration": 8,
    "pid": 1504,
    "index": 47
  },
  {
    "name": "Require(39) node_modules/.2.0.0@egg-i18n/app.js",
    "start": 1547029218575,
    "end": 1547029218579,
    "duration": 4,
    "pid": 1504,
    "index": 48
  },
  {
    "name": "Require(40) node_modules/.3.1.0@egg-watcher/app.js",
    "start": 1547029218580,
    "end": 1547029218582,
    "duration": 2,
    "pid": 1504,
    "index": 49
  },
  {
    "name": "Require(41) node_modules/.3.6.0@egg-schedule/app.js",
    "start": 1547029218583,
    "end": 1547029218584,
    "duration": 1,
    "pid": 1504,
    "index": 50
  },
  {
    "name": "Require(42) node_modules/.2.4.0@egg-multipart/app.js",
    "start": 1547029218584,
    "end": 1547029218587,
    "duration": 3,
    "pid": 1504,
    "index": 51
  },
  {
    "name": "Require(43) node_modules/.2.4.1@egg-development/app.js",
    "start": 1547029218587,
    "end": 1547029218587,
    "duration": 0,
    "pid": 1504,
    "index": 52
  },
  {
    "name": "Require(44) node_modules/.3.0.5@egg-logrotator/app.js",
    "start": 1547029218588,
    "end": 1547029218588,
    "duration": 0,
    "pid": 1504,
    "index": 53
  },
  {
    "name": "Require(45) node_modules/.2.1.1@egg-static/app.js",
    "start": 1547029218588,
    "end": 1547029218588,
    "duration": 0,
    "pid": 1504,
    "index": 54
  },
  {
    "name": "Before Start in node_modules/.3.1.0@egg-watcher/lib/init.js:15:14",
    "start": 1547029218598,
    "end": 1547029220374,
    "duration": 1776,
    "pid": 1504,
    "index": 55
  },
  {
    "name": "Load Service",
    "start": 1547029218630,
    "end": 1547029218634,
    "duration": 4,
    "pid": 1504,
    "index": 56
  },
  {
    "name": "Load \"service\" to Context",
    "start": 1547029218631,
    "end": 1547029218634,
    "duration": 3,
    "pid": 1504,
    "index": 57
  },
  {
    "name": "Load Middleware",
    "start": 1547029218634,
    "end": 1547029218715,
    "duration": 81,
    "pid": 1504,
    "index": 58
  },
  {
    "name": "Load \"middlewares\" to Application",
    "start": 1547029218634,
    "end": 1547029218703,
    "duration": 69,
    "pid": 1504,
    "index": 59
  },
  {
    "name": "Load Controller",
    "start": 1547029218715,
    "end": 1547029220261,
    "duration": 1546,
    "pid": 1504,
    "index": 60
  },
  {
    "name": "Load \"controller\" to Application",
    "start": 1547029218715,
    "end": 1547029220261,
    "duration": 1546,
    "pid": 1504,
    "index": 61
  },
  {
    "name": "Load Router",
    "start": 1547029220261,
    "end": 1547029220262,
    "duration": 1,
    "pid": 1504,
    "index": 62
  },
  {
    "name": "Require(46) app/router.ts",
    "start": 1547029220261,
    "end": 1547029220261,
    "duration": 0,
    "pid": 1504,
    "index": 63
  },
  {
    "name": "Before Start in node_modules/.4.13.0@egg-core/lib/egg.js:287:10",
    "start": 1547029220261,
    "end": 1547029220273,
    "duration": 12,
    "pid": 1504,
    "index": 64
  }
]