[
  {
    "name": "Application Start",
    "start": 1547026126211,
    "end": 1547026128050,
    "duration": 1839,
    "pid": 17524,
    "index": 0
  },
  {
    "name": "Load Plugin",
    "start": 1547026126215,
    "end": 1547026126228,
    "duration": 13,
    "pid": 17524,
    "index": 1
  },
  {
    "name": "Load Config",
    "start": 1547026126228,
    "end": 1547026126240,
    "duration": 12,
    "pid": 17524,
    "index": 2
  },
  {
    "name": "Require(0) config/config.default.ts",
    "start": 1547026126228,
    "end": 1547026126229,
    "duration": 1,
    "pid": 17524,
    "index": 3
  },
  {
    "name": "Require(1) config/config.local.ts",
    "start": 1547026126229,
    "end": 1547026126230,
    "duration": 1,
    "pid": 17524,
    "index": 4
  },
  {
    "name": "Require(2) node_modules/.3.1.0@egg-session/config/config.default.js",
    "start": 1547026126230,
    "end": 1547026126230,
    "duration": 0,
    "pid": 17524,
    "index": 5
  },
  {
    "name": "Require(3) node_modules/.2.4.2@egg-security/config/config.default.js",
    "start": 1547026126230,
    "end": 1547026126231,
    "duration": 1,
    "pid": 17524,
    "index": 6
  },
  {
    "name": "Require(4) node_modules/.2.0.0@egg-jsonp/config/config.default.js",
    "start": 1547026126231,
    "end": 1547026126231,
    "duration": 0,
    "pid": 17524,
    "index": 7
  },
  {
    "name": "Require(5) node_modules/.2.1.0@egg-onerror/config/config.default.js",
    "start": 1547026126231,
    "end": 1547026126232,
    "duration": 1,
    "pid": 17524,
    "index": 8
  },
  {
    "name": "Require(6) node_modules/.2.0.0@egg-i18n/config/config.default.js",
    "start": 1547026126232,
    "end": 1547026126232,
    "duration": 0,
    "pid": 17524,
    "index": 9
  },
  {
    "name": "Require(7) node_modules/.3.1.0@egg-watcher/config/config.default.js",
    "start": 1547026126232,
    "end": 1547026126233,
    "duration": 1,
    "pid": 17524,
    "index": 10
  },
  {
    "name": "Require(8) node_modules/.3.6.0@egg-schedule/config/config.default.js",
    "start": 1547026126233,
    "end": 1547026126233,
    "duration": 0,
    "pid": 17524,
    "index": 11
  },
  {
    "name": "Require(9) node_modules/.2.4.0@egg-multipart/config/config.default.js",
    "start": 1547026126233,
    "end": 1547026126233,
    "duration": 0,
    "pid": 17524,
    "index": 12
  },
  {
    "name": "Require(10) node_modules/.2.4.1@egg-development/config/config.default.js",
    "start": 1547026126234,
    "end": 1547026126234,
    "duration": 0,
    "pid": 17524,
    "index": 13
  },
  {
    "name": "Require(11) node_modules/.3.0.5@egg-logrotator/config/config.default.js",
    "start": 1547026126234,
    "end": 1547026126234,
    "duration": 0,
    "pid": 17524,
    "index": 14
  },
  {
    "name": "Require(12) node_modules/.2.1.1@egg-static/config/config.default.js",
    "start": 1547026126235,
    "end": 1547026126235,
    "duration": 0,
    "pid": 17524,
    "index": 15
  },
  {
    "name": "Require(13) node_modules/.2.1.1@egg-view/config/config.default.js",
    "start": 1547026126235,
    "end": 1547026126235,
    "duration": 0,
    "pid": 17524,
    "index": 16
  },
  {
    "name": "Require(14) node_modules/.2.14.2@egg/config/config.default.js",
    "start": 1547026126236,
    "end": 1547026126236,
    "duration": 0,
    "pid": 17524,
    "index": 17
  },
  {
    "name": "Require(15) config/config.default.ts",
    "start": 1547026126237,
    "end": 1547026126237,
    "duration": 0,
    "pid": 17524,
    "index": 18
  },
  {
    "name": "Require(16) node_modules/.2.4.2@egg-security/config/config.local.js",
    "start": 1547026126237,
    "end": 1547026126237,
    "duration": 0,
    "pid": 17524,
    "index": 19
  },
  {
    "name": "Require(17) node_modules/.3.1.0@egg-watcher/config/config.local.js",
    "start": 1547026126238,
    "end": 1547026126238,
    "duration": 0,
    "pid": 17524,
    "index": 20
  },
  {
    "name": "Require(18) node_modules/.2.1.1@egg-view/config/config.local.js",
    "start": 1547026126239,
    "end": 1547026126239,
    "duration": 0,
    "pid": 17524,
    "index": 21
  },
  {
    "name": "Require(19) node_modules/.2.14.2@egg/config/config.local.js",
    "start": 1547026126240,
    "end": 1547026126240,
    "duration": 0,
    "pid": 17524,
    "index": 22
  },
  {
    "name": "Require(20) config/config.local.ts",
    "start": 1547026126240,
    "end": 1547026126240,
    "duration": 0,
    "pid": 17524,
    "index": 23
  },
  {
    "name": "Load extend/application.js",
    "start": 1547026126241,
    "end": 1547026126250,
    "duration": 9,
    "pid": 17524,
    "index": 24
  },
  {
    "name": "Require(21) node_modules/.3.1.0@egg-session/app/extend/application.js",
    "start": 1547026126241,
    "end": 1547026126242,
    "duration": 1,
    "pid": 17524,
    "index": 25
  },
  {
    "name": "Require(22) node_modules/.2.4.2@egg-security/app/extend/application.js",
    "start": 1547026126242,
    "end": 1547026126242,
    "duration": 0,
    "pid": 17524,
    "index": 26
  },
  {
    "name": "Require(23) node_modules/.2.0.0@egg-jsonp/app/extend/application.js",
    "start": 1547026126243,
    "end": 1547026126244,
    "duration": 1,
    "pid": 17524,
    "index": 27
  },
  {
    "name": "Require(24) node_modules/.3.0.5@egg-logrotator/app/extend/application.js",
    "start": 1547026126245,
    "end": 1547026126247,
    "duration": 2,
    "pid": 17524,
    "index": 28
  },
  {
    "name": "Require(25) node_modules/.2.1.1@egg-view/app/extend/application.js",
    "start": 1547026126247,
    "end": 1547026126248,
    "duration": 1,
    "pid": 17524,
    "index": 29
  },
  {
    "name": "Load extend/request.js",
    "start": 1547026126250,
    "end": 1547026126255,
    "duration": 5,
    "pid": 17524,
    "index": 30
  },
  {
    "name": "Require(26) node_modules/.2.14.2@egg/app/extend/request.js",
    "start": 1547026126252,
    "end": 1547026126253,
    "duration": 1,
    "pid": 17524,
    "index": 31
  },
  {
    "name": "Load extend/response.js",
    "start": 1547026126255,
    "end": 1547026126259,
    "duration": 4,
    "pid": 17524,
    "index": 32
  },
  {
    "name": "Require(27) node_modules/.2.14.2@egg/app/extend/response.js",
    "start": 1547026126256,
    "end": 1547026126257,
    "duration": 1,
    "pid": 17524,
    "index": 33
  },
  {
    "name": "Load extend/context.js",
    "start": 1547026126259,
    "end": 1547026126312,
    "duration": 53,
    "pid": 17524,
    "index": 34
  },
  {
    "name": "Require(28) node_modules/.2.4.2@egg-security/app/extend/context.js",
    "start": 1547026126259,
    "end": 1547026126268,
    "duration": 9,
    "pid": 17524,
    "index": 35
  },
  {
    "name": "Require(29) node_modules/.2.0.0@egg-jsonp/app/extend/context.js",
    "start": 1547026126269,
    "end": 1547026126270,
    "duration": 1,
    "pid": 17524,
    "index": 36
  },
  {
    "name": "Require(30) node_modules/.2.0.0@egg-i18n/app/extend/context.js",
    "start": 1547026126270,
    "end": 1547026126270,
    "duration": 0,
    "pid": 17524,
    "index": 37
  },
  {
    "name": "Require(31) node_modules/.2.4.0@egg-multipart/app/extend/context.js",
    "start": 1547026126271,
    "end": 1547026126308,
    "duration": 37,
    "pid": 17524,
    "index": 38
  },
  {
    "name": "Require(32) node_modules/.2.1.1@egg-view/app/extend/context.js",
    "start": 1547026126308,
    "end": 1547026126309,
    "duration": 1,
    "pid": 17524,
    "index": 39
  },
  {
    "name": "Require(33) node_modules/.2.14.2@egg/app/extend/context.js",
    "start": 1547026126309,
    "end": 1547026126310,
    "duration": 1,
    "pid": 17524,
    "index": 40
  },
  {
    "name": "Load extend/helper.js",
    "start": 1547026126312,
    "end": 1547026126327,
    "duration": 15,
    "pid": 17524,
    "index": 41
  },
  {
    "name": "Require(34) node_modules/.2.4.2@egg-security/app/extend/helper.js",
    "start": 1547026126313,
    "end": 1547026126323,
    "duration": 10,
    "pid": 17524,
    "index": 42
  },
  {
    "name": "Require(35) node_modules/.2.14.2@egg/app/extend/helper.js",
    "start": 1547026126325,
    "end": 1547026126325,
    "duration": 0,
    "pid": 17524,
    "index": 43
  },
  {
    "name": "Load app.js",
    "start": 1547026126327,
    "end": 1547026126351,
    "duration": 24,
    "pid": 17524,
    "index": 44
  },
  {
    "name": "Require(36) node_modules/.3.1.0@egg-session/app.js",
    "start": 1547026126327,
    "end": 1547026126327,
    "duration": 0,
    "pid": 17524,
    "index": 45
  },
  {
    "name": "Require(37) node_modules/.2.4.2@egg-security/app.js",
    "start": 1547026126327,
    "end": 1547026126329,
    "duration": 2,
    "pid": 17524,
    "index": 46
  },
  {
    "name": "Require(38) node_modules/.2.1.0@egg-onerror/app.js",
    "start": 1547026126329,
    "end": 1547026126337,
    "duration": 8,
    "pid": 17524,
    "index": 47
  },
  {
    "name": "Require(39) node_modules/.2.0.0@egg-i18n/app.js",
    "start": 1547026126337,
    "end": 1547026126342,
    "duration": 5,
    "pid": 17524,
    "index": 48
  },
  {
    "name": "Require(40) node_modules/.3.1.0@egg-watcher/app.js",
    "start": 1547026126342,
    "end": 1547026126345,
    "duration": 3,
    "pid": 17524,
    "index": 49
  },
  {
    "name": "Require(41) node_modules/.3.6.0@egg-schedule/app.js",
    "start": 1547026126345,
    "end": 1547026126346,
    "duration": 1,
    "pid": 17524,
    "index": 50
  },
  {
    "name": "Require(42) node_modules/.2.4.0@egg-multipart/app.js",
    "start": 1547026126346,
    "end": 1547026126349,
    "duration": 3,
    "pid": 17524,
    "index": 51
  },
  {
    "name": "Require(43) node_modules/.2.4.1@egg-development/app.js",
    "start": 1547026126349,
    "end": 1547026126349,
    "duration": 0,
    "pid": 17524,
    "index": 52
  },
  {
    "name": "Require(44) node_modules/.3.0.5@egg-logrotator/app.js",
    "start": 1547026126349,
    "end": 1547026126349,
    "duration": 0,
    "pid": 17524,
    "index": 53
  },
  {
    "name": "Require(45) node_modules/.2.1.1@egg-static/app.js",
    "start": 1547026126350,
    "end": 1547026126350,
    "duration": 0,
    "pid": 17524,
    "index": 54
  },
  {
    "name": "Before Start in node_modules/.3.1.0@egg-watcher/lib/init.js:15:14",
    "start": 1547026126359,
    "end": 1547026128050,
    "duration": 1691,
    "pid": 17524,
    "index": 55
  },
  {
    "name": "Load Service",
    "start": 1547026126390,
    "end": 1547026126394,
    "duration": 4,
    "pid": 17524,
    "index": 56
  },
  {
    "name": "Load \"service\" to Context",
    "start": 1547026126390,
    "end": 1547026126394,
    "duration": 4,
    "pid": 17524,
    "index": 57
  },
  {
    "name": "Load Middleware",
    "start": 1547026126394,
    "end": 1547026126468,
    "duration": 74,
    "pid": 17524,
    "index": 58
  },
  {
    "name": "Load \"middlewares\" to Application",
    "start": 1547026126394,
    "end": 1547026126459,
    "duration": 65,
    "pid": 17524,
    "index": 59
  },
  {
    "name": "Load Controller",
    "start": 1547026126468,
    "end": 1547026127955,
    "duration": 1487,
    "pid": 17524,
    "index": 60
  },
  {
    "name": "Load \"controller\" to Application",
    "start": 1547026126468,
    "end": 1547026127955,
    "duration": 1487,
    "pid": 17524,
    "index": 61
  },
  {
    "name": "Load Router",
    "start": 1547026127955,
    "end": 1547026127957,
    "duration": 2,
    "pid": 17524,
    "index": 62
  },
  {
    "name": "Require(46) app/router.ts",
    "start": 1547026127955,
    "end": 1547026127955,
    "duration": 0,
    "pid": 17524,
    "index": 63
  },
  {
    "name": "Before Start in node_modules/.4.13.0@egg-core/lib/egg.js:287:10",
    "start": 1547026127955,
    "end": 1547026127965,
    "duration": 10,
    "pid": 17524,
    "index": 64
  }
]