[
  {
    "name": "Application Start",
    "start": 1547028924937,
    "end": 1547028926758,
    "duration": 1821,
    "pid": 17844,
    "index": 0
  },
  {
    "name": "Load Plugin",
    "start": 1547028924941,
    "end": 1547028924954,
    "duration": 13,
    "pid": 17844,
    "index": 1
  },
  {
    "name": "Load Config",
    "start": 1547028924954,
    "end": 1547028924970,
    "duration": 16,
    "pid": 17844,
    "index": 2
  },
  {
    "name": "Require(0) config/config.default.ts",
    "start": 1547028924955,
    "end": 1547028924955,
    "duration": 0,
    "pid": 17844,
    "index": 3
  },
  {
    "name": "Require(1) config/config.local.ts",
    "start": 1547028924956,
    "end": 1547028924957,
    "duration": 1,
    "pid": 17844,
    "index": 4
  },
  {
    "name": "Require(2) node_modules/.3.1.0@egg-session/config/config.default.js",
    "start": 1547028924957,
    "end": 1547028924958,
    "duration": 1,
    "pid": 17844,
    "index": 5
  },
  {
    "name": "Require(3) node_modules/.2.4.2@egg-security/config/config.default.js",
    "start": 1547028924958,
    "end": 1547028924958,
    "duration": 0,
    "pid": 17844,
    "index": 6
  },
  {
    "name": "Require(4) node_modules/.2.0.0@egg-jsonp/config/config.default.js",
    "start": 1547028924959,
    "end": 1547028924959,
    "duration": 0,
    "pid": 17844,
    "index": 7
  },
  {
    "name": "Require(5) node_modules/.2.1.0@egg-onerror/config/config.default.js",
    "start": 1547028924959,
    "end": 1547028924960,
    "duration": 1,
    "pid": 17844,
    "index": 8
  },
  {
    "name": "Require(6) node_modules/.2.0.0@egg-i18n/config/config.default.js",
    "start": 1547028924960,
    "end": 1547028924960,
    "duration": 0,
    "pid": 17844,
    "index": 9
  },
  {
    "name": "Require(7) node_modules/.3.1.0@egg-watcher/config/config.default.js",
    "start": 1547028924961,
    "end": 1547028924961,
    "duration": 0,
    "pid": 17844,
    "index": 10
  },
  {
    "name": "Require(8) node_modules/.3.6.0@egg-schedule/config/config.default.js",
    "start": 1547028924961,
    "end": 1547028924961,
    "duration": 0,
    "pid": 17844,
    "index": 11
  },
  {
    "name": "Require(9) node_modules/.2.4.0@egg-multipart/config/config.default.js",
    "start": 1547028924962,
    "end": 1547028924962,
    "duration": 0,
    "pid": 17844,
    "index": 12
  },
  {
    "name": "Require(10) node_modules/.2.4.1@egg-development/config/config.default.js",
    "start": 1547028924963,
    "end": 1547028924963,
    "duration": 0,
    "pid": 17844,
    "index": 13
  },
  {
    "name": "Require(11) node_modules/.3.0.5@egg-logrotator/config/config.default.js",
    "start": 1547028924963,
    "end": 1547028924964,
    "duration": 1,
    "pid": 17844,
    "index": 14
  },
  {
    "name": "Require(12) node_modules/.2.1.1@egg-static/config/config.default.js",
    "start": 1547028924964,
    "end": 1547028924964,
    "duration": 0,
    "pid": 17844,
    "index": 15
  },
  {
    "name": "Require(13) node_modules/.2.1.1@egg-view/config/config.default.js",
    "start": 1547028924964,
    "end": 1547028924965,
    "duration": 1,
    "pid": 17844,
    "index": 16
  },
  {
    "name": "Require(14) node_modules/.2.14.2@egg/config/config.default.js",
    "start": 1547028924965,
    "end": 1547028924965,
    "duration": 0,
    "pid": 17844,
    "index": 17
  },
  {
    "name": "Require(15) config/config.default.ts",
    "start": 1547028924967,
    "end": 1547028924967,
    "duration": 0,
    "pid": 17844,
    "index": 18
  },
  {
    "name": "Require(16) node_modules/.2.4.2@egg-security/config/config.local.js",
    "start": 1547028924968,
    "end": 1547028924968,
    "duration": 0,
    "pid": 17844,
    "index": 19
  },
  {
    "name": "Require(17) node_modules/.3.1.0@egg-watcher/config/config.local.js",
    "start": 1547028924969,
    "end": 1547028924969,
    "duration": 0,
    "pid": 17844,
    "index": 20
  },
  {
    "name": "Require(18) node_modules/.2.1.1@egg-view/config/config.local.js",
    "start": 1547028924970,
    "end": 1547028924970,
    "duration": 0,
    "pid": 17844,
    "index": 21
  },
  {
    "name": "Require(19) node_modules/.2.14.2@egg/config/config.local.js",
    "start": 1547028924970,
    "end": 1547028924970,
    "duration": 0,
    "pid": 17844,
    "index": 22
  },
  {
    "name": "Require(20) config/config.local.ts",
    "start": 1547028924970,
    "end": 1547028924970,
    "duration": 0,
    "pid": 17844,
    "index": 23
  },
  {
    "name": "Load extend/application.js",
    "start": 1547028924971,
    "end": 1547028924980,
    "duration": 9,
    "pid": 17844,
    "index": 24
  },
  {
    "name": "Require(21) node_modules/.3.1.0@egg-session/app/extend/application.js",
    "start": 1547028924971,
    "end": 1547028924972,
    "duration": 1,
    "pid": 17844,
    "index": 25
  },
  {
    "name": "Require(22) node_modules/.2.4.2@egg-security/app/extend/application.js",
    "start": 1547028924972,
    "end": 1547028924973,
    "duration": 1,
    "pid": 17844,
    "index": 26
  },
  {
    "name": "Require(23) node_modules/.2.0.0@egg-jsonp/app/extend/application.js",
    "start": 1547028924973,
    "end": 1547028924974,
    "duration": 1,
    "pid": 17844,
    "index": 27
  },
  {
    "name": "Require(24) node_modules/.3.0.5@egg-logrotator/app/extend/application.js",
    "start": 1547028924975,
    "end": 1547028924977,
    "duration": 2,
    "pid": 17844,
    "index": 28
  },
  {
    "name": "Require(25) node_modules/.2.1.1@egg-view/app/extend/application.js",
    "start": 1547028924977,
    "end": 1547028924978,
    "duration": 1,
    "pid": 17844,
    "index": 29
  },
  {
    "name": "Load extend/request.js",
    "start": 1547028924980,
    "end": 1547028924985,
    "duration": 5,
    "pid": 17844,
    "index": 30
  },
  {
    "name": "Require(26) node_modules/.2.14.2@egg/app/extend/request.js",
    "start": 1547028924982,
    "end": 1547028924983,
    "duration": 1,
    "pid": 17844,
    "index": 31
  },
  {
    "name": "Load extend/response.js",
    "start": 1547028924985,
    "end": 1547028924990,
    "duration": 5,
    "pid": 17844,
    "index": 32
  },
  {
    "name": "Require(27) node_modules/.2.14.2@egg/app/extend/response.js",
    "start": 1547028924986,
    "end": 1547028924988,
    "duration": 2,
    "pid": 17844,
    "index": 33
  },
  {
    "name": "Load extend/context.js",
    "start": 1547028924990,
    "end": 1547028925042,
    "duration": 52,
    "pid": 17844,
    "index": 34
  },
  {
    "name": "Require(28) node_modules/.2.4.2@egg-security/app/extend/context.js",
    "start": 1547028924991,
    "end": 1547028925000,
    "duration": 9,
    "pid": 17844,
    "index": 35
  },
  {
    "name": "Require(29) node_modules/.2.0.0@egg-jsonp/app/extend/context.js",
    "start": 1547028925000,
    "end": 1547028925001,
    "duration": 1,
    "pid": 17844,
    "index": 36
  },
  {
    "name": "Require(30) node_modules/.2.0.0@egg-i18n/app/extend/context.js",
    "start": 1547028925001,
    "end": 1547028925001,
    "duration": 0,
    "pid": 17844,
    "index": 37
  },
  {
    "name": "Require(31) node_modules/.2.4.0@egg-multipart/app/extend/context.js",
    "start": 1547028925002,
    "end": 1547028925038,
    "duration": 36,
    "pid": 17844,
    "index": 38
  },
  {
    "name": "Require(32) node_modules/.2.1.1@egg-view/app/extend/context.js",
    "start": 1547028925039,
    "end": 1547028925039,
    "duration": 0,
    "pid": 17844,
    "index": 39
  },
  {
    "name": "Require(33) node_modules/.2.14.2@egg/app/extend/context.js",
    "start": 1547028925039,
    "end": 1547028925041,
    "duration": 2,
    "pid": 17844,
    "index": 40
  },
  {
    "name": "Load extend/helper.js",
    "start": 1547028925042,
    "end": 1547028925058,
    "duration": 16,
    "pid": 17844,
    "index": 41
  },
  {
    "name": "Require(34) node_modules/.2.4.2@egg-security/app/extend/helper.js",
    "start": 1547028925043,
    "end": 1547028925054,
    "duration": 11,
    "pid": 17844,
    "index": 42
  },
  {
    "name": "Require(35) node_modules/.2.14.2@egg/app/extend/helper.js",
    "start": 1547028925056,
    "end": 1547028925057,
    "duration": 1,
    "pid": 17844,
    "index": 43
  },
  {
    "name": "Load app.js",
    "start": 1547028925059,
    "end": 1547028925084,
    "duration": 25,
    "pid": 17844,
    "index": 44
  },
  {
    "name": "Require(36) node_modules/.3.1.0@egg-session/app.js",
    "start": 1547028925059,
    "end": 1547028925059,
    "duration": 0,
    "pid": 17844,
    "index": 45
  },
  {
    "name": "Require(37) node_modules/.2.4.2@egg-security/app.js",
    "start": 1547028925059,
    "end": 1547028925061,
    "duration": 2,
    "pid": 17844,
    "index": 46
  },
  {
    "name": "Require(38) node_modules/.2.1.0@egg-onerror/app.js",
    "start": 1547028925061,
    "end": 1547028925071,
    "duration": 10,
    "pid": 17844,
    "index": 47
  },
  {
    "name": "Require(39) node_modules/.2.0.0@egg-i18n/app.js",
    "start": 1547028925071,
    "end": 1547028925076,
    "duration": 5,
    "pid": 17844,
    "index": 48
  },
  {
    "name": "Require(40) node_modules/.3.1.0@egg-watcher/app.js",
    "start": 1547028925076,
    "end": 1547028925078,
    "duration": 2,
    "pid": 17844,
    "index": 49
  },
  {
    "name": "Require(41) node_modules/.3.6.0@egg-schedule/app.js",
    "start": 1547028925079,
    "end": 1547028925080,
    "duration": 1,
    "pid": 17844,
    "index": 50
  },
  {
    "name": "Require(42) node_modules/.2.4.0@egg-multipart/app.js",
    "start": 1547028925080,
    "end": 1547028925082,
    "duration": 2,
    "pid": 17844,
    "index": 51
  },
  {
    "name": "Require(43) node_modules/.2.4.1@egg-development/app.js",
    "start": 1547028925083,
    "end": 1547028925083,
    "duration": 0,
    "pid": 17844,
    "index": 52
  },
  {
    "name": "Require(44) node_modules/.3.0.5@egg-logrotator/app.js",
    "start": 1547028925083,
    "end": 1547028925083,
    "duration": 0,
    "pid": 17844,
    "index": 53
  },
  {
    "name": "Require(45) node_modules/.2.1.1@egg-static/app.js",
    "start": 1547028925083,
    "end": 1547028925083,
    "duration": 0,
    "pid": 17844,
    "index": 54
  },
  {
    "name": "Before Start in node_modules/.3.1.0@egg-watcher/lib/init.js:15:14",
    "start": 1547028925095,
    "end": 1547028926757,
    "duration": 1662,
    "pid": 17844,
    "index": 55
  },
  {
    "name": "Load Service",
    "start": 1547028925128,
    "end": 1547028925131,
    "duration": 3,
    "pid": 17844,
    "index": 56
  },
  {
    "name": "Load \"service\" to Context",
    "start": 1547028925128,
    "end": 1547028925131,
    "duration": 3,
    "pid": 17844,
    "index": 57
  },
  {
    "name": "Load Middleware",
    "start": 1547028925132,
    "end": 1547028925205,
    "duration": 73,
    "pid": 17844,
    "index": 58
  },
  {
    "name": "Load \"middlewares\" to Application",
    "start": 1547028925132,
    "end": 1547028925196,
    "duration": 64,
    "pid": 17844,
    "index": 59
  },
  {
    "name": "Load Controller",
    "start": 1547028925205,
    "end": 1547028926669,
    "duration": 1464,
    "pid": 17844,
    "index": 60
  },
  {
    "name": "Load \"controller\" to Application",
    "start": 1547028925205,
    "end": 1547028926669,
    "duration": 1464,
    "pid": 17844,
    "index": 61
  },
  {
    "name": "Load Router",
    "start": 1547028926669,
    "end": 1547028926671,
    "duration": 2,
    "pid": 17844,
    "index": 62
  },
  {
    "name": "Require(46) app/router.ts",
    "start": 1547028926669,
    "end": 1547028926669,
    "duration": 0,
    "pid": 17844,
    "index": 63
  },
  {
    "name": "Before Start in node_modules/.4.13.0@egg-core/lib/egg.js:287:10",
    "start": 1547028926670,
    "end": 1547028926679,
    "duration": 9,
    "pid": 17844,
    "index": 64
  }
]