[
  {
    "name": "Application Start",
    "start": 1547029311531,
    "end": 1547029313441,
    "duration": 1910,
    "pid": 16900,
    "index": 0
  },
  {
    "name": "Load Plugin",
    "start": 1547029311534,
    "end": 1547029311547,
    "duration": 13,
    "pid": 16900,
    "index": 1
  },
  {
    "name": "Load Config",
    "start": 1547029311547,
    "end": 1547029311560,
    "duration": 13,
    "pid": 16900,
    "index": 2
  },
  {
    "name": "Require(0) config/config.default.ts",
    "start": 1547029311548,
    "end": 1547029311548,
    "duration": 0,
    "pid": 16900,
    "index": 3
  },
  {
    "name": "Require(1) config/config.local.ts",
    "start": 1547029311549,
    "end": 1547029311549,
    "duration": 0,
    "pid": 16900,
    "index": 4
  },
  {
    "name": "Require(2) node_modules/.3.1.0@egg-session/config/config.default.js",
    "start": 1547029311550,
    "end": 1547029311550,
    "duration": 0,
    "pid": 16900,
    "index": 5
  },
  {
    "name": "Require(3) node_modules/.2.4.2@egg-security/config/config.default.js",
    "start": 1547029311550,
    "end": 1547029311550,
    "duration": 0,
    "pid": 16900,
    "index": 6
  },
  {
    "name": "Require(4) node_modules/.2.0.0@egg-jsonp/config/config.default.js",
    "start": 1547029311551,
    "end": 1547029311551,
    "duration": 0,
    "pid": 16900,
    "index": 7
  },
  {
    "name": "Require(5) node_modules/.2.1.0@egg-onerror/config/config.default.js",
    "start": 1547029311551,
    "end": 1547029311552,
    "duration": 1,
    "pid": 16900,
    "index": 8
  },
  {
    "name": "Require(6) node_modules/.2.0.0@egg-i18n/config/config.default.js",
    "start": 1547029311552,
    "end": 1547029311552,
    "duration": 0,
    "pid": 16900,
    "index": 9
  },
  {
    "name": "Require(7) node_modules/.3.1.0@egg-watcher/config/config.default.js",
    "start": 1547029311552,
    "end": 1547029311552,
    "duration": 0,
    "pid": 16900,
    "index": 10
  },
  {
    "name": "Require(8) node_modules/.3.6.0@egg-schedule/config/config.default.js",
    "start": 1547029311553,
    "end": 1547029311553,
    "duration": 0,
    "pid": 16900,
    "index": 11
  },
  {
    "name": "Require(9) node_modules/.2.4.0@egg-multipart/config/config.default.js",
    "start": 1547029311553,
    "end": 1547029311553,
    "duration": 0,
    "pid": 16900,
    "index": 12
  },
  {
    "name": "Require(10) node_modules/.2.4.1@egg-development/config/config.default.js",
    "start": 1547029311554,
    "end": 1547029311554,
    "duration": 0,
    "pid": 16900,
    "index": 13
  },
  {
    "name": "Require(11) node_modules/.3.0.5@egg-logrotator/config/config.default.js",
    "start": 1547029311554,
    "end": 1547029311554,
    "duration": 0,
    "pid": 16900,
    "index": 14
  },
  {
    "name": "Require(12) node_modules/.2.1.1@egg-static/config/config.default.js",
    "start": 1547029311555,
    "end": 1547029311555,
    "duration": 0,
    "pid": 16900,
    "index": 15
  },
  {
    "name": "Require(13) node_modules/.2.1.1@egg-view/config/config.default.js",
    "start": 1547029311555,
    "end": 1547029311555,
    "duration": 0,
    "pid": 16900,
    "index": 16
  },
  {
    "name": "Require(14) node_modules/.2.14.2@egg/config/config.default.js",
    "start": 1547029311556,
    "end": 1547029311556,
    "duration": 0,
    "pid": 16900,
    "index": 17
  },
  {
    "name": "Require(15) config/config.default.ts",
    "start": 1547029311557,
    "end": 1547029311557,
    "duration": 0,
    "pid": 16900,
    "index": 18
  },
  {
    "name": "Require(16) node_modules/.2.4.2@egg-security/config/config.local.js",
    "start": 1547029311557,
    "end": 1547029311557,
    "duration": 0,
    "pid": 16900,
    "index": 19
  },
  {
    "name": "Require(17) node_modules/.3.1.0@egg-watcher/config/config.local.js",
    "start": 1547029311558,
    "end": 1547029311559,
    "duration": 1,
    "pid": 16900,
    "index": 20
  },
  {
    "name": "Require(18) node_modules/.2.1.1@egg-view/config/config.local.js",
    "start": 1547029311559,
    "end": 1547029311559,
    "duration": 0,
    "pid": 16900,
    "index": 21
  },
  {
    "name": "Require(19) node_modules/.2.14.2@egg/config/config.local.js",
    "start": 1547029311560,
    "end": 1547029311560,
    "duration": 0,
    "pid": 16900,
    "index": 22
  },
  {
    "name": "Require(20) config/config.local.ts",
    "start": 1547029311560,
    "end": 1547029311560,
    "duration": 0,
    "pid": 16900,
    "index": 23
  },
  {
    "name": "Load extend/application.js",
    "start": 1547029311561,
    "end": 1547029311571,
    "duration": 10,
    "pid": 16900,
    "index": 24
  },
  {
    "name": "Require(21) node_modules/.3.1.0@egg-session/app/extend/application.js",
    "start": 1547029311561,
    "end": 1547029311562,
    "duration": 1,
    "pid": 16900,
    "index": 25
  },
  {
    "name": "Require(22) node_modules/.2.4.2@egg-security/app/extend/application.js",
    "start": 1547029311562,
    "end": 1547029311563,
    "duration": 1,
    "pid": 16900,
    "index": 26
  },
  {
    "name": "Require(23) node_modules/.2.0.0@egg-jsonp/app/extend/application.js",
    "start": 1547029311563,
    "end": 1547029311564,
    "duration": 1,
    "pid": 16900,
    "index": 27
  },
  {
    "name": "Require(24) node_modules/.3.0.5@egg-logrotator/app/extend/application.js",
    "start": 1547029311565,
    "end": 1547029311567,
    "duration": 2,
    "pid": 16900,
    "index": 28
  },
  {
    "name": "Require(25) node_modules/.2.1.1@egg-view/app/extend/application.js",
    "start": 1547029311568,
    "end": 1547029311569,
    "duration": 1,
    "pid": 16900,
    "index": 29
  },
  {
    "name": "Load extend/request.js",
    "start": 1547029311571,
    "end": 1547029311575,
    "duration": 4,
    "pid": 16900,
    "index": 30
  },
  {
    "name": "Require(26) node_modules/.2.14.2@egg/app/extend/request.js",
    "start": 1547029311572,
    "end": 1547029311574,
    "duration": 2,
    "pid": 16900,
    "index": 31
  },
  {
    "name": "Load extend/response.js",
    "start": 1547029311575,
    "end": 1547029311580,
    "duration": 5,
    "pid": 16900,
    "index": 32
  },
  {
    "name": "Require(27) node_modules/.2.14.2@egg/app/extend/response.js",
    "start": 1547029311577,
    "end": 1547029311579,
    "duration": 2,
    "pid": 16900,
    "index": 33
  },
  {
    "name": "Load extend/context.js",
    "start": 1547029311580,
    "end": 1547029311638,
    "duration": 58,
    "pid": 16900,
    "index": 34
  },
  {
    "name": "Require(28) node_modules/.2.4.2@egg-security/app/extend/context.js",
    "start": 1547029311581,
    "end": 1547029311593,
    "duration": 12,
    "pid": 16900,
    "index": 35
  },
  {
    "name": "Require(29) node_modules/.2.0.0@egg-jsonp/app/extend/context.js",
    "start": 1547029311593,
    "end": 1547029311594,
    "duration": 1,
    "pid": 16900,
    "index": 36
  },
  {
    "name": "Require(30) node_modules/.2.0.0@egg-i18n/app/extend/context.js",
    "start": 1547029311594,
    "end": 1547029311595,
    "duration": 1,
    "pid": 16900,
    "index": 37
  },
  {
    "name": "Require(31) node_modules/.2.4.0@egg-multipart/app/extend/context.js",
    "start": 1547029311595,
    "end": 1547029311633,
    "duration": 38,
    "pid": 16900,
    "index": 38
  },
  {
    "name": "Require(32) node_modules/.2.1.1@egg-view/app/extend/context.js",
    "start": 1547029311634,
    "end": 1547029311634,
    "duration": 0,
    "pid": 16900,
    "index": 39
  },
  {
    "name": "Require(33) node_modules/.2.14.2@egg/app/extend/context.js",
    "start": 1547029311634,
    "end": 1547029311636,
    "duration": 2,
    "pid": 16900,
    "index": 40
  },
  {
    "name": "Load extend/helper.js",
    "start": 1547029311638,
    "end": 1547029311652,
    "duration": 14,
    "pid": 16900,
    "index": 41
  },
  {
    "name": "Require(34) node_modules/.2.4.2@egg-security/app/extend/helper.js",
    "start": 1547029311638,
    "end": 1547029311648,
    "duration": 10,
    "pid": 16900,
    "index": 42
  },
  {
    "name": "Require(35) node_modules/.2.14.2@egg/app/extend/helper.js",
    "start": 1547029311650,
    "end": 1547029311650,
    "duration": 0,
    "pid": 16900,
    "index": 43
  },
  {
    "name": "Load app.js",
    "start": 1547029311653,
    "end": 1547029311679,
    "duration": 26,
    "pid": 16900,
    "index": 44
  },
  {
    "name": "Require(36) node_modules/.3.1.0@egg-session/app.js",
    "start": 1547029311655,
    "end": 1547029311655,
    "duration": 0,
    "pid": 16900,
    "index": 45
  },
  {
    "name": "Require(37) node_modules/.2.4.2@egg-security/app.js",
    "start": 1547029311655,
    "end": 1547029311657,
    "duration": 2,
    "pid": 16900,
    "index": 46
  },
  {
    "name": "Require(38) node_modules/.2.1.0@egg-onerror/app.js",
    "start": 1547029311657,
    "end": 1547029311665,
    "duration": 8,
    "pid": 16900,
    "index": 47
  },
  {
    "name": "Require(39) node_modules/.2.0.0@egg-i18n/app.js",
    "start": 1547029311665,
    "end": 1547029311670,
    "duration": 5,
    "pid": 16900,
    "index": 48
  },
  {
    "name": "Require(40) node_modules/.3.1.0@egg-watcher/app.js",
    "start": 1547029311670,
    "end": 1547029311673,
    "duration": 3,
    "pid": 16900,
    "index": 49
  },
  {
    "name": "Require(41) node_modules/.3.6.0@egg-schedule/app.js",
    "start": 1547029311673,
    "end": 1547029311675,
    "duration": 2,
    "pid": 16900,
    "index": 50
  },
  {
    "name": "Require(42) node_modules/.2.4.0@egg-multipart/app.js",
    "start": 1547029311675,
    "end": 1547029311677,
    "duration": 2,
    "pid": 16900,
    "index": 51
  },
  {
    "name": "Require(43) node_modules/.2.4.1@egg-development/app.js",
    "start": 1547029311677,
    "end": 1547029311677,
    "duration": 0,
    "pid": 16900,
    "index": 52
  },
  {
    "name": "Require(44) node_modules/.3.0.5@egg-logrotator/app.js",
    "start": 1547029311677,
    "end": 1547029311678,
    "duration": 1,
    "pid": 16900,
    "index": 53
  },
  {
    "name": "Require(45) node_modules/.2.1.1@egg-static/app.js",
    "start": 1547029311678,
    "end": 1547029311678,
    "duration": 0,
    "pid": 16900,
    "index": 54
  },
  {
    "name": "Before Start in node_modules/.3.1.0@egg-watcher/lib/init.js:15:14",
    "start": 1547029311691,
    "end": 1547029313440,
    "duration": 1749,
    "pid": 16900,
    "index": 55
  },
  {
    "name": "Load Service",
    "start": 1547029311726,
    "end": 1547029311730,
    "duration": 4,
    "pid": 16900,
    "index": 56
  },
  {
    "name": "Load \"service\" to Context",
    "start": 1547029311726,
    "end": 1547029311730,
    "duration": 4,
    "pid": 16900,
    "index": 57
  },
  {
    "name": "Load Middleware",
    "start": 1547029311730,
    "end": 1547029311815,
    "duration": 85,
    "pid": 16900,
    "index": 58
  },
  {
    "name": "Load \"middlewares\" to Application",
    "start": 1547029311730,
    "end": 1547029311802,
    "duration": 72,
    "pid": 16900,
    "index": 59
  },
  {
    "name": "Load Controller",
    "start": 1547029311815,
    "end": 1547029313350,
    "duration": 1535,
    "pid": 16900,
    "index": 60
  },
  {
    "name": "Load \"controller\" to Application",
    "start": 1547029311815,
    "end": 1547029313350,
    "duration": 1535,
    "pid": 16900,
    "index": 61
  },
  {
    "name": "Load Router",
    "start": 1547029313350,
    "end": 1547029313352,
    "duration": 2,
    "pid": 16900,
    "index": 62
  },
  {
    "name": "Require(46) app/router.ts",
    "start": 1547029313350,
    "end": 1547029313350,
    "duration": 0,
    "pid": 16900,
    "index": 63
  },
  {
    "name": "Before Start in node_modules/.4.13.0@egg-core/lib/egg.js:287:10",
    "start": 1547029313351,
    "end": 1547029313361,
    "duration": 10,
    "pid": 16900,
    "index": 64
  }
]