[
  {
    "name": "Application Start",
    "start": 1547025671259,
    "end": 1547025671591,
    "duration": 332,
    "pid": 21176,
    "index": 0
  },
  {
    "name": "Load Plugin",
    "start": 1547025671262,
    "end": 1547025671278,
    "duration": 16,
    "pid": 21176,
    "index": 1
  },
  {
    "name": "Load Config",
    "start": 1547025671278,
    "end": 1547025671291,
    "duration": 13,
    "pid": 21176,
    "index": 2
  },
  {
    "name": "Require(0) config/config.default.ts",
    "start": 1547025671278,
    "end": 1547025671279,
    "duration": 1,
    "pid": 21176,
    "index": 3
  },
  {
    "name": "Require(1) config/config.local.ts",
    "start": 1547025671280,
    "end": 1547025671280,
    "duration": 0,
    "pid": 21176,
    "index": 4
  },
  {
    "name": "Require(2) node_modules/.3.1.0@egg-session/config/config.default.js",
    "start": 1547025671280,
    "end": 1547025671281,
    "duration": 1,
    "pid": 21176,
    "index": 5
  },
  {
    "name": "Require(3) node_modules/.2.4.2@egg-security/config/config.default.js",
    "start": 1547025671281,
    "end": 1547025671281,
    "duration": 0,
    "pid": 21176,
    "index": 6
  },
  {
    "name": "Require(4) node_modules/.2.0.0@egg-jsonp/config/config.default.js",
    "start": 1547025671282,
    "end": 1547025671282,
    "duration": 0,
    "pid": 21176,
    "index": 7
  },
  {
    "name": "Require(5) node_modules/.2.1.0@egg-onerror/config/config.default.js",
    "start": 1547025671282,
    "end": 1547025671282,
    "duration": 0,
    "pid": 21176,
    "index": 8
  },
  {
    "name": "Require(6) node_modules/.2.0.0@egg-i18n/config/config.default.js",
    "start": 1547025671283,
    "end": 1547025671283,
    "duration": 0,
    "pid": 21176,
    "index": 9
  },
  {
    "name": "Require(7) node_modules/.3.1.0@egg-watcher/config/config.default.js",
    "start": 1547025671284,
    "end": 1547025671284,
    "duration": 0,
    "pid": 21176,
    "index": 10
  },
  {
    "name": "Require(8) node_modules/.3.6.0@egg-schedule/config/config.default.js",
    "start": 1547025671284,
    "end": 1547025671284,
    "duration": 0,
    "pid": 21176,
    "index": 11
  },
  {
    "name": "Require(9) node_modules/.2.4.0@egg-multipart/config/config.default.js",
    "start": 1547025671285,
    "end": 1547025671285,
    "duration": 0,
    "pid": 21176,
    "index": 12
  },
  {
    "name": "Require(10) node_modules/.2.4.1@egg-development/config/config.default.js",
    "start": 1547025671285,
    "end": 1547025671286,
    "duration": 1,
    "pid": 21176,
    "index": 13
  },
  {
    "name": "Require(11) node_modules/.3.0.5@egg-logrotator/config/config.default.js",
    "start": 1547025671286,
    "end": 1547025671286,
    "duration": 0,
    "pid": 21176,
    "index": 14
  },
  {
    "name": "Require(12) node_modules/.2.1.1@egg-static/config/config.default.js",
    "start": 1547025671286,
    "end": 1547025671286,
    "duration": 0,
    "pid": 21176,
    "index": 15
  },
  {
    "name": "Require(13) node_modules/.2.1.1@egg-view/config/config.default.js",
    "start": 1547025671287,
    "end": 1547025671287,
    "duration": 0,
    "pid": 21176,
    "index": 16
  },
  {
    "name": "Require(14) node_modules/.2.14.2@egg/config/config.default.js",
    "start": 1547025671287,
    "end": 1547025671288,
    "duration": 1,
    "pid": 21176,
    "index": 17
  },
  {
    "name": "Require(15) config/config.default.ts",
    "start": 1547025671289,
    "end": 1547025671289,
    "duration": 0,
    "pid": 21176,
    "index": 18
  },
  {
    "name": "Require(16) node_modules/.2.4.2@egg-security/config/config.local.js",
    "start": 1547025671289,
    "end": 1547025671289,
    "duration": 0,
    "pid": 21176,
    "index": 19
  },
  {
    "name": "Require(17) node_modules/.3.1.0@egg-watcher/config/config.local.js",
    "start": 1547025671290,
    "end": 1547025671290,
    "duration": 0,
    "pid": 21176,
    "index": 20
  },
  {
    "name": "Require(18) node_modules/.2.1.1@egg-view/config/config.local.js",
    "start": 1547025671291,
    "end": 1547025671291,
    "duration": 0,
    "pid": 21176,
    "index": 21
  },
  {
    "name": "Require(19) node_modules/.2.14.2@egg/config/config.local.js",
    "start": 1547025671291,
    "end": 1547025671291,
    "duration": 0,
    "pid": 21176,
    "index": 22
  },
  {
    "name": "Require(20) config/config.local.ts",
    "start": 1547025671291,
    "end": 1547025671291,
    "duration": 0,
    "pid": 21176,
    "index": 23
  },
  {
    "name": "Load extend/application.js",
    "start": 1547025671293,
    "end": 1547025671302,
    "duration": 9,
    "pid": 21176,
    "index": 24
  },
  {
    "name": "Require(21) node_modules/.3.1.0@egg-session/app/extend/application.js",
    "start": 1547025671293,
    "end": 1547025671293,
    "duration": 0,
    "pid": 21176,
    "index": 25
  },
  {
    "name": "Require(22) node_modules/.2.4.2@egg-security/app/extend/application.js",
    "start": 1547025671293,
    "end": 1547025671294,
    "duration": 1,
    "pid": 21176,
    "index": 26
  },
  {
    "name": "Require(23) node_modules/.2.0.0@egg-jsonp/app/extend/application.js",
    "start": 1547025671294,
    "end": 1547025671295,
    "duration": 1,
    "pid": 21176,
    "index": 27
  },
  {
    "name": "Require(24) node_modules/.3.0.5@egg-logrotator/app/extend/application.js",
    "start": 1547025671296,
    "end": 1547025671299,
    "duration": 3,
    "pid": 21176,
    "index": 28
  },
  {
    "name": "Require(25) node_modules/.2.1.1@egg-view/app/extend/application.js",
    "start": 1547025671299,
    "end": 1547025671300,
    "duration": 1,
    "pid": 21176,
    "index": 29
  },
  {
    "name": "Load extend/request.js",
    "start": 1547025671302,
    "end": 1547025671307,
    "duration": 5,
    "pid": 21176,
    "index": 30
  },
  {
    "name": "Require(26) node_modules/.2.14.2@egg/app/extend/request.js",
    "start": 1547025671304,
    "end": 1547025671305,
    "duration": 1,
    "pid": 21176,
    "index": 31
  },
  {
    "name": "Load extend/response.js",
    "start": 1547025671307,
    "end": 1547025671313,
    "duration": 6,
    "pid": 21176,
    "index": 32
  },
  {
    "name": "Require(27) node_modules/.2.14.2@egg/app/extend/response.js",
    "start": 1547025671309,
    "end": 1547025671311,
    "duration": 2,
    "pid": 21176,
    "index": 33
  },
  {
    "name": "Load extend/context.js",
    "start": 1547025671313,
    "end": 1547025671367,
    "duration": 54,
    "pid": 21176,
    "index": 34
  },
  {
    "name": "Require(28) node_modules/.2.4.2@egg-security/app/extend/context.js",
    "start": 1547025671313,
    "end": 1547025671323,
    "duration": 10,
    "pid": 21176,
    "index": 35
  },
  {
    "name": "Require(29) node_modules/.2.0.0@egg-jsonp/app/extend/context.js",
    "start": 1547025671323,
    "end": 1547025671324,
    "duration": 1,
    "pid": 21176,
    "index": 36
  },
  {
    "name": "Require(30) node_modules/.2.0.0@egg-i18n/app/extend/context.js",
    "start": 1547025671324,
    "end": 1547025671325,
    "duration": 1,
    "pid": 21176,
    "index": 37
  },
  {
    "name": "Require(31) node_modules/.2.4.0@egg-multipart/app/extend/context.js",
    "start": 1547025671325,
    "end": 1547025671363,
    "duration": 38,
    "pid": 21176,
    "index": 38
  },
  {
    "name": "Require(32) node_modules/.2.1.1@egg-view/app/extend/context.js",
    "start": 1547025671363,
    "end": 1547025671364,
    "duration": 1,
    "pid": 21176,
    "index": 39
  },
  {
    "name": "Require(33) node_modules/.2.14.2@egg/app/extend/context.js",
    "start": 1547025671364,
    "end": 1547025671366,
    "duration": 2,
    "pid": 21176,
    "index": 40
  },
  {
    "name": "Load extend/helper.js",
    "start": 1547025671367,
    "end": 1547025671384,
    "duration": 17,
    "pid": 21176,
    "index": 41
  },
  {
    "name": "Require(34) node_modules/.2.4.2@egg-security/app/extend/helper.js",
    "start": 1547025671368,
    "end": 1547025671380,
    "duration": 12,
    "pid": 21176,
    "index": 42
  },
  {
    "name": "Require(35) node_modules/.2.14.2@egg/app/extend/helper.js",
    "start": 1547025671382,
    "end": 1547025671382,
    "duration": 0,
    "pid": 21176,
    "index": 43
  },
  {
    "name": "Load app.js",
    "start": 1547025671385,
    "end": 1547025671413,
    "duration": 28,
    "pid": 21176,
    "index": 44
  },
  {
    "name": "Require(36) node_modules/.3.1.0@egg-session/app.js",
    "start": 1547025671385,
    "end": 1547025671385,
    "duration": 0,
    "pid": 21176,
    "index": 45
  },
  {
    "name": "Require(37) node_modules/.2.4.2@egg-security/app.js",
    "start": 1547025671386,
    "end": 1547025671387,
    "duration": 1,
    "pid": 21176,
    "index": 46
  },
  {
    "name": "Require(38) node_modules/.2.1.0@egg-onerror/app.js",
    "start": 1547025671387,
    "end": 1547025671396,
    "duration": 9,
    "pid": 21176,
    "index": 47
  },
  {
    "name": "Require(39) node_modules/.2.0.0@egg-i18n/app.js",
    "start": 1547025671397,
    "end": 1547025671402,
    "duration": 5,
    "pid": 21176,
    "index": 48
  },
  {
    "name": "Require(40) node_modules/.3.1.0@egg-watcher/app.js",
    "start": 1547025671402,
    "end": 1547025671406,
    "duration": 4,
    "pid": 21176,
    "index": 49
  },
  {
    "name": "Require(41) node_modules/.3.6.0@egg-schedule/app.js",
    "start": 1547025671406,
    "end": 1547025671408,
    "duration": 2,
    "pid": 21176,
    "index": 50
  },
  {
    "name": "Require(42) node_modules/.2.4.0@egg-multipart/app.js",
    "start": 1547025671408,
    "end": 1547025671410,
    "duration": 2,
    "pid": 21176,
    "index": 51
  },
  {
    "name": "Require(43) node_modules/.2.4.1@egg-development/app.js",
    "start": 1547025671410,
    "end": 1547025671410,
    "duration": 0,
    "pid": 21176,
    "index": 52
  },
  {
    "name": "Require(44) node_modules/.3.0.5@egg-logrotator/app.js",
    "start": 1547025671411,
    "end": 1547025671411,
    "duration": 0,
    "pid": 21176,
    "index": 53
  },
  {
    "name": "Require(45) node_modules/.2.1.1@egg-static/app.js",
    "start": 1547025671412,
    "end": 1547025671412,
    "duration": 0,
    "pid": 21176,
    "index": 54
  },
  {
    "name": "Before Start in node_modules/.3.1.0@egg-watcher/lib/init.js:15:14",
    "start": 1547025671422,
    "end": 1547025671567,
    "duration": 145,
    "pid": 21176,
    "index": 55
  },
  {
    "name": "Load Service",
    "start": 1547025671454,
    "end": 1547025671457,
    "duration": 3,
    "pid": 21176,
    "index": 56
  },
  {
    "name": "Load \"service\" to Context",
    "start": 1547025671454,
    "end": 1547025671457,
    "duration": 3,
    "pid": 21176,
    "index": 57
  },
  {
    "name": "Load Middleware",
    "start": 1547025671457,
    "end": 1547025671543,
    "duration": 86,
    "pid": 21176,
    "index": 58
  },
  {
    "name": "Load \"middlewares\" to Application",
    "start": 1547025671457,
    "end": 1547025671534,
    "duration": 77,
    "pid": 21176,
    "index": 59
  },
  {
    "name": "Load Controller",
    "start": 1547025671543,
    "end": 1547025671545,
    "duration": 2,
    "pid": 21176,
    "index": 60
  },
  {
    "name": "Load \"controller\" to Application",
    "start": 1547025671543,
    "end": 1547025671545,
    "duration": 2,
    "pid": 21176,
    "index": 61
  },
  {
    "name": "Load Router",
    "start": 1547025671546,
    "end": 1547025671550,
    "duration": 4,
    "pid": 21176,
    "index": 62
  },
  {
    "name": "Require(46) app/router.ts",
    "start": 1547025671546,
    "end": 1547025671546,
    "duration": 0,
    "pid": 21176,
    "index": 63
  },
  {
    "name": "Before Start in node_modules/.4.13.0@egg-core/lib/egg.js:287:10",
    "start": 1547025671546,
    "end": 1547025671558,
    "duration": 12,
    "pid": 21176,
    "index": 64
  }
]