[
  {
    "name": "Application Start",
    "start": 1547028347312,
    "end": 1547028349269,
    "duration": 1957,
    "pid": 6028,
    "index": 0
  },
  {
    "name": "Load Plugin",
    "start": 1547028347318,
    "end": 1547028347332,
    "duration": 14,
    "pid": 6028,
    "index": 1
  },
  {
    "name": "Load Config",
    "start": 1547028347332,
    "end": 1547028347345,
    "duration": 13,
    "pid": 6028,
    "index": 2
  },
  {
    "name": "Require(0) config/config.default.ts",
    "start": 1547028347333,
    "end": 1547028347333,
    "duration": 0,
    "pid": 6028,
    "index": 3
  },
  {
    "name": "Require(1) config/config.local.ts",
    "start": 1547028347334,
    "end": 1547028347334,
    "duration": 0,
    "pid": 6028,
    "index": 4
  },
  {
    "name": "Require(2) node_modules/.3.1.0@egg-session/config/config.default.js",
    "start": 1547028347335,
    "end": 1547028347335,
    "duration": 0,
    "pid": 6028,
    "index": 5
  },
  {
    "name": "Require(3) node_modules/.2.4.2@egg-security/config/config.default.js",
    "start": 1547028347335,
    "end": 1547028347336,
    "duration": 1,
    "pid": 6028,
    "index": 6
  },
  {
    "name": "Require(4) node_modules/.2.0.0@egg-jsonp/config/config.default.js",
    "start": 1547028347336,
    "end": 1547028347337,
    "duration": 1,
    "pid": 6028,
    "index": 7
  },
  {
    "name": "Require(5) node_modules/.2.1.0@egg-onerror/config/config.default.js",
    "start": 1547028347337,
    "end": 1547028347337,
    "duration": 0,
    "pid": 6028,
    "index": 8
  },
  {
    "name": "Require(6) node_modules/.2.0.0@egg-i18n/config/config.default.js",
    "start": 1547028347337,
    "end": 1547028347337,
    "duration": 0,
    "pid": 6028,
    "index": 9
  },
  {
    "name": "Require(7) node_modules/.3.1.0@egg-watcher/config/config.default.js",
    "start": 1547028347338,
    "end": 1547028347338,
    "duration": 0,
    "pid": 6028,
    "index": 10
  },
  {
    "name": "Require(8) node_modules/.3.6.0@egg-schedule/config/config.default.js",
    "start": 1547028347338,
    "end": 1547028347338,
    "duration": 0,
    "pid": 6028,
    "index": 11
  },
  {
    "name": "Require(9) node_modules/.2.4.0@egg-multipart/config/config.default.js",
    "start": 1547028347339,
    "end": 1547028347339,
    "duration": 0,
    "pid": 6028,
    "index": 12
  },
  {
    "name": "Require(10) node_modules/.2.4.1@egg-development/config/config.default.js",
    "start": 1547028347340,
    "end": 1547028347340,
    "duration": 0,
    "pid": 6028,
    "index": 13
  },
  {
    "name": "Require(11) node_modules/.3.0.5@egg-logrotator/config/config.default.js",
    "start": 1547028347340,
    "end": 1547028347340,
    "duration": 0,
    "pid": 6028,
    "index": 14
  },
  {
    "name": "Require(12) node_modules/.2.1.1@egg-static/config/config.default.js",
    "start": 1547028347340,
    "end": 1547028347341,
    "duration": 1,
    "pid": 6028,
    "index": 15
  },
  {
    "name": "Require(13) node_modules/.2.1.1@egg-view/config/config.default.js",
    "start": 1547028347341,
    "end": 1547028347341,
    "duration": 0,
    "pid": 6028,
    "index": 16
  },
  {
    "name": "Require(14) node_modules/.2.14.2@egg/config/config.default.js",
    "start": 1547028347341,
    "end": 1547028347342,
    "duration": 1,
    "pid": 6028,
    "index": 17
  },
  {
    "name": "Require(15) config/config.default.ts",
    "start": 1547028347343,
    "end": 1547028347343,
    "duration": 0,
    "pid": 6028,
    "index": 18
  },
  {
    "name": "Require(16) node_modules/.2.4.2@egg-security/config/config.local.js",
    "start": 1547028347343,
    "end": 1547028347343,
    "duration": 0,
    "pid": 6028,
    "index": 19
  },
  {
    "name": "Require(17) node_modules/.3.1.0@egg-watcher/config/config.local.js",
    "start": 1547028347344,
    "end": 1547028347344,
    "duration": 0,
    "pid": 6028,
    "index": 20
  },
  {
    "name": "Require(18) node_modules/.2.1.1@egg-view/config/config.local.js",
    "start": 1547028347345,
    "end": 1547028347345,
    "duration": 0,
    "pid": 6028,
    "index": 21
  },
  {
    "name": "Require(19) node_modules/.2.14.2@egg/config/config.local.js",
    "start": 1547028347345,
    "end": 1547028347345,
    "duration": 0,
    "pid": 6028,
    "index": 22
  },
  {
    "name": "Require(20) config/config.local.ts",
    "start": 1547028347345,
    "end": 1547028347345,
    "duration": 0,
    "pid": 6028,
    "index": 23
  },
  {
    "name": "Load extend/application.js",
    "start": 1547028347346,
    "end": 1547028347356,
    "duration": 10,
    "pid": 6028,
    "index": 24
  },
  {
    "name": "Require(21) node_modules/.3.1.0@egg-session/app/extend/application.js",
    "start": 1547028347347,
    "end": 1547028347347,
    "duration": 0,
    "pid": 6028,
    "index": 25
  },
  {
    "name": "Require(22) node_modules/.2.4.2@egg-security/app/extend/application.js",
    "start": 1547028347347,
    "end": 1547028347348,
    "duration": 1,
    "pid": 6028,
    "index": 26
  },
  {
    "name": "Require(23) node_modules/.2.0.0@egg-jsonp/app/extend/application.js",
    "start": 1547028347348,
    "end": 1547028347349,
    "duration": 1,
    "pid": 6028,
    "index": 27
  },
  {
    "name": "Require(24) node_modules/.3.0.5@egg-logrotator/app/extend/application.js",
    "start": 1547028347350,
    "end": 1547028347352,
    "duration": 2,
    "pid": 6028,
    "index": 28
  },
  {
    "name": "Require(25) node_modules/.2.1.1@egg-view/app/extend/application.js",
    "start": 1547028347352,
    "end": 1547028347354,
    "duration": 2,
    "pid": 6028,
    "index": 29
  },
  {
    "name": "Load extend/request.js",
    "start": 1547028347356,
    "end": 1547028347360,
    "duration": 4,
    "pid": 6028,
    "index": 30
  },
  {
    "name": "Require(26) node_modules/.2.14.2@egg/app/extend/request.js",
    "start": 1547028347357,
    "end": 1547028347359,
    "duration": 2,
    "pid": 6028,
    "index": 31
  },
  {
    "name": "Load extend/response.js",
    "start": 1547028347360,
    "end": 1547028347366,
    "duration": 6,
    "pid": 6028,
    "index": 32
  },
  {
    "name": "Require(27) node_modules/.2.14.2@egg/app/extend/response.js",
    "start": 1547028347362,
    "end": 1547028347364,
    "duration": 2,
    "pid": 6028,
    "index": 33
  },
  {
    "name": "Load extend/context.js",
    "start": 1547028347366,
    "end": 1547028347423,
    "duration": 57,
    "pid": 6028,
    "index": 34
  },
  {
    "name": "Require(28) node_modules/.2.4.2@egg-security/app/extend/context.js",
    "start": 1547028347367,
    "end": 1547028347379,
    "duration": 12,
    "pid": 6028,
    "index": 35
  },
  {
    "name": "Require(29) node_modules/.2.0.0@egg-jsonp/app/extend/context.js",
    "start": 1547028347379,
    "end": 1547028347380,
    "duration": 1,
    "pid": 6028,
    "index": 36
  },
  {
    "name": "Require(30) node_modules/.2.0.0@egg-i18n/app/extend/context.js",
    "start": 1547028347381,
    "end": 1547028347381,
    "duration": 0,
    "pid": 6028,
    "index": 37
  },
  {
    "name": "Require(31) node_modules/.2.4.0@egg-multipart/app/extend/context.js",
    "start": 1547028347381,
    "end": 1547028347419,
    "duration": 38,
    "pid": 6028,
    "index": 38
  },
  {
    "name": "Require(32) node_modules/.2.1.1@egg-view/app/extend/context.js",
    "start": 1547028347419,
    "end": 1547028347420,
    "duration": 1,
    "pid": 6028,
    "index": 39
  },
  {
    "name": "Require(33) node_modules/.2.14.2@egg/app/extend/context.js",
    "start": 1547028347420,
    "end": 1547028347421,
    "duration": 1,
    "pid": 6028,
    "index": 40
  },
  {
    "name": "Load extend/helper.js",
    "start": 1547028347423,
    "end": 1547028347438,
    "duration": 15,
    "pid": 6028,
    "index": 41
  },
  {
    "name": "Require(34) node_modules/.2.4.2@egg-security/app/extend/helper.js",
    "start": 1547028347423,
    "end": 1547028347435,
    "duration": 12,
    "pid": 6028,
    "index": 42
  },
  {
    "name": "Require(35) node_modules/.2.14.2@egg/app/extend/helper.js",
    "start": 1547028347436,
    "end": 1547028347436,
    "duration": 0,
    "pid": 6028,
    "index": 43
  },
  {
    "name": "Load app.js",
    "start": 1547028347438,
    "end": 1547028347462,
    "duration": 24,
    "pid": 6028,
    "index": 44
  },
  {
    "name": "Require(36) node_modules/.3.1.0@egg-session/app.js",
    "start": 1547028347438,
    "end": 1547028347438,
    "duration": 0,
    "pid": 6028,
    "index": 45
  },
  {
    "name": "Require(37) node_modules/.2.4.2@egg-security/app.js",
    "start": 1547028347438,
    "end": 1547028347440,
    "duration": 2,
    "pid": 6028,
    "index": 46
  },
  {
    "name": "Require(38) node_modules/.2.1.0@egg-onerror/app.js",
    "start": 1547028347440,
    "end": 1547028347448,
    "duration": 8,
    "pid": 6028,
    "index": 47
  },
  {
    "name": "Require(39) node_modules/.2.0.0@egg-i18n/app.js",
    "start": 1547028347448,
    "end": 1547028347453,
    "duration": 5,
    "pid": 6028,
    "index": 48
  },
  {
    "name": "Require(40) node_modules/.3.1.0@egg-watcher/app.js",
    "start": 1547028347453,
    "end": 1547028347456,
    "duration": 3,
    "pid": 6028,
    "index": 49
  },
  {
    "name": "Require(41) node_modules/.3.6.0@egg-schedule/app.js",
    "start": 1547028347456,
    "end": 1547028347457,
    "duration": 1,
    "pid": 6028,
    "index": 50
  },
  {
    "name": "Require(42) node_modules/.2.4.0@egg-multipart/app.js",
    "start": 1547028347458,
    "end": 1547028347460,
    "duration": 2,
    "pid": 6028,
    "index": 51
  },
  {
    "name": "Require(43) node_modules/.2.4.1@egg-development/app.js",
    "start": 1547028347460,
    "end": 1547028347460,
    "duration": 0,
    "pid": 6028,
    "index": 52
  },
  {
    "name": "Require(44) node_modules/.3.0.5@egg-logrotator/app.js",
    "start": 1547028347460,
    "end": 1547028347461,
    "duration": 1,
    "pid": 6028,
    "index": 53
  },
  {
    "name": "Require(45) node_modules/.2.1.1@egg-static/app.js",
    "start": 1547028347461,
    "end": 1547028347461,
    "duration": 0,
    "pid": 6028,
    "index": 54
  },
  {
    "name": "Before Start in node_modules/.3.1.0@egg-watcher/lib/init.js:15:14",
    "start": 1547028347470,
    "end": 1547028349269,
    "duration": 1799,
    "pid": 6028,
    "index": 55
  },
  {
    "name": "Load Service",
    "start": 1547028347503,
    "end": 1547028347506,
    "duration": 3,
    "pid": 6028,
    "index": 56
  },
  {
    "name": "Load \"service\" to Context",
    "start": 1547028347503,
    "end": 1547028347506,
    "duration": 3,
    "pid": 6028,
    "index": 57
  },
  {
    "name": "Load Middleware",
    "start": 1547028347506,
    "end": 1547028347578,
    "duration": 72,
    "pid": 6028,
    "index": 58
  },
  {
    "name": "Load \"middlewares\" to Application",
    "start": 1547028347506,
    "end": 1547028347570,
    "duration": 64,
    "pid": 6028,
    "index": 59
  },
  {
    "name": "Load Controller",
    "start": 1547028347578,
    "end": 1547028349170,
    "duration": 1592,
    "pid": 6028,
    "index": 60
  },
  {
    "name": "Load \"controller\" to Application",
    "start": 1547028347578,
    "end": 1547028349170,
    "duration": 1592,
    "pid": 6028,
    "index": 61
  },
  {
    "name": "Load Router",
    "start": 1547028349170,
    "end": 1547028349172,
    "duration": 2,
    "pid": 6028,
    "index": 62
  },
  {
    "name": "Require(46) app/router.ts",
    "start": 1547028349171,
    "end": 1547028349171,
    "duration": 0,
    "pid": 6028,
    "index": 63
  },
  {
    "name": "Before Start in node_modules/.4.13.0@egg-core/lib/egg.js:287:10",
    "start": 1547028349171,
    "end": 1547028349186,
    "duration": 15,
    "pid": 6028,
    "index": 64
  }
]