[
  {
    "name": "Application Start",
    "start": 1547025536774,
    "end": 1547025538736,
    "duration": 1962,
    "pid": 19460,
    "index": 0
  },
  {
    "name": "Load Plugin",
    "start": 1547025536778,
    "end": 1547025536791,
    "duration": 13,
    "pid": 19460,
    "index": 1
  },
  {
    "name": "Load Config",
    "start": 1547025536791,
    "end": 1547025536804,
    "duration": 13,
    "pid": 19460,
    "index": 2
  },
  {
    "name": "Require(0) config/config.default.ts",
    "start": 1547025536792,
    "end": 1547025536792,
    "duration": 0,
    "pid": 19460,
    "index": 3
  },
  {
    "name": "Require(1) config/config.local.ts",
    "start": 1547025536793,
    "end": 1547025536793,
    "duration": 0,
    "pid": 19460,
    "index": 4
  },
  {
    "name": "Require(2) node_modules/.3.1.0@egg-session/config/config.default.js",
    "start": 1547025536794,
    "end": 1547025536794,
    "duration": 0,
    "pid": 19460,
    "index": 5
  },
  {
    "name": "Require(3) node_modules/.2.4.2@egg-security/config/config.default.js",
    "start": 1547025536794,
    "end": 1547025536794,
    "duration": 0,
    "pid": 19460,
    "index": 6
  },
  {
    "name": "Require(4) node_modules/.2.0.0@egg-jsonp/config/config.default.js",
    "start": 1547025536795,
    "end": 1547025536795,
    "duration": 0,
    "pid": 19460,
    "index": 7
  },
  {
    "name": "Require(5) node_modules/.2.1.0@egg-onerror/config/config.default.js",
    "start": 1547025536795,
    "end": 1547025536795,
    "duration": 0,
    "pid": 19460,
    "index": 8
  },
  {
    "name": "Require(6) node_modules/.2.0.0@egg-i18n/config/config.default.js",
    "start": 1547025536796,
    "end": 1547025536796,
    "duration": 0,
    "pid": 19460,
    "index": 9
  },
  {
    "name": "Require(7) node_modules/.3.1.0@egg-watcher/config/config.default.js",
    "start": 1547025536796,
    "end": 1547025536796,
    "duration": 0,
    "pid": 19460,
    "index": 10
  },
  {
    "name": "Require(8) node_modules/.3.6.0@egg-schedule/config/config.default.js",
    "start": 1547025536797,
    "end": 1547025536797,
    "duration": 0,
    "pid": 19460,
    "index": 11
  },
  {
    "name": "Require(9) node_modules/.2.4.0@egg-multipart/config/config.default.js",
    "start": 1547025536797,
    "end": 1547025536797,
    "duration": 0,
    "pid": 19460,
    "index": 12
  },
  {
    "name": "Require(10) node_modules/.2.4.1@egg-development/config/config.default.js",
    "start": 1547025536798,
    "end": 1547025536798,
    "duration": 0,
    "pid": 19460,
    "index": 13
  },
  {
    "name": "Require(11) node_modules/.3.0.5@egg-logrotator/config/config.default.js",
    "start": 1547025536798,
    "end": 1547025536798,
    "duration": 0,
    "pid": 19460,
    "index": 14
  },
  {
    "name": "Require(12) node_modules/.2.1.1@egg-static/config/config.default.js",
    "start": 1547025536799,
    "end": 1547025536799,
    "duration": 0,
    "pid": 19460,
    "index": 15
  },
  {
    "name": "Require(13) node_modules/.2.1.1@egg-view/config/config.default.js",
    "start": 1547025536799,
    "end": 1547025536799,
    "duration": 0,
    "pid": 19460,
    "index": 16
  },
  {
    "name": "Require(14) node_modules/.2.14.2@egg/config/config.default.js",
    "start": 1547025536800,
    "end": 1547025536800,
    "duration": 0,
    "pid": 19460,
    "index": 17
  },
  {
    "name": "Require(15) config/config.default.ts",
    "start": 1547025536801,
    "end": 1547025536801,
    "duration": 0,
    "pid": 19460,
    "index": 18
  },
  {
    "name": "Require(16) node_modules/.2.4.2@egg-security/config/config.local.js",
    "start": 1547025536802,
    "end": 1547025536802,
    "duration": 0,
    "pid": 19460,
    "index": 19
  },
  {
    "name": "Require(17) node_modules/.3.1.0@egg-watcher/config/config.local.js",
    "start": 1547025536802,
    "end": 1547025536803,
    "duration": 1,
    "pid": 19460,
    "index": 20
  },
  {
    "name": "Require(18) node_modules/.2.1.1@egg-view/config/config.local.js",
    "start": 1547025536803,
    "end": 1547025536804,
    "duration": 1,
    "pid": 19460,
    "index": 21
  },
  {
    "name": "Require(19) node_modules/.2.14.2@egg/config/config.local.js",
    "start": 1547025536804,
    "end": 1547025536804,
    "duration": 0,
    "pid": 19460,
    "index": 22
  },
  {
    "name": "Require(20) config/config.local.ts",
    "start": 1547025536804,
    "end": 1547025536804,
    "duration": 0,
    "pid": 19460,
    "index": 23
  },
  {
    "name": "Load extend/application.js",
    "start": 1547025536805,
    "end": 1547025536814,
    "duration": 9,
    "pid": 19460,
    "index": 24
  },
  {
    "name": "Require(21) node_modules/.3.1.0@egg-session/app/extend/application.js",
    "start": 1547025536805,
    "end": 1547025536806,
    "duration": 1,
    "pid": 19460,
    "index": 25
  },
  {
    "name": "Require(22) node_modules/.2.4.2@egg-security/app/extend/application.js",
    "start": 1547025536806,
    "end": 1547025536807,
    "duration": 1,
    "pid": 19460,
    "index": 26
  },
  {
    "name": "Require(23) node_modules/.2.0.0@egg-jsonp/app/extend/application.js",
    "start": 1547025536807,
    "end": 1547025536808,
    "duration": 1,
    "pid": 19460,
    "index": 27
  },
  {
    "name": "Require(24) node_modules/.3.0.5@egg-logrotator/app/extend/application.js",
    "start": 1547025536809,
    "end": 1547025536811,
    "duration": 2,
    "pid": 19460,
    "index": 28
  },
  {
    "name": "Require(25) node_modules/.2.1.1@egg-view/app/extend/application.js",
    "start": 1547025536811,
    "end": 1547025536812,
    "duration": 1,
    "pid": 19460,
    "index": 29
  },
  {
    "name": "Load extend/request.js",
    "start": 1547025536814,
    "end": 1547025536818,
    "duration": 4,
    "pid": 19460,
    "index": 30
  },
  {
    "name": "Require(26) node_modules/.2.14.2@egg/app/extend/request.js",
    "start": 1547025536815,
    "end": 1547025536817,
    "duration": 2,
    "pid": 19460,
    "index": 31
  },
  {
    "name": "Load extend/response.js",
    "start": 1547025536818,
    "end": 1547025536823,
    "duration": 5,
    "pid": 19460,
    "index": 32
  },
  {
    "name": "Require(27) node_modules/.2.14.2@egg/app/extend/response.js",
    "start": 1547025536820,
    "end": 1547025536822,
    "duration": 2,
    "pid": 19460,
    "index": 33
  },
  {
    "name": "Load extend/context.js",
    "start": 1547025536823,
    "end": 1547025536880,
    "duration": 57,
    "pid": 19460,
    "index": 34
  },
  {
    "name": "Require(28) node_modules/.2.4.2@egg-security/app/extend/context.js",
    "start": 1547025536823,
    "end": 1547025536834,
    "duration": 11,
    "pid": 19460,
    "index": 35
  },
  {
    "name": "Require(29) node_modules/.2.0.0@egg-jsonp/app/extend/context.js",
    "start": 1547025536834,
    "end": 1547025536835,
    "duration": 1,
    "pid": 19460,
    "index": 36
  },
  {
    "name": "Require(30) node_modules/.2.0.0@egg-i18n/app/extend/context.js",
    "start": 1547025536836,
    "end": 1547025536836,
    "duration": 0,
    "pid": 19460,
    "index": 37
  },
  {
    "name": "Require(31) node_modules/.2.4.0@egg-multipart/app/extend/context.js",
    "start": 1547025536836,
    "end": 1547025536876,
    "duration": 40,
    "pid": 19460,
    "index": 38
  },
  {
    "name": "Require(32) node_modules/.2.1.1@egg-view/app/extend/context.js",
    "start": 1547025536876,
    "end": 1547025536877,
    "duration": 1,
    "pid": 19460,
    "index": 39
  },
  {
    "name": "Require(33) node_modules/.2.14.2@egg/app/extend/context.js",
    "start": 1547025536877,
    "end": 1547025536878,
    "duration": 1,
    "pid": 19460,
    "index": 40
  },
  {
    "name": "Load extend/helper.js",
    "start": 1547025536880,
    "end": 1547025536894,
    "duration": 14,
    "pid": 19460,
    "index": 41
  },
  {
    "name": "Require(34) node_modules/.2.4.2@egg-security/app/extend/helper.js",
    "start": 1547025536881,
    "end": 1547025536891,
    "duration": 10,
    "pid": 19460,
    "index": 42
  },
  {
    "name": "Require(35) node_modules/.2.14.2@egg/app/extend/helper.js",
    "start": 1547025536892,
    "end": 1547025536892,
    "duration": 0,
    "pid": 19460,
    "index": 43
  },
  {
    "name": "Load app.js",
    "start": 1547025536894,
    "end": 1547025536920,
    "duration": 26,
    "pid": 19460,
    "index": 44
  },
  {
    "name": "Require(36) node_modules/.3.1.0@egg-session/app.js",
    "start": 1547025536894,
    "end": 1547025536894,
    "duration": 0,
    "pid": 19460,
    "index": 45
  },
  {
    "name": "Require(37) node_modules/.2.4.2@egg-security/app.js",
    "start": 1547025536895,
    "end": 1547025536897,
    "duration": 2,
    "pid": 19460,
    "index": 46
  },
  {
    "name": "Require(38) node_modules/.2.1.0@egg-onerror/app.js",
    "start": 1547025536898,
    "end": 1547025536905,
    "duration": 7,
    "pid": 19460,
    "index": 47
  },
  {
    "name": "Require(39) node_modules/.2.0.0@egg-i18n/app.js",
    "start": 1547025536906,
    "end": 1547025536910,
    "duration": 4,
    "pid": 19460,
    "index": 48
  },
  {
    "name": "Require(40) node_modules/.3.1.0@egg-watcher/app.js",
    "start": 1547025536910,
    "end": 1547025536914,
    "duration": 4,
    "pid": 19460,
    "index": 49
  },
  {
    "name": "Require(41) node_modules/.3.6.0@egg-schedule/app.js",
    "start": 1547025536914,
    "end": 1547025536915,
    "duration": 1,
    "pid": 19460,
    "index": 50
  },
  {
    "name": "Require(42) node_modules/.2.4.0@egg-multipart/app.js",
    "start": 1547025536916,
    "end": 1547025536918,
    "duration": 2,
    "pid": 19460,
    "index": 51
  },
  {
    "name": "Require(43) node_modules/.2.4.1@egg-development/app.js",
    "start": 1547025536918,
    "end": 1547025536918,
    "duration": 0,
    "pid": 19460,
    "index": 52
  },
  {
    "name": "Require(44) node_modules/.3.0.5@egg-logrotator/app.js",
    "start": 1547025536918,
    "end": 1547025536918,
    "duration": 0,
    "pid": 19460,
    "index": 53
  },
  {
    "name": "Require(45) node_modules/.2.1.1@egg-static/app.js",
    "start": 1547025536919,
    "end": 1547025536919,
    "duration": 0,
    "pid": 19460,
    "index": 54
  },
  {
    "name": "Before Start in node_modules/.3.1.0@egg-watcher/lib/init.js:15:14",
    "start": 1547025536928,
    "end": 1547025538735,
    "duration": 1807,
    "pid": 19460,
    "index": 55
  },
  {
    "name": "Load Service",
    "start": 1547025536961,
    "end": 1547025536964,
    "duration": 3,
    "pid": 19460,
    "index": 56
  },
  {
    "name": "Load \"service\" to Context",
    "start": 1547025536961,
    "end": 1547025536964,
    "duration": 3,
    "pid": 19460,
    "index": 57
  },
  {
    "name": "Load Middleware",
    "start": 1547025536964,
    "end": 1547025537035,
    "duration": 71,
    "pid": 19460,
    "index": 58
  },
  {
    "name": "Load \"middlewares\" to Application",
    "start": 1547025536965,
    "end": 1547025537027,
    "duration": 62,
    "pid": 19460,
    "index": 59
  },
  {
    "name": "Load Controller",
    "start": 1547025537035,
    "end": 1547025538635,
    "duration": 1600,
    "pid": 19460,
    "index": 60
  },
  {
    "name": "Load \"controller\" to Application",
    "start": 1547025537036,
    "end": 1547025538635,
    "duration": 1599,
    "pid": 19460,
    "index": 61
  },
  {
    "name": "Load Router",
    "start": 1547025538635,
    "end": 1547025538642,
    "duration": 7,
    "pid": 19460,
    "index": 62
  },
  {
    "name": "Require(46) app/router.ts",
    "start": 1547025538635,
    "end": 1547025538636,
    "duration": 1,
    "pid": 19460,
    "index": 63
  },
  {
    "name": "Before Start in node_modules/.4.13.0@egg-core/lib/egg.js:287:10",
    "start": 1547025538638,
    "end": 1547025538660,
    "duration": 22,
    "pid": 19460,
    "index": 64
  }
]