[
  {
    "name": "Application Start",
    "start": 1547025675315,
    "end": 1547025677252,
    "duration": 1937,
    "pid": 15444,
    "index": 0
  },
  {
    "name": "Load Plugin",
    "start": 1547025675319,
    "end": 1547025675331,
    "duration": 12,
    "pid": 15444,
    "index": 1
  },
  {
    "name": "Load Config",
    "start": 1547025675331,
    "end": 1547025675343,
    "duration": 12,
    "pid": 15444,
    "index": 2
  },
  {
    "name": "Require(0) config/config.default.ts",
    "start": 1547025675332,
    "end": 1547025675332,
    "duration": 0,
    "pid": 15444,
    "index": 3
  },
  {
    "name": "Require(1) config/config.local.ts",
    "start": 1547025675333,
    "end": 1547025675333,
    "duration": 0,
    "pid": 15444,
    "index": 4
  },
  {
    "name": "Require(2) node_modules/.3.1.0@egg-session/config/config.default.js",
    "start": 1547025675333,
    "end": 1547025675334,
    "duration": 1,
    "pid": 15444,
    "index": 5
  },
  {
    "name": "Require(3) node_modules/.2.4.2@egg-security/config/config.default.js",
    "start": 1547025675334,
    "end": 1547025675334,
    "duration": 0,
    "pid": 15444,
    "index": 6
  },
  {
    "name": "Require(4) node_modules/.2.0.0@egg-jsonp/config/config.default.js",
    "start": 1547025675335,
    "end": 1547025675335,
    "duration": 0,
    "pid": 15444,
    "index": 7
  },
  {
    "name": "Require(5) node_modules/.2.1.0@egg-onerror/config/config.default.js",
    "start": 1547025675335,
    "end": 1547025675335,
    "duration": 0,
    "pid": 15444,
    "index": 8
  },
  {
    "name": "Require(6) node_modules/.2.0.0@egg-i18n/config/config.default.js",
    "start": 1547025675335,
    "end": 1547025675336,
    "duration": 1,
    "pid": 15444,
    "index": 9
  },
  {
    "name": "Require(7) node_modules/.3.1.0@egg-watcher/config/config.default.js",
    "start": 1547025675336,
    "end": 1547025675336,
    "duration": 0,
    "pid": 15444,
    "index": 10
  },
  {
    "name": "Require(8) node_modules/.3.6.0@egg-schedule/config/config.default.js",
    "start": 1547025675336,
    "end": 1547025675337,
    "duration": 1,
    "pid": 15444,
    "index": 11
  },
  {
    "name": "Require(9) node_modules/.2.4.0@egg-multipart/config/config.default.js",
    "start": 1547025675337,
    "end": 1547025675337,
    "duration": 0,
    "pid": 15444,
    "index": 12
  },
  {
    "name": "Require(10) node_modules/.2.4.1@egg-development/config/config.default.js",
    "start": 1547025675337,
    "end": 1547025675338,
    "duration": 1,
    "pid": 15444,
    "index": 13
  },
  {
    "name": "Require(11) node_modules/.3.0.5@egg-logrotator/config/config.default.js",
    "start": 1547025675338,
    "end": 1547025675338,
    "duration": 0,
    "pid": 15444,
    "index": 14
  },
  {
    "name": "Require(12) node_modules/.2.1.1@egg-static/config/config.default.js",
    "start": 1547025675338,
    "end": 1547025675339,
    "duration": 1,
    "pid": 15444,
    "index": 15
  },
  {
    "name": "Require(13) node_modules/.2.1.1@egg-view/config/config.default.js",
    "start": 1547025675339,
    "end": 1547025675339,
    "duration": 0,
    "pid": 15444,
    "index": 16
  },
  {
    "name": "Require(14) node_modules/.2.14.2@egg/config/config.default.js",
    "start": 1547025675339,
    "end": 1547025675340,
    "duration": 1,
    "pid": 15444,
    "index": 17
  },
  {
    "name": "Require(15) config/config.default.ts",
    "start": 1547025675341,
    "end": 1547025675341,
    "duration": 0,
    "pid": 15444,
    "index": 18
  },
  {
    "name": "Require(16) node_modules/.2.4.2@egg-security/config/config.local.js",
    "start": 1547025675341,
    "end": 1547025675341,
    "duration": 0,
    "pid": 15444,
    "index": 19
  },
  {
    "name": "Require(17) node_modules/.3.1.0@egg-watcher/config/config.local.js",
    "start": 1547025675342,
    "end": 1547025675342,
    "duration": 0,
    "pid": 15444,
    "index": 20
  },
  {
    "name": "Require(18) node_modules/.2.1.1@egg-view/config/config.local.js",
    "start": 1547025675343,
    "end": 1547025675343,
    "duration": 0,
    "pid": 15444,
    "index": 21
  },
  {
    "name": "Require(19) node_modules/.2.14.2@egg/config/config.local.js",
    "start": 1547025675343,
    "end": 1547025675343,
    "duration": 0,
    "pid": 15444,
    "index": 22
  },
  {
    "name": "Require(20) config/config.local.ts",
    "start": 1547025675343,
    "end": 1547025675343,
    "duration": 0,
    "pid": 15444,
    "index": 23
  },
  {
    "name": "Load extend/application.js",
    "start": 1547025675344,
    "end": 1547025675354,
    "duration": 10,
    "pid": 15444,
    "index": 24
  },
  {
    "name": "Require(21) node_modules/.3.1.0@egg-session/app/extend/application.js",
    "start": 1547025675344,
    "end": 1547025675345,
    "duration": 1,
    "pid": 15444,
    "index": 25
  },
  {
    "name": "Require(22) node_modules/.2.4.2@egg-security/app/extend/application.js",
    "start": 1547025675345,
    "end": 1547025675345,
    "duration": 0,
    "pid": 15444,
    "index": 26
  },
  {
    "name": "Require(23) node_modules/.2.0.0@egg-jsonp/app/extend/application.js",
    "start": 1547025675346,
    "end": 1547025675348,
    "duration": 2,
    "pid": 15444,
    "index": 27
  },
  {
    "name": "Require(24) node_modules/.3.0.5@egg-logrotator/app/extend/application.js",
    "start": 1547025675349,
    "end": 1547025675350,
    "duration": 1,
    "pid": 15444,
    "index": 28
  },
  {
    "name": "Require(25) node_modules/.2.1.1@egg-view/app/extend/application.js",
    "start": 1547025675351,
    "end": 1547025675352,
    "duration": 1,
    "pid": 15444,
    "index": 29
  },
  {
    "name": "Load extend/request.js",
    "start": 1547025675354,
    "end": 1547025675358,
    "duration": 4,
    "pid": 15444,
    "index": 30
  },
  {
    "name": "Require(26) node_modules/.2.14.2@egg/app/extend/request.js",
    "start": 1547025675355,
    "end": 1547025675356,
    "duration": 1,
    "pid": 15444,
    "index": 31
  },
  {
    "name": "Load extend/response.js",
    "start": 1547025675358,
    "end": 1547025675362,
    "duration": 4,
    "pid": 15444,
    "index": 32
  },
  {
    "name": "Require(27) node_modules/.2.14.2@egg/app/extend/response.js",
    "start": 1547025675359,
    "end": 1547025675361,
    "duration": 2,
    "pid": 15444,
    "index": 33
  },
  {
    "name": "Load extend/context.js",
    "start": 1547025675362,
    "end": 1547025675418,
    "duration": 56,
    "pid": 15444,
    "index": 34
  },
  {
    "name": "Require(28) node_modules/.2.4.2@egg-security/app/extend/context.js",
    "start": 1547025675363,
    "end": 1547025675372,
    "duration": 9,
    "pid": 15444,
    "index": 35
  },
  {
    "name": "Require(29) node_modules/.2.0.0@egg-jsonp/app/extend/context.js",
    "start": 1547025675372,
    "end": 1547025675373,
    "duration": 1,
    "pid": 15444,
    "index": 36
  },
  {
    "name": "Require(30) node_modules/.2.0.0@egg-i18n/app/extend/context.js",
    "start": 1547025675373,
    "end": 1547025675373,
    "duration": 0,
    "pid": 15444,
    "index": 37
  },
  {
    "name": "Require(31) node_modules/.2.4.0@egg-multipart/app/extend/context.js",
    "start": 1547025675374,
    "end": 1547025675412,
    "duration": 38,
    "pid": 15444,
    "index": 38
  },
  {
    "name": "Require(32) node_modules/.2.1.1@egg-view/app/extend/context.js",
    "start": 1547025675413,
    "end": 1547025675414,
    "duration": 1,
    "pid": 15444,
    "index": 39
  },
  {
    "name": "Require(33) node_modules/.2.14.2@egg/app/extend/context.js",
    "start": 1547025675414,
    "end": 1547025675415,
    "duration": 1,
    "pid": 15444,
    "index": 40
  },
  {
    "name": "Load extend/helper.js",
    "start": 1547025675418,
    "end": 1547025675432,
    "duration": 14,
    "pid": 15444,
    "index": 41
  },
  {
    "name": "Require(34) node_modules/.2.4.2@egg-security/app/extend/helper.js",
    "start": 1547025675418,
    "end": 1547025675429,
    "duration": 11,
    "pid": 15444,
    "index": 42
  },
  {
    "name": "Require(35) node_modules/.2.14.2@egg/app/extend/helper.js",
    "start": 1547025675430,
    "end": 1547025675431,
    "duration": 1,
    "pid": 15444,
    "index": 43
  },
  {
    "name": "Load app.js",
    "start": 1547025675432,
    "end": 1547025675457,
    "duration": 25,
    "pid": 15444,
    "index": 44
  },
  {
    "name": "Require(36) node_modules/.3.1.0@egg-session/app.js",
    "start": 1547025675432,
    "end": 1547025675432,
    "duration": 0,
    "pid": 15444,
    "index": 45
  },
  {
    "name": "Require(37) node_modules/.2.4.2@egg-security/app.js",
    "start": 1547025675433,
    "end": 1547025675434,
    "duration": 1,
    "pid": 15444,
    "index": 46
  },
  {
    "name": "Require(38) node_modules/.2.1.0@egg-onerror/app.js",
    "start": 1547025675434,
    "end": 1547025675442,
    "duration": 8,
    "pid": 15444,
    "index": 47
  },
  {
    "name": "Require(39) node_modules/.2.0.0@egg-i18n/app.js",
    "start": 1547025675442,
    "end": 1547025675447,
    "duration": 5,
    "pid": 15444,
    "index": 48
  },
  {
    "name": "Require(40) node_modules/.3.1.0@egg-watcher/app.js",
    "start": 1547025675447,
    "end": 1547025675450,
    "duration": 3,
    "pid": 15444,
    "index": 49
  },
  {
    "name": "Require(41) node_modules/.3.6.0@egg-schedule/app.js",
    "start": 1547025675450,
    "end": 1547025675452,
    "duration": 2,
    "pid": 15444,
    "index": 50
  },
  {
    "name": "Require(42) node_modules/.2.4.0@egg-multipart/app.js",
    "start": 1547025675452,
    "end": 1547025675454,
    "duration": 2,
    "pid": 15444,
    "index": 51
  },
  {
    "name": "Require(43) node_modules/.2.4.1@egg-development/app.js",
    "start": 1547025675454,
    "end": 1547025675455,
    "duration": 1,
    "pid": 15444,
    "index": 52
  },
  {
    "name": "Require(44) node_modules/.3.0.5@egg-logrotator/app.js",
    "start": 1547025675455,
    "end": 1547025675455,
    "duration": 0,
    "pid": 15444,
    "index": 53
  },
  {
    "name": "Require(45) node_modules/.2.1.1@egg-static/app.js",
    "start": 1547025675456,
    "end": 1547025675456,
    "duration": 0,
    "pid": 15444,
    "index": 54
  },
  {
    "name": "Before Start in node_modules/.3.1.0@egg-watcher/lib/init.js:15:14",
    "start": 1547025675465,
    "end": 1547025677252,
    "duration": 1787,
    "pid": 15444,
    "index": 55
  },
  {
    "name": "Load Service",
    "start": 1547025675497,
    "end": 1547025675501,
    "duration": 4,
    "pid": 15444,
    "index": 56
  },
  {
    "name": "Load \"service\" to Context",
    "start": 1547025675497,
    "end": 1547025675501,
    "duration": 4,
    "pid": 15444,
    "index": 57
  },
  {
    "name": "Load Middleware",
    "start": 1547025675501,
    "end": 1547025675590,
    "duration": 89,
    "pid": 15444,
    "index": 58
  },
  {
    "name": "Load \"middlewares\" to Application",
    "start": 1547025675501,
    "end": 1547025675581,
    "duration": 80,
    "pid": 15444,
    "index": 59
  },
  {
    "name": "Load Controller",
    "start": 1547025675590,
    "end": 1547025677182,
    "duration": 1592,
    "pid": 15444,
    "index": 60
  },
  {
    "name": "Load \"controller\" to Application",
    "start": 1547025675590,
    "end": 1547025677182,
    "duration": 1592,
    "pid": 15444,
    "index": 61
  },
  {
    "name": "Load Router",
    "start": 1547025677182,
    "end": 1547025677183,
    "duration": 1,
    "pid": 15444,
    "index": 62
  },
  {
    "name": "Require(46) app/router.ts",
    "start": 1547025677182,
    "end": 1547025677182,
    "duration": 0,
    "pid": 15444,
    "index": 63
  },
  {
    "name": "Before Start in node_modules/.4.13.0@egg-core/lib/egg.js:287:10",
    "start": 1547025677182,
    "end": 1547025677196,
    "duration": 14,
    "pid": 15444,
    "index": 64
  }
]